{"type":"FeatureCollection","features":[{"type":"Feature","properties":{"codigo_unidade":null,"nome":"EDI INFANTE DE SAGRES","tipo":"3","id_cre":null,"cod_territ":null,"logradouro":null,"bairro":null,"cep":null,"fonte_geo":"ausente"},"geometry":null},{"type":"Feature","properties":{"codigo_unidade":null,"nome":"EDI DONA PERCILIANA","tipo":"3","id_cre":null,"cod_territ":null,"logradouro":null,"bairro":null,"cep":null,"fonte_geo":"ausente"},"geometry":null},{"type":"Feature","properties":{"codigo_unidade":null,"nome":"EDI ULISSES VIANA","tipo":"3","id_cre":null,"cod_territ":null,"logradouro":null,"bairro":null,"cep":null,"fonte_geo":"ausente"},"geometry":null},{"type":"Feature","properties":{"codigo_unidade":null,"nome":"EDI ROBERTO MORENA","tipo":"3","id_cre":null,"cod_territ":null,"logradouro":null,"bairro":null,"cep":null,"fonte_geo":"ausente"},"geometry":null},{"type":"Feature","properties":{"codigo_unidade":null,"nome":"PROFESSORA EDITH MARQUES DE SOUZA","tipo":"3","id_cre":null,"cod_territ":null,"logradouro":null,"bairro":null,"cep":null,"fonte_geo":"ausente"},"geometry":null},{"type":"Feature","properties":{"codigo_unidade":null,"nome":"EDI JOÃO XXIII","tipo":"3","id_cre":null,"cod_territ":null,"logradouro":null,"bairro":null,"cep":null,"fonte_geo":"ausente"},"geometry":null},{"type":"Feature","properties":{"codigo_unidade":null,"nome":"CM DO CAMPINHO","tipo":"3","id_cre":null,"cod_territ":null,"logradouro":null,"bairro":null,"cep":null,"fonte_geo":"ausente"},"geometry":null},{"type":"Feature","properties":{"codigo_unidade":null,"nome":"EDI SESI MARE I","tipo":"3","id_cre":null,"cod_territ":null,"logradouro":null,"bairro":null,"cep":null,"fonte_geo":"ausente"},"geometry":null},{"type":"Feature","properties":{"codigo_unidade":null,"nome":"EDI CLOVIS BEVILAQUIA","tipo":"3","id_cre":null,"cod_territ":null,"logradouro":null,"bairro":null,"cep":null,"fonte_geo":"ausente"},"geometry":null},{"type":"Feature","properties":{"codigo_unidade":null,"nome":"EDI CIEP ULYSSES GUIMARAES","tipo":"3","id_cre":null,"cod_territ":null,"logradouro":null,"bairro":null,"cep":null,"fonte_geo":"ausente"},"geometry":null},{"type":"Feature","properties":{"codigo_unidade":null,"nome":"EDI EM GASTAO RANGEL","tipo":"3","id_cre":null,"cod_territ":null,"logradouro":null,"bairro":null,"cep":null,"fonte_geo":"ausente"},"geometry":null},{"type":"Feature","properties":{"codigo_unidade":null,"nome":"EDI JOSÉ MARINHO (CANTINHO FELIZ)","tipo":"3","id_cre":null,"cod_territ":null,"logradouro":null,"bairro":null,"cep":null,"fonte_geo":"ausente"},"geometry":null},{"type":"Feature","properties":{"codigo_unidade":null,"nome":"EDI JARDIM GUADALAJARA II","tipo":"3","id_cre":null,"cod_territ":null,"logradouro":null,"bairro":null,"cep":null,"fonte_geo":"ausente"},"geometry":null},{"type":"Feature","properties":{"codigo_unidade":null,"nome":"EDI CAMPO DO FURAO","tipo":"3","id_cre":null,"cod_territ":null,"logradouro":null,"bairro":null,"cep":null,"fonte_geo":"ausente"},"geometry":null},{"type":"Feature","properties":{"codigo_unidade":null,"nome":"EDI PRAÇA DO CONHECIMENTO","tipo":"3","id_cre":null,"cod_territ":null,"logradouro":null,"bairro":null,"cep":null,"fonte_geo":"ausente"},"geometry":null},{"type":"Feature","properties":{"codigo_unidade":null,"nome":"EDI PRAÇA IVO  GOMES","tipo":"3","id_cre":null,"cod_territ":null,"logradouro":null,"bairro":null,"cep":null,"fonte_geo":"ausente"},"geometry":null},{"type":"Feature","properties":{"codigo_unidade":null,"nome":"EDI DA AVENIDA BRASIL","tipo":"3","id_cre":null,"cod_territ":null,"logradouro":null,"bairro":null,"cep":null,"fonte_geo":"ausente"},"geometry":null},{"type":"Feature","properties":{"codigo_unidade":null,"nome":"EDI NA RUA NARANDIBA","tipo":"3","id_cre":null,"cod_territ":null,"logradouro":null,"bairro":null,"cep":null,"fonte_geo":"ausente"},"geometry":null},{"type":"Feature","properties":{"codigo_unidade":null,"nome":"EDI NA RUA ITAPIRU","tipo":"3","id_cre":null,"cod_territ":null,"logradouro":null,"bairro":null,"cep":null,"fonte_geo":"ausente"},"geometry":null},{"type":"Feature","properties":{"codigo_unidade":null,"nome":"EDI PROFESSORA ANNA MARIA DE JESUS CONCEIÇÃO","tipo":"3","id_cre":null,"cod_territ":null,"logradouro":null,"bairro":null,"cep":null,"fonte_geo":"ausente"},"geometry":null},{"type":"Feature","properties":{"codigo_unidade":null,"nome":"CC CASA SANTA MARTA","tipo":"3","id_cre":null,"cod_territ":null,"logradouro":null,"bairro":null,"cep":null,"fonte_geo":"ausente"},"geometry":null},{"type":"Feature","properties":{"codigo_unidade":"01001","nome":"CC ASSOCIAÇÃO DE EDUCAÇÃO INFANTIL FLORESCER","tipo":"3","id_cre":null,"cod_territ":null,"logradouro":null,"bairro":null,"cep":null,"fonte_geo":"ausente"},"geometry":null},{"type":"Feature","properties":{"codigo_unidade":"01001","nome":"\"CRECHE CONVENIADA INSTITUTO CENTRAL DO POVO  \"","tipo":"3","id_cre":null,"cod_territ":null,"logradouro":null,"bairro":null,"cep":null,"fonte_geo":"ausente"},"geometry":null},{"type":"Feature","properties":{"codigo_unidade":"01002","nome":"CRECHE CONVENIADA CANTINHO FELIZ DE SANTA TERESA","tipo":"3","id_cre":null,"cod_territ":null,"logradouro":null,"bairro":null,"cep":null,"fonte_geo":"ausente"},"geometry":null},{"type":"Feature","properties":{"codigo_unidade":"01002","nome":"CP ASSOCIAÇÃO DE EDUCAÇÃO INFANTIL - FLORESCER","tipo":"4","id_cre":null,"cod_territ":null,"logradouro":null,"bairro":null,"cep":null,"fonte_geo":"ausente"},"geometry":null},{"type":"Feature","properties":{"codigo_unidade":"01003","nome":"CRECHE CONVENIADA ASSOCIAÇÃO DE EDUCAÇÃO INFANTIL FLORESCER","tipo":"3","id_cre":null,"cod_territ":null,"logradouro":null,"bairro":null,"cep":null,"fonte_geo":"ausente"},"geometry":null},{"type":"Feature","properties":{"codigo_unidade":"01004","nome":"CP CRECHE CANTINHO FELIZ DE SANTA TERESA","tipo":"1","id_cre":null,"cod_territ":null,"logradouro":"RUA ALMIRANTE ALEXANDRINO","bairro":"SANTA TERESA","cep":"20241263","fonte_geo":"ausente"},"geometry":null},{"type":"Feature","properties":{"codigo_unidade":"01005","nome":"CP CASA MATERNAL CORAÇÃO DE MÃE","tipo":"1","id_cre":null,"cod_territ":null,"logradouro":"RUA DA CONCEIÇÃO","bairro":"RIO COMPRIDO","cep":"20261004","fonte_geo":"ausente"},"geometry":null},{"type":"Feature","properties":{"codigo_unidade":"01005","nome":"CC CASA SANTA MARTA","tipo":"3","id_cre":null,"cod_territ":null,"logradouro":null,"bairro":null,"cep":null,"fonte_geo":"ausente"},"geometry":null},{"type":"Feature","properties":{"codigo_unidade":"01006","nome":"CP CRECHE DO TUIUTI","tipo":"1","id_cre":null,"cod_territ":null,"logradouro":"\" RUA SÃO LUIZ GONZAGA\"","bairro":"SÃO CRISTÓVÃO","cep":"20910062","fonte_geo":"ausente"},"geometry":null},{"type":"Feature","properties":{"codigo_unidade":"01007","nome":"CP EDUCANDÁRIO NOSSA SENHORA DE NAZARÉ","tipo":"1","id_cre":null,"cod_territ":null,"logradouro":"RUA DOUTOR AGRA","bairro":"CATUMBI","cep":"20251080","fonte_geo":"ausente"},"geometry":null},{"type":"Feature","properties":{"codigo_unidade":"01008","nome":"CP CRECHE COMUNITÁRIA PREVENTÓRIO RAINHA DONA AMÉLIA","tipo":"4","id_cre":null,"cod_territ":null,"logradouro":null,"bairro":null,"cep":null,"fonte_geo":"ausente"},"geometry":null},{"type":"Feature","properties":{"codigo_unidade":"01009","nome":"CP CRECHE COMUNITÁRIA ANITA WAY","tipo":"1","id_cre":null,"cod_territ":null,"logradouro":"\" RUA DA AMERICA\"","bairro":"SANTO CRISTO","cep":"20220590","fonte_geo":"ausente"},"geometry":null},{"type":"Feature","properties":{"codigo_unidade":"01010","nome":"CP CENTRO CULTURAL MONTESSORI - SÃO CRISTÓVÃO","tipo":"1","id_cre":null,"cod_territ":null,"logradouro":"RUA SÃO LUIZ GONZAGA","bairro":"SÃO CRISTÓVÃO","cep":"20910064","fonte_geo":"ausente"},"geometry":null},{"type":"Feature","properties":{"codigo_unidade":"0101001","nome":"ESCOLA MUNICIPAL VICENTE LICÍNIO CARDOSO","tipo":"3","id_cre":1,"cod_territ":"1.6","logradouro":null,"bairro":null,"cep":null,"fonte_geo":"unidades_unificadas"},"geometry":{"type":"Point","coordinates":[-43.183707,-22.896988]}},{"type":"Feature","properties":{"codigo_unidade":"0101001","nome":"EM VICENTE LICINIO CARDOSO","tipo":"1","id_cre":1,"cod_territ":"1.6","logradouro":"RUA EDGARD GORDILHO","bairro":"SAÚDE","cep":"20081070","fonte_geo":"unidades_unificadas"},"geometry":{"type":"Point","coordinates":[-43.183707,-22.896988]}},{"type":"Feature","properties":{"codigo_unidade":"0101003","nome":"EM DARCY VARGAS","tipo":"1","id_cre":1,"cod_territ":"1.6","logradouro":"RUA SOUSA E SILVA","bairro":"GAMBOA","cep":"20220560","fonte_geo":"unidades_unificadas"},"geometry":{"type":"Point","coordinates":[-43.189281,-22.89574]}},{"type":"Feature","properties":{"codigo_unidade":"0101004","nome":"EM BENJAMIM CONSTANT","tipo":"1","id_cre":1,"cod_territ":"1.5","logradouro":"PRAÇA MARECHAL HERMES","bairro":"SANTO CRISTO","cep":"20220430","fonte_geo":"unidades_unificadas"},"geometry":{"type":"Point","coordinates":[-43.205479,-22.89997]}},{"type":"Feature","properties":{"codigo_unidade":"0101005","nome":"EM GENERAL MITRE","tipo":"1","id_cre":1,"cod_territ":"1.5","logradouro":"RUA FARNESE","bairro":"SANTO CRISTO","cep":"20220640","fonte_geo":"unidades_unificadas"},"geometry":{"type":"Point","coordinates":[-43.203153,-22.905089]}},{"type":"Feature","properties":{"codigo_unidade":"0101006","nome":"EM FRANCISCO BENJAMIN GALLOTTI","tipo":"1","id_cre":1,"cod_territ":"1.5","logradouro":"\"RUA DA AMÉRICA \"","bairro":"SANTO CRISTO","cep":"20220590","fonte_geo":"unidades_unificadas"},"geometry":{"type":"Point","coordinates":[-43.199838,-22.901353]}},{"type":"Feature","properties":{"codigo_unidade":"0101007","nome":"EM MARECHAL MASCARENHAS DE MORAES","tipo":"1","id_cre":1,"cod_territ":"1.1","logradouro":"RUA CARLOS SEIDL","bairro":"CAJU","cep":"20931000","fonte_geo":"unidades_unificadas"},"geometry":{"type":"Point","coordinates":[-43.216421,-22.877193]}},{"type":"Feature","properties":{"codigo_unidade":"0101008","nome":"EM MARECHAL ESPERIDIÃO ROSAS","tipo":"1","id_cre":1,"cod_territ":"1.1","logradouro":"RUA DUQUE DE CAXIAS","bairro":"CAJU","cep":"20931590","fonte_geo":"unidades_unificadas"},"geometry":{"type":"Point","coordinates":[-43.21823,-22.880015]}},{"type":"Feature","properties":{"codigo_unidade":"0101009","nome":"EM PROFESSOR WALTER CARLOS DE MAGALHÃES FRAENKEL","tipo":"1","id_cre":1,"cod_territ":"1.1","logradouro":"RUA CARLOS SEIDL","bairro":"CAJU","cep":"20931001","fonte_geo":"unidades_unificadas"},"geometry":{"type":"Point","coordinates":[-43.22406,-22.878422]}},{"type":"Feature","properties":{"codigo_unidade":"0101011","nome":"EM FELIX MIELLI VENERANDO","tipo":"1","id_cre":1,"cod_territ":"1.1","logradouro":"RUA CARLOS SEIXAS","bairro":"CAJU","cep":"20931007","fonte_geo":"unidades_unificadas"},"geometry":{"type":"Point","coordinates":[-43.227143,-22.880115]}},{"type":"Feature","properties":{"codigo_unidade":"0101012","nome":"EM PROFESSORA LAURA SYLVIA MENDES PEREIRA","tipo":"1","id_cre":1,"cod_territ":"1.1","logradouro":"RUA GENERAL SAMPAIO","bairro":"CAJU","cep":"20931001","fonte_geo":"unidades_unificadas"},"geometry":{"type":"Point","coordinates":[-43.21625,-22.8783]}},{"type":"Feature","properties":{"codigo_unidade":"01011","nome":"CP CREMED","tipo":"1","id_cre":null,"cod_territ":null,"logradouro":"Avenida Paulo de Frontin","bairro":"Praça da Bandeira","cep":"20206010","fonte_geo":"ausente"},"geometry":null},{"type":"Feature","properties":{"codigo_unidade":"01012","nome":"CP CRECHE SALUS POZZI","tipo":"1","id_cre":null,"cod_territ":null,"logradouro":null,"bairro":null,"cep":null,"fonte_geo":"ausente"},"geometry":null},{"type":"Feature","properties":{"codigo_unidade":"01013","nome":"CP CENTRO EDUCACIONAL CLAUDILENO","tipo":"1","id_cre":null,"cod_territ":null,"logradouro":null,"bairro":null,"cep":null,"fonte_geo":"ausente"},"geometry":null},{"type":"Feature","properties":{"codigo_unidade":"0101501","nome":"CIEP HENFIL","tipo":"1","id_cre":1,"cod_territ":"1.1","logradouro":"RUA CARLOS SEIDL","bairro":"CAJU","cep":"20931001","fonte_geo":"unidades_unificadas"},"geometry":{"type":"Point","coordinates":[-43.225326,-22.880888]}},{"type":"Feature","properties":{"codigo_unidade":"0101601","nome":"CM LADEIRA DOS FUNCIONÁRIOS","tipo":"1","id_cre":1,"cod_territ":"1.1","logradouro":"RUA CARLOS SEIDL","bairro":"CAJU","cep":"20931004","fonte_geo":"unidades_unificadas"},"geometry":{"type":"Point","coordinates":[-43.224306,-22.879151]}},{"type":"Feature","properties":{"codigo_unidade":"0101602","nome":"CM VIRGÍNIA LEMOS","tipo":"1","id_cre":1,"cod_territ":"1.1","logradouro":"RUA PARAÍSO","bairro":"SÃO CRISTÓVÃO","cep":"20920460","fonte_geo":"unidades_unificadas"},"geometry":{"type":"Point","coordinates":[-43.233212,-22.886423]}},{"type":"Feature","properties":{"codigo_unidade":"0101603","nome":"CM SENNINHA","tipo":"1","id_cre":1,"cod_territ":"1.1","logradouro":"\" RUA CARLOS SEIDL, PARQUE BOA ESPERANÇA\"","bairro":"CAJU","cep":"20931002","fonte_geo":"unidades_unificadas"},"geometry":{"type":"Point","coordinates":[-43.228696,-22.882989]}},{"type":"Feature","properties":{"codigo_unidade":"0101604","nome":"CM SEMPRE VIDA P. CONQUISTA","tipo":"1","id_cre":1,"cod_territ":"1.1","logradouro":"RUA CARLOS SEIDL","bairro":"CAJU","cep":"20931001","fonte_geo":"unidades_unificadas"},"geometry":{"type":"Point","coordinates":[-43.226418,-22.877834]}},{"type":"Feature","properties":{"codigo_unidade":"0101605","nome":"CM CLEMENTE FERREIRA","tipo":"1","id_cre":1,"cod_territ":"1.1","logradouro":"\"RUA CARLOS SEIDL \"","bairro":"CAJU","cep":"20931002","fonte_geo":"unidades_unificadas"},"geometry":{"type":"Point","coordinates":[-43.222735,-22.876014]}},{"type":"Feature","properties":{"codigo_unidade":"0101606","nome":"CM QUINTA DO CAJU","tipo":"1","id_cre":1,"cod_territ":"1.1","logradouro":"RUA CIRCULAR DA QUINTA DO CAJU","bairro":"CAJU","cep":"20931060","fonte_geo":"unidades_unificadas"},"geometry":{"type":"Point","coordinates":[-43.211624,-22.875318]}},{"type":"Feature","properties":{"codigo_unidade":"0101607","nome":"CM TIA DORA","tipo":"1","id_cre":1,"cod_territ":"1.6","logradouro":"\" RUA BARÃO DA GAMBOA\"","bairro":"SANTO CRISTO","cep":"20220690","fonte_geo":"unidades_unificadas"},"geometry":{"type":"Point","coordinates":[-43.197524,-22.898108]}},{"type":"Feature","properties":{"codigo_unidade":"0101801","nome":"EDI PARQUE DA ALEGRIA","tipo":"1","id_cre":1,"cod_territ":"1.1","logradouro":"\"RUA PARAÍSO \"","bairro":"SÃO CRISTÓVÃO","cep":"20931000","fonte_geo":"unidades_unificadas"},"geometry":{"type":"Point","coordinates":[-43.23098,-22.884494]}},{"type":"Feature","properties":{"codigo_unidade":"0101802","nome":"EDI MACHADO DE ASSIS","tipo":"1","id_cre":1,"cod_territ":"1.5","logradouro":"\"RUA DA  AMÉRICA \"","bairro":"SANTO CRISTO","cep":"20220590","fonte_geo":"unidades_unificadas"},"geometry":{"type":"Point","coordinates":[-43.200648,-22.902003]}},{"type":"Feature","properties":{"codigo_unidade":"0101803","nome":"EDI ANTÔNIO RAPOSO TAVARES","tipo":"1","id_cre":1,"cod_territ":"1.6","logradouro":"RUA DO PROPÓSITO","bairro":"GAMBOA","cep":"20220530","fonte_geo":"unidades_unificadas"},"geometry":{"type":"Point","coordinates":[-43.19424,-22.895647]}},{"type":"Feature","properties":{"codigo_unidade":"0102001","nome":"EM CELESTINO DA SILVA","tipo":"1","id_cre":1,"cod_territ":"1.7","logradouro":"RUA DO LAVRADIO","bairro":"CENTRO","cep":"20230070","fonte_geo":"unidades_unificadas"},"geometry":{"type":"Point","coordinates":[-43.183579,-22.909293]}},{"type":"Feature","properties":{"codigo_unidade":"0102002","nome":"EM TIRADENTES","tipo":"1","id_cre":1,"cod_territ":"1.7","logradouro":"RUA VISCONDE DE RIO BRANCO","bairro":"CENTRO","cep":"20060080","fonte_geo":"unidades_unificadas"},"geometry":{"type":"Point","coordinates":[-43.1853,-22.907922]}},{"type":"Feature","properties":{"codigo_unidade":"0102004","nome":"EM RIVADAVIA CORRÊA","tipo":"1","id_cre":1,"cod_territ":"1.6","logradouro":"AVENIDA PRESIDENTE VARGAS","bairro":"CIDADE NOVA","cep":"20210031","fonte_geo":"unidades_unificadas"},"geometry":{"type":"Point","coordinates":[-43.188051,-22.90377]}},{"type":"Feature","properties":{"codigo_unidade":"0102004","nome":"ESCOLA MUNICIPAL RIVADÁVIA CORRÊA","tipo":"3","id_cre":1,"cod_territ":"1.6","logradouro":null,"bairro":null,"cep":null,"fonte_geo":"unidades_unificadas"},"geometry":{"type":"Point","coordinates":[-43.188051,-22.90377]}},{"type":"Feature","properties":{"codigo_unidade":"0102005","nome":"EM CALOUSTE GULBENKIAN","tipo":"1","id_cre":1,"cod_territ":"1.7","logradouro":"RUA PROFESSOR CLEMENTINO FRAGA","bairro":"CENTRO","cep":"20230250","fonte_geo":"unidades_unificadas"},"geometry":{"type":"Point","coordinates":[-43.196174,-22.909387]}},{"type":"Feature","properties":{"codigo_unidade":"0102006","nome":"EM GUATEMALA","tipo":"1","id_cre":1,"cod_territ":"1.7","logradouro":"PRAÇA PRESIDENTE AGUIRRE CERDA","bairro":"CENTRO","cep":"20240200","fonte_geo":"unidades_unificadas"},"geometry":{"type":"Point","coordinates":[-43.188367,-22.918178]}},{"type":"Feature","properties":{"codigo_unidade":"0102007","nome":"EM ORLANDO VILLAS BOAS","tipo":"1","id_cre":1,"cod_territ":"1.7","logradouro":"RUA ANDRÉ CAVALCANTI","bairro":"CENTRO","cep":"20231050","fonte_geo":"unidades_unificadas"},"geometry":{"type":"Point","coordinates":[-43.185991,-22.916709]}},{"type":"Feature","properties":{"codigo_unidade":"0102063","nome":"CM DOUTOR PAULO NIEMEYER","tipo":"4","id_cre":null,"cod_territ":null,"logradouro":null,"bairro":null,"cep":null,"fonte_geo":"ausente"},"geometry":null},{"type":"Feature","properties":{"codigo_unidade":"0102201","nome":"CEM AV. DOS DESFILES","tipo":"4","id_cre":null,"cod_territ":null,"logradouro":null,"bairro":null,"cep":null,"fonte_geo":"ausente"},"geometry":null},{"type":"Feature","properties":{"codigo_unidade":"0102205","nome":"CEM AV. DOS DESFILES - C. DE ARTE","tipo":"4","id_cre":null,"cod_territ":null,"logradouro":null,"bairro":null,"cep":null,"fonte_geo":"ausente"},"geometry":null},{"type":"Feature","properties":{"codigo_unidade":"0102501","nome":"EM TIA CIATA","tipo":"1","id_cre":1,"cod_territ":"1.7","logradouro":"AVENIDA PRESIDENTE VARGAS","bairro":"CENTRO","cep":"20071003","fonte_geo":"unidades_unificadas"},"geometry":{"type":"Point","coordinates":[-43.195068,-22.907123]}},{"type":"Feature","properties":{"codigo_unidade":"0102502","nome":"CIEP AVENIDA DOS DESFILES I","tipo":"1","id_cre":1,"cod_territ":"1.9","logradouro":"AVENIDA SALVADOR DE SÁ","bairro":"CIDADE NOVA","cep":"20211260","fonte_geo":"unidades_unificadas"},"geometry":{"type":"Point","coordinates":[-43.196508,-22.911213]}},{"type":"Feature","properties":{"codigo_unidade":"0102503","nome":"CIEP AVENIDA DOS DESFILES II","tipo":"1","id_cre":1,"cod_territ":"1.9","logradouro":"AVENIDA SALVADOR DE SÁ","bairro":"CIDADE NOVA","cep":"20211260","fonte_geo":"unidades_unificadas"},"geometry":{"type":"Point","coordinates":[-43.196193,-22.912194]}},{"type":"Feature","properties":{"codigo_unidade":"0102504","nome":"CIEP AVENIDA DOS DESFILES","tipo":"1","id_cre":1,"cod_territ":"1.9","logradouro":"AVENIDA SALVADOR DE SÁ","bairro":"CIDADE NOVA","cep":"20211260","fonte_geo":"unidades_unificadas"},"geometry":{"type":"Point","coordinates":[-43.196926,-22.909692]}},{"type":"Feature","properties":{"codigo_unidade":"0102505","nome":"CIEP JOSÉ PEDRO VARELA","tipo":"1","id_cre":1,"cod_territ":"1.7","logradouro":"RUA DO LAVRADIO","bairro":"CENTRO","cep":"20230070","fonte_geo":"unidades_unificadas"},"geometry":{"type":"Point","coordinates":[-43.182111,-22.911181]}},{"type":"Feature","properties":{"codigo_unidade":"0102601","nome":"CM SEMPRE VIDA SANTO ANTÔNIO DE PÁDUA","tipo":"1","id_cre":1,"cod_territ":"1.9","logradouro":"\" RUA LAURINDO RABELO                                                                                 \"","bairro":"ESTÁCIO","cep":"20250150","fonte_geo":"unidades_unificadas"},"geometry":{"type":"Point","coordinates":[-43.202959,-22.918978]}},{"type":"Feature","properties":{"codigo_unidade":"0102602","nome":"CM ANA MARIA DA CRUZ SILVA","tipo":"1","id_cre":1,"cod_territ":"1.9","logradouro":"AVENIDA SALVADOR DE SÁ","bairro":"CIDADE NOVA","cep":"20211260","fonte_geo":"unidades_unificadas"},"geometry":{"type":"Point","coordinates":[-43.196778,-22.912295]}},{"type":"Feature","properties":{"codigo_unidade":"0102604","nome":"CM ARCO-ÍRIS","tipo":"1","id_cre":1,"cod_territ":"1.7","logradouro":"RUA DO LAVRADIO","bairro":"CENTRO","cep":"20230070","fonte_geo":"unidades_unificadas"},"geometry":{"type":"Point","coordinates":[-43.181706,-22.910794]}},{"type":"Feature","properties":{"codigo_unidade":"0102605","nome":"CM ALDEIA DOS CURUMINS","tipo":"1","id_cre":1,"cod_territ":"1.7","logradouro":"\"RUA ANDRÉ CAVALCANTI \"","bairro":"CENTRO","cep":"20231050","fonte_geo":"unidades_unificadas"},"geometry":{"type":"Point","coordinates":[-43.185946,-22.916844]}},{"type":"Feature","properties":{"codigo_unidade":"0102606","nome":"CM GEORGE SAVALLA GOMES - PALHAÇO CAREQUINHA","tipo":"1","id_cre":1,"cod_territ":"1.7","logradouro":"RUA GUSTAVO BARROSO","bairro":"CENTRO","cep":"20230220","fonte_geo":"unidades_unificadas"},"geometry":{"type":"Point","coordinates":[-43.193638,-22.906898]}},{"type":"Feature","properties":{"codigo_unidade":"0102802","nome":"EDI CAMPOS SALLES","tipo":"1","id_cre":1,"cod_territ":"1.7","logradouro":"PRAÇA DA REPÚBLICA","bairro":"CENTRO","cep":"20211350","fonte_geo":"unidades_unificadas"},"geometry":{"type":"Point","coordinates":[-43.186536,-22.908079]}},{"type":"Feature","properties":{"codigo_unidade":"0102803","nome":"EDI RACHEL DE QUEIROZ","tipo":"1","id_cre":1,"cod_territ":"1.7","logradouro":"AVENIDA PRESIDENTE VARGAS","bairro":"CIDADE NOVA","cep":"20210030","fonte_geo":"unidades_unificadas"},"geometry":{"type":"Point","coordinates":[-43.194719,-22.907017]}},{"type":"Feature","properties":{"codigo_unidade":"0103001","nome":"EM ESTADOS UNIDOS","tipo":"1","id_cre":1,"cod_territ":"1.8","logradouro":"RUA ITAPIRU","bairro":"CATUMBI","cep":"20251031","fonte_geo":"unidades_unificadas"},"geometry":{"type":"Point","coordinates":[-43.19604,-22.921679]}},{"type":"Feature","properties":{"codigo_unidade":"0103003","nome":"EM MEM DE SÁ","tipo":"1","id_cre":1,"cod_territ":"1.10","logradouro":"RUA CAMPOS DA PAZ","bairro":"RIO COMPRIDO","cep":"20250460","fonte_geo":"unidades_unificadas"},"geometry":{"type":"Point","coordinates":[-43.204378,-22.924102]}},{"type":"Feature","properties":{"codigo_unidade":"0103004","nome":"EM PEREIRA PASSOS","tipo":"1","id_cre":1,"cod_territ":"1.10","logradouro":"PRAÇA CONDESSA PAULO DE FRONTIN","bairro":"RIO COMPRIDO","cep":"20261190","fonte_geo":"unidades_unificadas"},"geometry":{"type":"Point","coordinates":[-43.208579,-22.924412]}},{"type":"Feature","properties":{"codigo_unidade":"0103005","nome":"EM MARIO CLAUDIO","tipo":"1","id_cre":1,"cod_territ":"1.10","logradouro":"Rua Haddock Lobo","bairro":"\"Rio Comprido \"","cep":"20260130","fonte_geo":"unidades_unificadas"},"geometry":{"type":"Point","coordinates":[-43.211044,-22.917233]}},{"type":"Feature","properties":{"codigo_unidade":"0103006","nome":"EM JENNY GOMES","tipo":"1","id_cre":1,"cod_territ":"1.10","logradouro":"AVENIDA PAULO DE FRONTIN","bairro":"PRAÇA DA BANDEIRA","cep":"20261242","fonte_geo":"unidades_unificadas"},"geometry":{"type":"Point","coordinates":[-43.210226,-22.923037]}},{"type":"Feature","properties":{"codigo_unidade":"0103501","nome":"EM DO CATUMBI","tipo":"1","id_cre":1,"cod_territ":"1.9","logradouro":"RUA DOM PEDRO MASCARENHAS","bairro":"CATUMBI","cep":"20251970","fonte_geo":"unidades_unificadas"},"geometry":{"type":"Point","coordinates":[-43.194714,-22.915928]}},{"type":"Feature","properties":{"codigo_unidade":"0103502","nome":"EM CANADÁ","tipo":"1","id_cre":1,"cod_territ":"1.9","logradouro":"RUA SÃO CARLOS","bairro":"ESTÁCIO","cep":"20250050","fonte_geo":"unidades_unificadas"},"geometry":{"type":"Point","coordinates":[-43.204315,-22.915478]}},{"type":"Feature","properties":{"codigo_unidade":"0103601","nome":"CM ESPAÇO LIVRE DA CRIANÇA","tipo":"1","id_cre":1,"cod_territ":"1.9","logradouro":"\" RUA LAURINDO RABELO                                                                                 \"","bairro":"ESTÁCIO","cep":"20250150","fonte_geo":"unidades_unificadas"},"geometry":{"type":"Point","coordinates":[-43.203354,-22.916117]}},{"type":"Feature","properties":{"codigo_unidade":"0103602","nome":"CM DIREITOS HUMANOS","tipo":"1","id_cre":1,"cod_territ":"1.11","logradouro":"\"RUA BARÃO DE PETRÓPOLIS \"","bairro":"RIO COMPRIDO","cep":"20251062","fonte_geo":"unidades_unificadas"},"geometry":{"type":"Point","coordinates":[-43.201233,-22.931337]}},{"type":"Feature","properties":{"codigo_unidade":"0103603","nome":"CM SANTA TERESA","tipo":"4","id_cre":null,"cod_territ":null,"logradouro":null,"bairro":null,"cep":null,"fonte_geo":"ausente"},"geometry":null},{"type":"Feature","properties":{"codigo_unidade":"0103604","nome":"CM SONHO INFANTIL","tipo":"1","id_cre":1,"cod_territ":"1.10","logradouro":"RUA INFANTE DE SAGRES","bairro":"RIO COMPRIDO","cep":"20261160","fonte_geo":"unidades_unificadas"},"geometry":{"type":"Point","coordinates":[-43.214382,-22.927155]}},{"type":"Feature","properties":{"codigo_unidade":"0103605","nome":"CM BRINCADEIRAS DE CRIANÇA","tipo":"1","id_cre":1,"cod_territ":"1.8","logradouro":"\" RUA VAN ERVEN\"","bairro":"CATUMBI","cep":"20211320","fonte_geo":"unidades_unificadas"},"geometry":{"type":"Point","coordinates":[-43.19801,-22.918929]}},{"type":"Feature","properties":{"codigo_unidade":"0103606","nome":"CM CAMPOS DA PAZ","tipo":"1","id_cre":1,"cod_territ":"1.10","logradouro":"RUA AZEVEDO LIMA","bairro":"RIO COMPRIDO","cep":"20250500","fonte_geo":"unidades_unificadas"},"geometry":{"type":"Point","coordinates":[-43.204005,-22.922461]}},{"type":"Feature","properties":{"codigo_unidade":"0103607","nome":"CM ESTÁCIO DE SÁ","tipo":"1","id_cre":1,"cod_territ":"1.9","logradouro":"RUA ESTÁCIO DE SÁ","bairro":"ESTÁCIO","cep":"20211270","fonte_geo":"unidades_unificadas"},"geometry":{"type":"Point","coordinates":[-43.203886,-22.913974]}},{"type":"Feature","properties":{"codigo_unidade":"0103801","nome":"EDI PROFESSORA SIMONE SOUSA PIMENTEL","tipo":"1","id_cre":1,"cod_territ":"1.10","logradouro":"RUA INFANTE DE SAGRES","bairro":"RIO COMPRIDO","cep":"20261160","fonte_geo":"unidades_unificadas"},"geometry":{"type":"Point","coordinates":[-43.213252,-22.927634]}},{"type":"Feature","properties":{"codigo_unidade":"0103802","nome":"EDI LILY MARINHO","tipo":"1","id_cre":1,"cod_territ":"1.8","logradouro":"RUA GONÇALVES","bairro":"SANTA TERESA","cep":"20251350","fonte_geo":"unidades_unificadas"},"geometry":{"type":"Point","coordinates":[-43.193367,-22.919001]}},{"type":"Feature","properties":{"codigo_unidade":"0103804","nome":"EDI ZÉLIA GATTAI AMADO","tipo":"1","id_cre":1,"cod_territ":"1.11","logradouro":"RUA CATURAMA","bairro":"RIO COMPRIDO","cep":"20251070","fonte_geo":"unidades_unificadas"},"geometry":{"type":"Point","coordinates":[-43.200934,-22.926867]}},{"type":"Feature","properties":{"codigo_unidade":"0103805","nome":"EDI BEATRIZ VICÊNCIA BANDEIRA RYFF","tipo":"1","id_cre":1,"cod_territ":"1.9","logradouro":"RUA SANTOS RODRIGUES","bairro":"ESTÁCIO","cep":"20250430","fonte_geo":"unidades_unificadas"},"geometry":{"type":"Point","coordinates":[-43.205131,-22.919861]}},{"type":"Feature","properties":{"codigo_unidade":"0103806","nome":"EDI FUNDAÇÃO LEÃO XIII","tipo":"1","id_cre":1,"cod_territ":"1.9","logradouro":"\" RUA LAURINDO RABELO                                                                                 \"","bairro":"ESTÁCIO","cep":"20250150","fonte_geo":"unidades_unificadas"},"geometry":{"type":"Point","coordinates":[-43.203214,-22.919603]}},{"type":"Feature","properties":{"codigo_unidade":"0103807","nome":"EDI MARIA LUIZA NOBRE - TIA LUIZINHA","tipo":"1","id_cre":1,"cod_territ":"1.8","logradouro":"\" RUA ITAPIRU \"","bairro":"CATUMBI","cep":"20251030","fonte_geo":"unidades_unificadas"},"geometry":{"type":"Point","coordinates":[-43.196215,-22.921988]}},{"type":"Feature","properties":{"codigo_unidade":"0107001","nome":"EM GONÇALVES DIAS","tipo":"1","id_cre":1,"cod_territ":"1.4","logradouro":"CAMPO SÃO CRISTÓVÃO","bairro":"SÃO CRISTÓVÃO","cep":"20921440","fonte_geo":"unidades_unificadas"},"geometry":{"type":"Point","coordinates":[-43.220233,-22.899213]}},{"type":"Feature","properties":{"codigo_unidade":"0107002","nome":"EM NILO PEÇANHA","tipo":"1","id_cre":1,"cod_territ":"1.4","logradouro":"AVENIDA PEDRO II","bairro":"SÃO CRISTÓVÃO","cep":"20941070","fonte_geo":"unidades_unificadas"},"geometry":{"type":"Point","coordinates":[-43.219667,-22.904408]}},{"type":"Feature","properties":{"codigo_unidade":"0107003","nome":"EM PORTUGAL","tipo":"1","id_cre":1,"cod_territ":"1.4","logradouro":"AVENIDA DO EXÉRCITO","bairro":"SÃO CRISTÓVÃO","cep":"20910025","fonte_geo":"unidades_unificadas"},"geometry":{"type":"Point","coordinates":[-43.225148,-22.902593]}},{"type":"Feature","properties":{"codigo_unidade":"0107004","nome":"EM FLORIANO PEIXOTO","tipo":"1","id_cre":1,"cod_territ":"1.4","logradouro":"PRAÇA ARGENTINA","bairro":"SÃO CRISTÓVÃO","cep":"20920050","fonte_geo":"unidades_unificadas"},"geometry":{"type":"Point","coordinates":[-43.227456,-22.897629]}},{"type":"Feature","properties":{"codigo_unidade":"0107005","nome":"EM JOÃO DE CAMARGO","tipo":"1","id_cre":1,"cod_territ":"1.4","logradouro":"RUA RICARDO MACHADO","bairro":"SÃO CRISTÓVÃO","cep":"20921270","fonte_geo":"unidades_unificadas"},"geometry":{"type":"Point","coordinates":[-43.23009,-22.890273]}},{"type":"Feature","properties":{"codigo_unidade":"0107006","nome":"EM MARECHAL TROMPOWSKY","tipo":"1","id_cre":1,"cod_territ":"1.4","logradouro":"AVENIDA BARTOLOMEU DE GUSMÃO","bairro":"SÃO CRISTÓVÃO","cep":"20941160","fonte_geo":"unidades_unificadas"},"geometry":{"type":"Point","coordinates":[-43.231483,-22.907952]}},{"type":"Feature","properties":{"codigo_unidade":"0107007","nome":"EM HUMBERTO DE CAMPOS","tipo":"1","id_cre":1,"cod_territ":"1.3","logradouro":"TRAVESSA SAIÃO LOBATO","bairro":"MANGUEIRA","cep":"20943135","fonte_geo":"unidades_unificadas"},"geometry":{"type":"Point","coordinates":[-43.238805,-22.904333]}},{"type":"Feature","properties":{"codigo_unidade":"0107008","nome":"EM JOSÉ MOREIRA DA SILVA","tipo":"1","id_cre":1,"cod_territ":"1.3","logradouro":"\"RUA DO EUCALIPTO \"","bairro":"MANGUEIRA","cep":"20911054","fonte_geo":"unidades_unificadas"},"geometry":{"type":"Point","coordinates":[-43.235303,-22.903483]}},{"type":"Feature","properties":{"codigo_unidade":"0107009","nome":"EM URUGUAI","tipo":"1","id_cre":1,"cod_territ":"1.2","logradouro":"RUA ANA NERI","bairro":"BENFICA","cep":"20911442","fonte_geo":"unidades_unificadas"},"geometry":{"type":"Point","coordinates":[-43.237756,-22.898488]}},{"type":"Feature","properties":{"codigo_unidade":"0107011","nome":"EM CARDEAL LEME","tipo":"1","id_cre":1,"cod_territ":"1.2","logradouro":"RUA ÉBANO","bairro":"BENFICA","cep":"20930060","fonte_geo":"unidades_unificadas"},"geometry":{"type":"Point","coordinates":[-43.235739,-22.889215]}},{"type":"Feature","properties":{"codigo_unidade":"0107012","nome":"EM GONZAGA DA GAMA FILHO","tipo":"1","id_cre":1,"cod_territ":"1.2","logradouro":"RUA GENERAL GUSTAVO CORDEIRO DE FARIAS","bairro":"BENFICA","cep":"20910220","fonte_geo":"unidades_unificadas"},"geometry":{"type":"Point","coordinates":[-43.23774,-22.897678]}},{"type":"Feature","properties":{"codigo_unidade":"0107013","nome":"EM ALICE DO AMARAL PEIXOTO","tipo":"1","id_cre":1,"cod_territ":"1.2","logradouro":"RUA ÉBANO","bairro":"BENFICA","cep":"20930060","fonte_geo":"unidades_unificadas"},"geometry":{"type":"Point","coordinates":[-43.236202,-22.889574]}},{"type":"Feature","properties":{"codigo_unidade":"0107016","nome":"EM JOSUE DE SOUSA MONTELLO","tipo":"1","id_cre":1,"cod_territ":"1.4","logradouro":"CAMPO SÃO CRISTÓVÃO","bairro":"SÃO CRISTÓVÃO","cep":"20921440","fonte_geo":"unidades_unificadas"},"geometry":{"type":"Point","coordinates":[-43.220214,-22.899203]}},{"type":"Feature","properties":{"codigo_unidade":"0107017","nome":"EM NEUMA GONÇALVES DA SILVA - DONA NEUMA","tipo":"1","id_cre":1,"cod_territ":"1.2","logradouro":"RUA GENERAL GUSTAVO CORDEIRO DE FARIAS","bairro":"BENFICA","cep":"20910220","fonte_geo":"unidades_unificadas"},"geometry":{"type":"Point","coordinates":[-43.23783,-22.89796]}},{"type":"Feature","properties":{"codigo_unidade":"0107501","nome":"EM EDMUNDO BITTENCOURT","tipo":"1","id_cre":1,"cod_territ":"1.2","logradouro":"RUA LOPES TROVÃO","bairro":"BENFICA","cep":"20920340","fonte_geo":"unidades_unificadas"},"geometry":{"type":"Point","coordinates":[-43.233894,-22.892207]}},{"type":"Feature","properties":{"codigo_unidade":"0107502","nome":"EM MESTRE WALDEMIRO","tipo":"1","id_cre":1,"cod_territ":"1.4","logradouro":"AVENIDA BARTOLOMEU DE GUSMÃO","bairro":"SÃO CRISTÓVÃO","cep":"20941160","fonte_geo":"unidades_unificadas"},"geometry":{"type":"Point","coordinates":[-43.229129,-22.906443]}},{"type":"Feature","properties":{"codigo_unidade":"0107601","nome":"CM ADALBERTO ISMAEL DE SOUZA","tipo":"1","id_cre":1,"cod_territ":"1.3","logradouro":"AVENIDA BARTOLOMEU DE GUSMÃO","bairro":"SÃO CRISTÓVÃO","cep":"20941160","fonte_geo":"unidades_unificadas"},"geometry":{"type":"Point","coordinates":[-43.232485,-22.906374]}},{"type":"Feature","properties":{"codigo_unidade":"0107602","nome":"CM DEPUTADO LUIZ EDUARDO DE MAGALHÃES","tipo":"1","id_cre":1,"cod_territ":"1.2","logradouro":"\"RUA SÃO LUIZ GONZAGA \"","bairro":"BENFICA","cep":"20910062","fonte_geo":"unidades_unificadas"},"geometry":{"type":"Point","coordinates":[-43.235698,-22.898459]}},{"type":"Feature","properties":{"codigo_unidade":"0107603","nome":"CM VOVÓ LUCÍOLA","tipo":"1","id_cre":1,"cod_territ":"1.3","logradouro":"RUA VISCONDE DE NITERÓI (TRAVESSA OLARIA)","bairro":"MANGUEIRA","cep":"20943001","fonte_geo":"unidades_unificadas"},"geometry":{"type":"Point","coordinates":[-43.240861,-22.902712]}},{"type":"Feature","properties":{"codigo_unidade":"0107604","nome":"CM HOMERO JOSÉ DOS SANTOS","tipo":"1","id_cre":1,"cod_territ":"1.3","logradouro":"\" RUA ICARAI\"","bairro":"MANGUEIRA","cep":"20941025","fonte_geo":"unidades_unificadas"},"geometry":{"type":"Point","coordinates":[-43.236528,-22.903303]}},{"type":"Feature","properties":{"codigo_unidade":"0107605","nome":"CM EDUARDO MOREIRA DOS SANTOS","tipo":"1","id_cre":1,"cod_territ":"1.3","logradouro":"RUA JUPARÁ","bairro":"MANGUEIRA","cep":"20911060","fonte_geo":"unidades_unificadas"},"geometry":{"type":"Point","coordinates":[-43.235857,-22.902679]}},{"type":"Feature","properties":{"codigo_unidade":"0107606","nome":"CM FRANCISCO ALVES","tipo":"1","id_cre":1,"cod_territ":"1.4","logradouro":"PRAÇA CARMELA DUTRA","bairro":"SÃO CRISTÓVÃO","cep":"20921240","fonte_geo":"unidades_unificadas"},"geometry":{"type":"Point","coordinates":[-43.23006,-22.889746]}},{"type":"Feature","properties":{"codigo_unidade":"0107607","nome":"CM NAÇÃO MANGUEIRENSE","tipo":"1","id_cre":1,"cod_territ":"1.3","logradouro":"RUA VISCONDE DE NITEROI","bairro":"MANGUEIRA","cep":"20943001","fonte_geo":"unidades_unificadas"},"geometry":{"type":"Point","coordinates":[-43.239478,-22.905354]}},{"type":"Feature","properties":{"codigo_unidade":"0107608","nome":"CM SAMORA MACHEL","tipo":"1","id_cre":1,"cod_territ":"1.2","logradouro":"RUA LEOPOLDO BULHÕES","bairro":"Benfica","cep":"20911300","fonte_geo":"unidades_unificadas"},"geometry":{"type":"Point","coordinates":[-43.248667,-22.884162]}},{"type":"Feature","properties":{"codigo_unidade":"0107609","nome":"CM VASQUINHO","tipo":"1","id_cre":1,"cod_territ":"1.4","logradouro":"RUA SANTO ANTÔNIO","bairro":"SÃO CRISTÓVÃO","cep":"20921180","fonte_geo":"unidades_unificadas"},"geometry":{"type":"Point","coordinates":[-43.227433,-22.886432]}},{"type":"Feature","properties":{"codigo_unidade":"0107610","nome":"CM ARARA AZUL","tipo":"1","id_cre":1,"cod_territ":"1.2","logradouro":"RUA ADEMAR SERPA","bairro":"BENFICA","cep":"20911400","fonte_geo":"unidades_unificadas"},"geometry":{"type":"Point","coordinates":[-43.24211,-22.889247]}},{"type":"Feature","properties":{"codigo_unidade":"0107801","nome":"EDI PROFESSORA DAYSE MALAGOLE","tipo":"1","id_cre":1,"cod_territ":"1.4","logradouro":"RUA RICARDO MACHADO","bairro":"SÃO CRISTÓVÃO","cep":"20921270","fonte_geo":"unidades_unificadas"},"geometry":{"type":"Point","coordinates":[-43.230827,-22.890748]}},{"type":"Feature","properties":{"codigo_unidade":"0107802","nome":"EDI MORRO DOS TELÉGRAFOS","tipo":"1","id_cre":1,"cod_territ":"1.3","logradouro":"RUA JUPARÁ","bairro":"MANGUEIRA","cep":"20911060","fonte_geo":"unidades_unificadas"},"geometry":{"type":"Point","coordinates":[-43.236696,-22.900287]}},{"type":"Feature","properties":{"codigo_unidade":"0107803","nome":"EDI DOIS DE JULHO","tipo":"1","id_cre":1,"cod_territ":"1.2","logradouro":"RUA FERREIRA DE ARAÚJO","bairro":"SÃO CRISTÓVÃO","cep":"20920350","fonte_geo":"unidades_unificadas"},"geometry":{"type":"Point","coordinates":[-43.233074,-22.891507]}},{"type":"Feature","properties":{"codigo_unidade":"0121001","nome":"EM JOAQUIM MANUEL DE MACEDO","tipo":"1","id_cre":1,"cod_territ":"1.12","logradouro":"RUA PADRE JUVENAL","bairro":"PAQUETÁ","cep":"20397070","fonte_geo":"unidades_unificadas"},"geometry":{"type":"Point","coordinates":[-43.109534,-22.753151]}},{"type":"Feature","properties":{"codigo_unidade":"0121002","nome":"EM PEDRO BRUNO","tipo":"4","id_cre":1,"cod_territ":null,"logradouro":null,"bairro":null,"cep":null,"fonte_geo":"unidades_unificadas"},"geometry":{"type":"Point","coordinates":[0,0]}},{"type":"Feature","properties":{"codigo_unidade":"0123001","nome":"EM MACHADO DE ASSIS","tipo":"1","id_cre":1,"cod_territ":"1.8","logradouro":"RUA DIAS DE BARROS","bairro":"SANTA TERESA","cep":"20241020","fonte_geo":"unidades_unificadas"},"geometry":{"type":"Point","coordinates":[-43.182109,-22.918154]}},{"type":"Feature","properties":{"codigo_unidade":"0123002","nome":"EM SANTA CATARINA","tipo":"1","id_cre":1,"cod_territ":"1.8","logradouro":"RUA EDUARDO SANTOS","bairro":"SANTA TERESA","cep":"20251460","fonte_geo":"unidades_unificadas"},"geometry":{"type":"Point","coordinates":[-43.191588,-22.915535]}},{"type":"Feature","properties":{"codigo_unidade":"0123003","nome":"EM JULIA LOPES DE ALMEIDA","tipo":"1","id_cre":1,"cod_territ":"1.8","logradouro":"RUA ALMIRANTE ALEXANDRINO","bairro":"SANTA TERESA","cep":"20241266","fonte_geo":"unidades_unificadas"},"geometry":{"type":"Point","coordinates":[-43.204257,-22.936551]}},{"type":"Feature","properties":{"codigo_unidade":"0123004","nome":"EM JUAN ANTONIO SAMARANCH","tipo":"1","id_cre":1,"cod_territ":"1.11","logradouro":"RUA MARCEL PROST","bairro":"SANTA TERESA","cep":"20251130","fonte_geo":"unidades_unificadas"},"geometry":{"type":"Point","coordinates":[-43.198581,-22.931054]}},{"type":"Feature","properties":{"codigo_unidade":"0123601","nome":"CM JOSÉ MARINHO DE OLIVEIRA","tipo":"1","id_cre":1,"cod_territ":"1.11","logradouro":"LADEIRA LAUREANO","bairro":"SANTA TERESA","cep":"20240261","fonte_geo":"unidades_unificadas"},"geometry":{"type":"Point","coordinates":[-43.202502,-22.934912]}},{"type":"Feature","properties":{"codigo_unidade":"0123602","nome":"CM HEITOR DOS PRAZERES","tipo":"4","id_cre":null,"cod_territ":null,"logradouro":null,"bairro":null,"cep":null,"fonte_geo":"ausente"},"geometry":null},{"type":"Feature","properties":{"codigo_unidade":"0123603","nome":"CM FALLET","tipo":"1","id_cre":1,"cod_territ":"1.11","logradouro":"RUA FALLET","bairro":"SANTA TERESA","cep":"20241260","fonte_geo":"unidades_unificadas"},"geometry":{"type":"Point","coordinates":[-43.195756,-22.927235]}},{"type":"Feature","properties":{"codigo_unidade":"0123701","nome":"CDEI AMÁLIA FERNANDES CONDE","tipo":"4","id_cre":1,"cod_territ":null,"logradouro":null,"bairro":null,"cep":null,"fonte_geo":"unidades_unificadas"},"geometry":{"type":"Point","coordinates":[-43.20135,-22.934192]}},{"type":"Feature","properties":{"codigo_unidade":"0123801","nome":"EDI HELOÍSA MARINHO","tipo":"1","id_cre":1,"cod_territ":"1.11","logradouro":"RUA ALMIRANTE ALEXANDRINO","bairro":"SANTA TERESA","cep":"20241260","fonte_geo":"unidades_unificadas"},"geometry":{"type":"Point","coordinates":[-43.194951,-22.929564]}},{"type":"Feature","properties":{"codigo_unidade":"01601","nome":"ASSOCIAÇÃO DE EDUCAÇÃO INFANTIL FLORESCER","tipo":"3","id_cre":null,"cod_territ":null,"logradouro":null,"bairro":null,"cep":null,"fonte_geo":"ausente"},"geometry":null},{"type":"Feature","properties":{"codigo_unidade":"01601","nome":"CC CANTINHO FELIZ DE SANTA TERESA","tipo":"3","id_cre":null,"cod_territ":null,"logradouro":null,"bairro":null,"cep":null,"fonte_geo":"ausente"},"geometry":null},{"type":"Feature","properties":{"codigo_unidade":"02001","nome":"CP CRECHE ESPAÇO SEMENTE","tipo":"1","id_cre":null,"cod_territ":null,"logradouro":"TRAVESSA SÃO LUIS","bairro":"TIJUCA","cep":"20530400","fonte_geo":"ausente"},"geometry":null},{"type":"Feature","properties":{"codigo_unidade":"02002","nome":"CP EDUCANDÁRIO CASA DE JACIRA","tipo":"1","id_cre":null,"cod_territ":null,"logradouro":"RUA AGUIAR","bairro":"TIJUCA","cep":"20261120","fonte_geo":"ausente"},"geometry":null},{"type":"Feature","properties":{"codigo_unidade":"02003","nome":"CP CENTRO COMUNITÁRIO DA RUA UM UNIÃO FAZ A FORÇA","tipo":"1","id_cre":null,"cod_territ":null,"logradouro":"\" ESTRADA DA GÁVEA \"","bairro":"ROCINHA","cep":"22451262","fonte_geo":"ausente"},"geometry":null},{"type":"Feature","properties":{"codigo_unidade":"02004","nome":"CP AÇÃO SOCIAL PADRE ANCHIETA - ASPA","tipo":"1","id_cre":null,"cod_territ":null,"logradouro":"TRAVESSA LUZ","bairro":"ROCINHA","cep":"22451590","fonte_geo":"ausente"},"geometry":null},{"type":"Feature","properties":{"codigo_unidade":"02005","nome":"CP ESCOLA COMUNITÁRIA DO CANTAGALO","tipo":"1","id_cre":null,"cod_territ":null,"logradouro":"RUA SANT ROMAN","bairro":"COPACABANA","cep":"22071060","fonte_geo":"ausente"},"geometry":null},{"type":"Feature","properties":{"codigo_unidade":"02006","nome":"CP CRECHE PRÉ-ESCOLA COMUNITÁRIA DOIS IRMÃOS","tipo":"1","id_cre":null,"cod_territ":null,"logradouro":"\" ESTRADA DA GAVEA    \"","bairro":"GÁVEA","cep":"22451265","fonte_geo":"ausente"},"geometry":null},{"type":"Feature","properties":{"codigo_unidade":"02007","nome":"CP OBRA SOCIAL PARÓQUIA STA. CRUZ DE COPACABANA (CANTINHO DA NATUREZA)","tipo":"4","id_cre":null,"cod_territ":null,"logradouro":null,"bairro":null,"cep":null,"fonte_geo":"ausente"},"geometry":null},{"type":"Feature","properties":{"codigo_unidade":"02008","nome":"CRECHE CONVENIADA CREI - CENTRO DE RECUPERACAO INFANTIL","tipo":"3","id_cre":null,"cod_territ":null,"logradouro":null,"bairro":null,"cep":null,"fonte_geo":"ausente"},"geometry":null},{"type":"Feature","properties":{"codigo_unidade":"02009","nome":"CP ABRIGO TERESA DE JESUS","tipo":"1","id_cre":null,"cod_territ":null,"logradouro":"RUA IBITURUNA","bairro":"MARACANÃ","cep":"20271021","fonte_geo":"ausente"},"geometry":null},{"type":"Feature","properties":{"codigo_unidade":"02010","nome":"CP CRECHE PATINHO FELIZ","tipo":"1","id_cre":null,"cod_territ":null,"logradouro":"\" RUA ARMANDO DE ALBUQUERQUE \"","bairro":"VILA ISABEL","cep":"20560130","fonte_geo":"ausente"},"geometry":null},{"type":"Feature","properties":{"codigo_unidade":"02011","nome":"CP SOCIEDADE CIVIL DE ASSISTÊNCIA A MENORES - CASA DA DINDA","tipo":"1","id_cre":null,"cod_territ":null,"logradouro":"\" RUA PETROCOCHINO\"","bairro":"VILA ISABEL","cep":"20551255","fonte_geo":"ausente"},"geometry":null},{"type":"Feature","properties":{"codigo_unidade":"02012","nome":"CP GRUPO COMUNITÁRIO CRECHE ESCOLA TIA MAURA","tipo":"1","id_cre":null,"cod_territ":null,"logradouro":"ESTRADA DAS CANOAS","bairro":"SÃO CONRADO","cep":"22610210","fonte_geo":"ausente"},"geometry":null},{"type":"Feature","properties":{"codigo_unidade":"02013","nome":"CP CENTRO DE EDUCAÇÃO INFANTIL CRISTO REDENTOR","tipo":"1","id_cre":null,"cod_territ":null,"logradouro":"RUA INDIANA","bairro":"COSME VELHO","cep":"22241250","fonte_geo":"ausente"},"geometry":null},{"type":"Feature","properties":{"codigo_unidade":"02014","nome":"CP CRUZADA PELA INFÂNCIA DO LEME","tipo":"1","id_cre":null,"cod_territ":null,"logradouro":"Rua Coelho Cintra","bairro":"Copacabana","cep":"22011080","fonte_geo":"ausente"},"geometry":null},{"type":"Feature","properties":{"codigo_unidade":"02015","nome":"CP CRECHE SANT ANNA","tipo":"1","id_cre":null,"cod_territ":null,"logradouro":"\"RUA DAS LARANJEIRAS \"","bairro":"LARANJEIRAS","cep":"22240005","fonte_geo":"ausente"},"geometry":null},{"type":"Feature","properties":{"codigo_unidade":"02016","nome":"CP CASA MATERNAL MELLO MATTOS","tipo":"1","id_cre":null,"cod_territ":null,"logradouro":"RUA FARO","bairro":"JARDIM BOTÂNICO","cep":"22461020","fonte_geo":"ausente"},"geometry":null},{"type":"Feature","properties":{"codigo_unidade":"02017","nome":"CP CASA SANTA MARTA - UNAP","tipo":"4","id_cre":null,"cod_territ":null,"logradouro":null,"bairro":null,"cep":null,"fonte_geo":"ausente"},"geometry":null},{"type":"Feature","properties":{"codigo_unidade":"02018","nome":"CP FUNDAÇÃO CASA SANTA IGNEZ","tipo":"1","id_cre":null,"cod_territ":null,"logradouro":"RUA MARY PESSOA","bairro":"GÁVEA","cep":"22451220","fonte_geo":"ausente"},"geometry":null},{"type":"Feature","properties":{"codigo_unidade":"02019","nome":"CP UNIDAS - OBRAS SOCIAIS UNIDAS DE SANTA MARTA","tipo":"1","id_cre":null,"cod_territ":null,"logradouro":"\"RUA DO JABUTI \"","bairro":"BOTAFOGO","cep":"22260136","fonte_geo":"ausente"},"geometry":null},{"type":"Feature","properties":{"codigo_unidade":"02020","nome":"CP CASA ESPÍRITA CRISTÃ MARIA DE NAZARÉ","tipo":"1","id_cre":null,"cod_territ":null,"logradouro":"ESTR. DA GÁVEA","bairro":"ROCINHA","cep":"22451450","fonte_geo":"ausente"},"geometry":null},{"type":"Feature","properties":{"codigo_unidade":"02021","nome":"CP CRECHE COMUNITÁRIA SOL DA LIBERDADE","tipo":"4","id_cre":null,"cod_territ":null,"logradouro":null,"bairro":null,"cep":null,"fonte_geo":"ausente"},"geometry":null},{"type":"Feature","properties":{"codigo_unidade":"02022","nome":"CP CRECHE CHAPEUZINHO MARROM","tipo":"1","id_cre":null,"cod_territ":null,"logradouro":"RUA JOAQIM PIZARRO","bairro":"RIO COMPRIDO","cep":"20261110","fonte_geo":"ausente"},"geometry":null},{"type":"Feature","properties":{"codigo_unidade":"02023","nome":"CP CRECHE QUERUBIM","tipo":"4","id_cre":null,"cod_territ":null,"logradouro":null,"bairro":null,"cep":null,"fonte_geo":"ausente"},"geometry":null},{"type":"Feature","properties":{"codigo_unidade":"02024","nome":"CP CRECHE ESCADINHA DO SABER","tipo":"1","id_cre":null,"cod_territ":null,"logradouro":"ESTRADA DO TIJUAÇU","bairro":"ALTO DA BOA VISTA","cep":"20531390","fonte_geo":"ausente"},"geometry":null},{"type":"Feature","properties":{"codigo_unidade":"02025","nome":"CP CRECHE BEZERRA DE MENEZES - BOTAFOGO","tipo":"1","id_cre":null,"cod_territ":null,"logradouro":"RUA MARTINS FERREIRA","bairro":"BOTAFOGO","cep":"22271010","fonte_geo":"ausente"},"geometry":null},{"type":"Feature","properties":{"codigo_unidade":"02026","nome":"CP CRECHE MONSENHOR FRANCA","tipo":"1","id_cre":null,"cod_territ":null,"logradouro":"\"RUA  TAVARES BASTOS \"","bairro":"CATETE","cep":"22221030","fonte_geo":"ausente"},"geometry":null},{"type":"Feature","properties":{"codigo_unidade":"02027","nome":"CP ASSOCIAÇÃO DOS ANTIGOS ALUNOS DOS PADRES ANCHIETAS","tipo":"4","id_cre":null,"cod_territ":null,"logradouro":null,"bairro":null,"cep":null,"fonte_geo":"ausente"},"geometry":null},{"type":"Feature","properties":{"codigo_unidade":"02028","nome":"CP OBRAS SOCIAIS PADRE ALEIXO","tipo":"1","id_cre":null,"cod_territ":null,"logradouro":"\"RUA PAULO VI \"","bairro":"FLAMENGO","cep":"22230080","fonte_geo":"ausente"},"geometry":null},{"type":"Feature","properties":{"codigo_unidade":"02029","nome":"CP CASA DA CRIANÇA","tipo":"1","id_cre":null,"cod_territ":null,"logradouro":"RUA FERNANDES GUIMARÃES","bairro":"BOTAFOGO","cep":"22290000","fonte_geo":"ausente"},"geometry":null},{"type":"Feature","properties":{"codigo_unidade":"02030","nome":"CP BERÇÁRIO NOVA JERUSALEM","tipo":"4","id_cre":null,"cod_territ":null,"logradouro":null,"bairro":null,"cep":null,"fonte_geo":"ausente"},"geometry":null},{"type":"Feature","properties":{"codigo_unidade":"02031","nome":"CP CENTRO COMUNITÁRIO ALEGRIA DAS CRIANÇAS","tipo":"1","id_cre":null,"cod_territ":null,"logradouro":"\"RUA DOIS \"","bairro":"ROCINHA","cep":"22451340","fonte_geo":"ausente"},"geometry":null},{"type":"Feature","properties":{"codigo_unidade":"02032","nome":"CP PATRONATO OPERÁRIO DA GÁVEA","tipo":"1","id_cre":null,"cod_territ":null,"logradouro":"AVENIDA LINEU DE PAULA MACHADO","bairro":"JARDIM BOTÂNICO","cep":"22470040","fonte_geo":"ausente"},"geometry":null},{"type":"Feature","properties":{"codigo_unidade":"02033","nome":"CP CENTRO EDUCACIONAL PADRE AGOSTINHO","tipo":"4","id_cre":null,"cod_territ":null,"logradouro":null,"bairro":null,"cep":null,"fonte_geo":"ausente"},"geometry":null},{"type":"Feature","properties":{"codigo_unidade":"02034","nome":"CP CENTRO SOCIAL DA MULHER UÊGA","tipo":"1","id_cre":null,"cod_territ":null,"logradouro":"TRAVESSA ESPERANÇA","bairro":"ROCINHA","cep":"22451365","fonte_geo":"ausente"},"geometry":null},{"type":"Feature","properties":{"codigo_unidade":"02035","nome":"CP CENTRO SOCIAL E AÍ COMO É QUE FICA ?","tipo":"1","id_cre":null,"cod_territ":null,"logradouro":"\" ESTRADA DA GÁVEA \"","bairro":"ROCINHA","cep":"22451262","fonte_geo":"ausente"},"geometry":null},{"type":"Feature","properties":{"codigo_unidade":"02036","nome":"CP CRECHE BERÇÁRIO MARIA HELENA DA ROCINHA","tipo":"1","id_cre":null,"cod_territ":null,"logradouro":"TRAVESSA ESPERANÇA","bairro":"ROCINHA","cep":"22451365","fonte_geo":"ausente"},"geometry":null},{"type":"Feature","properties":{"codigo_unidade":"02037","nome":"CP CRECHE COMUNITÁRIA CANTINHO DA NATUREZA","tipo":"1","id_cre":null,"cod_territ":null,"logradouro":"RUA  EUCLIDES DA ROCHA,","bairro":"COPACABANA","cep":"22031100","fonte_geo":"ausente"},"geometry":null},{"type":"Feature","properties":{"codigo_unidade":"02038","nome":"CP CRECHE CHÁCARA DO CÉU","tipo":"1","id_cre":null,"cod_territ":null,"logradouro":"ESTRADA DA INDENPENDENCIA","bairro":"TIJUCA","cep":"20530400","fonte_geo":"ausente"},"geometry":null},{"type":"Feature","properties":{"codigo_unidade":"02039","nome":"CP CRECHE ESCOLA MENINOS DE LUZ","tipo":"1","id_cre":null,"cod_territ":null,"logradouro":"\"  RUA SAINT ROMAN\"","bairro":"COPACABANA","cep":"22071060","fonte_geo":"ausente"},"geometry":null},{"type":"Feature","properties":{"codigo_unidade":"02040","nome":"CP CRECHE MARIA MARIA","tipo":"1","id_cre":null,"cod_territ":null,"logradouro":"\" ESTRADA DA GÁVEA \"","bairro":"ROCINHA","cep":"22451262","fonte_geo":"ausente"},"geometry":null},{"type":"Feature","properties":{"codigo_unidade":"0204001","nome":"EM DEODORO","tipo":"1","id_cre":2,"cod_territ":"2.2","logradouro":"RUA DA GLÓRIA","bairro":"GLÓRIA","cep":"20241180","fonte_geo":"unidades_unificadas"},"geometry":{"type":"Point","coordinates":[-43.17716,-22.917715]}},{"type":"Feature","properties":{"codigo_unidade":"0204002","nome":"EM MARIA LEOPOLDINA","tipo":"1","id_cre":2,"cod_territ":"1.8","logradouro":"RUA SANTO AMARO","bairro":"GLÓRIA","cep":"22211230","fonte_geo":"unidades_unificadas"},"geometry":{"type":"Point","coordinates":[-43.181774,-22.922883]}},{"type":"Feature","properties":{"codigo_unidade":"0204003","nome":"EM ALBERTO BARTH","tipo":"1","id_cre":2,"cod_territ":"2.1","logradouro":"AVENIDA OSWALDO CRUZ","bairro":"FLAMENGO","cep":"22250060","fonte_geo":"unidades_unificadas"},"geometry":{"type":"Point","coordinates":[-43.17647,-22.940711]}},{"type":"Feature","properties":{"codigo_unidade":"0204004","nome":"EM EDUCANDÁRIO ROMÃO DE MATTOS DUARTE","tipo":"1","id_cre":2,"cod_territ":"2.1","logradouro":"RUA PAULO VI","bairro":"FLAMENGO","cep":"22230080","fonte_geo":"unidades_unificadas"},"geometry":{"type":"Point","coordinates":[-43.178828,-22.936554]}},{"type":"Feature","properties":{"codigo_unidade":"0204005","nome":"EM JOSÉ DE ALENCAR","tipo":"1","id_cre":2,"cod_territ":"2.2","logradouro":"rua das laranjeiras","bairro":"laranjeiras","cep":"22240002","fonte_geo":"unidades_unificadas"},"geometry":{"type":"Point","coordinates":[-43.189869,-22.937122]}},{"type":"Feature","properties":{"codigo_unidade":"0204006","nome":"EM ANNE FRANK","tipo":"1","id_cre":2,"cod_territ":"2.1","logradouro":"RUA PINHEIRO MACHADO","bairro":"LARANJEIRAS","cep":"22231090","fonte_geo":"unidades_unificadas"},"geometry":{"type":"Point","coordinates":[-43.183367,-22.938818]}},{"type":"Feature","properties":{"codigo_unidade":"0204007","nome":"EM ALBERT SCHWEITZER","tipo":"1","id_cre":2,"cod_territ":"2.2","logradouro":"RUA GENERAL GLICÉRIO","bairro":"LARANJEIRAS","cep":"22245120","fonte_geo":"unidades_unificadas"},"geometry":{"type":"Point","coordinates":[-43.19178,-22.940258]}},{"type":"Feature","properties":{"codigo_unidade":"0204008","nome":"EM VITAL BRASIL","tipo":"1","id_cre":2,"cod_territ":"2.2","logradouro":"\"RUA SILVEIRA MARTINS                                                                                 \"","bairro":"FLAMENGO","cep":"22221000","fonte_geo":"unidades_unificadas"},"geometry":{"type":"Point","coordinates":[-43.176065,-22.925606]}},{"type":"Feature","properties":{"codigo_unidade":"0204009","nome":"EM GUARARAPES CÂNDIDO","tipo":"1","id_cre":2,"cod_territ":"2.2","logradouro":"\"LADEIRA DOS GUARARAPES \"","bairro":"COSME VELHO","cep":"22241200","fonte_geo":"unidades_unificadas"},"geometry":{"type":"Point","coordinates":[-43.204268,-22.943753]}},{"type":"Feature","properties":{"codigo_unidade":"0204010","nome":"EM FRANCISCO ALVES","tipo":"1","id_cre":2,"cod_territ":"2.1","logradouro":"TRAVESSA PEPE","bairro":"BOTAFOGO","cep":"22290020","fonte_geo":"unidades_unificadas"},"geometry":{"type":"Point","coordinates":[-43.182123,-22.953984]}},{"type":"Feature","properties":{"codigo_unidade":"0204011","nome":"EM JOAQUIM NABUCO","tipo":"1","id_cre":2,"cod_territ":"2.1","logradouro":"RUA DONA MARIANA","bairro":"BOTAFOGO","cep":"22280020","fonte_geo":"unidades_unificadas"},"geometry":{"type":"Point","coordinates":[-43.188154,-22.954406]}},{"type":"Feature","properties":{"codigo_unidade":"0204012","nome":"EM MÉXICO","tipo":"1","id_cre":2,"cod_territ":"2.1","logradouro":"RUA DA MATRIZ","bairro":"BOTAFOGO","cep":"22260100","fonte_geo":"unidades_unificadas"},"geometry":{"type":"Point","coordinates":[-43.191761,-22.952706]}},{"type":"Feature","properties":{"codigo_unidade":"0204014","nome":"EM PRESIDENTE ARTHUR DA COSTA E SILVA","tipo":"1","id_cre":2,"cod_territ":"2.1","logradouro":"RUA ASSUNÇÃO","bairro":"BOTAFOGO","cep":"22251030","fonte_geo":"unidades_unificadas"},"geometry":{"type":"Point","coordinates":[-43.186591,-22.945558]}},{"type":"Feature","properties":{"codigo_unidade":"0204015","nome":"EM JOÃO SALDANHA","tipo":"1","id_cre":2,"cod_territ":"2.1","logradouro":"RUA DA PASSAGEM","bairro":"BOTAFOGO","cep":"22290031","fonte_geo":"unidades_unificadas"},"geometry":{"type":"Point","coordinates":[-43.181619,-22.953779]}},{"type":"Feature","properties":{"codigo_unidade":"0204015","nome":"ESCOLA MUNICIPAL JOAO SALDANHA","tipo":"3","id_cre":2,"cod_territ":"2.1","logradouro":null,"bairro":null,"cep":null,"fonte_geo":"unidades_unificadas"},"geometry":{"type":"Point","coordinates":[-43.181619,-22.953779]}},{"type":"Feature","properties":{"codigo_unidade":"0204017","nome":"EM JOAQUIM ABÍLIO BORGES","tipo":"1","id_cre":2,"cod_territ":"2.1","logradouro":"RUA DO HUMAITÁ","bairro":"HUMAITÁ","cep":"22261001","fonte_geo":"unidades_unificadas"},"geometry":{"type":"Point","coordinates":[-43.196814,-22.954242]}},{"type":"Feature","properties":{"codigo_unidade":"0204018","nome":"EM ESTÁCIO DE SÁ","tipo":"1","id_cre":2,"cod_territ":"2.1","logradouro":"PRAÇA TENENTE-CORONEL SIQUEIRA","bairro":"URCA","cep":"22291160","fonte_geo":"unidades_unificadas"},"geometry":{"type":"Point","coordinates":[-43.157391,-22.946106]}},{"type":"Feature","properties":{"codigo_unidade":"0204019","nome":"EM MINAS GERAIS","tipo":"1","id_cre":2,"cod_territ":"2.1","logradouro":"AVENIDA PASTEUR","bairro":"URCA","cep":"22290255","fonte_geo":"unidades_unificadas"},"geometry":{"type":"Point","coordinates":[-43.168885,-22.953822]}},{"type":"Feature","properties":{"codigo_unidade":"0204021","nome":"EM SENADOR CORRÊA","tipo":"1","id_cre":2,"cod_territ":"2.1","logradouro":"RUA ESTEVES JUNIOR","bairro":"LARANJEIRAS","cep":"22231160","fonte_geo":"unidades_unificadas"},"geometry":{"type":"Point","coordinates":[-43.181011,-22.933989]}},{"type":"Feature","properties":{"codigo_unidade":"02041","nome":"CP CRECHE E PRÉ-ESCOLA COMUNITÁRIA DO 199 PINGO DE GENTE","tipo":"1","id_cre":null,"cod_territ":null,"logradouro":"\" ESTRADA DA GÁVEA \"","bairro":"ROCINHA","cep":"22451262","fonte_geo":"ausente"},"geometry":null},{"type":"Feature","properties":{"codigo_unidade":"02042","nome":"CP CRECHE SANTA CLARA","tipo":"1","id_cre":null,"cod_territ":null,"logradouro":"RUA ALICE","bairro":"LARANJEIRAS","cep":"22241020","fonte_geo":"ausente"},"geometry":null},{"type":"Feature","properties":{"codigo_unidade":"02043","nome":"CP CRECHE SANTA MÔNICA","tipo":"1","id_cre":null,"cod_territ":null,"logradouro":"ESTRADA DA INDENPENDENCIA","bairro":"TIJUCA","cep":"20530400","fonte_geo":"ausente"},"geometry":null},{"type":"Feature","properties":{"codigo_unidade":"02044","nome":"CP CRECHE SÃO COSME E SÃO DAMIÃO","tipo":"1","id_cre":null,"cod_territ":null,"logradouro":"RUA LEOPOLDO","bairro":"ANDARAI","cep":"20541170","fonte_geo":"ausente"},"geometry":null},{"type":"Feature","properties":{"codigo_unidade":"02045","nome":"CP CREI - CENTRO DE RECUPERAÇÃO INFANTIL","tipo":"1","id_cre":null,"cod_territ":null,"logradouro":"RUA JOANA ANGÉLICA","bairro":"IPANEMA","cep":"22420030","fonte_geo":"ausente"},"geometry":null},{"type":"Feature","properties":{"codigo_unidade":"0204501","nome":"CIEP PRESIDENTE TANCREDO NEVES","tipo":"1","id_cre":2,"cod_territ":"2.2","logradouro":"\"RUA DO CATETE \"","bairro":"CATETE","cep":"22220000","fonte_geo":"unidades_unificadas"},"geometry":{"type":"Point","coordinates":[-43.176685,-22.922785]}},{"type":"Feature","properties":{"codigo_unidade":"0204502","nome":"CIEP PRESIDENTE AGOSTINHO NETO","tipo":"1","id_cre":2,"cod_territ":"2.6","logradouro":"RUA VISCONDE DE SILVA","bairro":"HUMAITÁ","cep":"22271043","fonte_geo":"unidades_unificadas"},"geometry":{"type":"Point","coordinates":[-43.199723,-22.959167]}},{"type":"Feature","properties":{"codigo_unidade":"02046","nome":"CP ESPAÇO SANTA TEREZINHA - EST","tipo":"1","id_cre":null,"cod_territ":null,"logradouro":"RUA GENERAL RABELO","bairro":"GÁVEA","cep":"22451010","fonte_geo":"ausente"},"geometry":null},{"type":"Feature","properties":{"codigo_unidade":"0204601","nome":"CM TIA AMÁLIA","tipo":"1","id_cre":2,"cod_territ":"2.2","logradouro":"LADEIRA DOS GUARARAPES","bairro":"COSME VELHO","cep":"22241275","fonte_geo":"unidades_unificadas"},"geometry":{"type":"Point","coordinates":[-43.205546,-22.941447]}},{"type":"Feature","properties":{"codigo_unidade":"0204602","nome":"CM ARACY GUIMARÃES ROSA","tipo":"1","id_cre":2,"cod_territ":"2.2","logradouro":"RUA BENTO LISBOA","bairro":"CATETE","cep":"22221011","fonte_geo":"unidades_unificadas"},"geometry":{"type":"Point","coordinates":[-43.179417,-22.928943]}},{"type":"Feature","properties":{"codigo_unidade":"02047","nome":"CP GRUPO COMUNITÁRIO MORRO DA ALEGRIA","tipo":"1","id_cre":null,"cod_territ":null,"logradouro":"EST. DA GÁVEA","bairro":"ROCINHA","cep":"22451263","fonte_geo":"ausente"},"geometry":null},{"type":"Feature","properties":{"codigo_unidade":"02048","nome":"CP LAR CANTINHO FELIZ","tipo":"1","id_cre":null,"cod_territ":null,"logradouro":"RUA TORRES HOMEM","bairro":"VILA ISABEL","cep":"20551070","fonte_geo":"ausente"},"geometry":null},{"type":"Feature","properties":{"codigo_unidade":"0204801","nome":"EDI MARECHAL HERMES","tipo":"1","id_cre":2,"cod_territ":"2.1","logradouro":"RUA CAPISTRANO DE ABREU","bairro":"BOTAFOGO","cep":"22271000","fonte_geo":"unidades_unificadas"},"geometry":{"type":"Point","coordinates":[-43.195141,-22.954276]}},{"type":"Feature","properties":{"codigo_unidade":"0204802","nome":"EDI CASA DA CRIANÇA","tipo":"1","id_cre":2,"cod_territ":"2.1","logradouro":"RUA FERNANDES GUIMARÃES","bairro":"BOTAFOGO","cep":"22290000","fonte_geo":"unidades_unificadas"},"geometry":{"type":"Point","coordinates":[-43.181596,-22.955823]}},{"type":"Feature","properties":{"codigo_unidade":"0204803","nome":"EDI GABRIELA MISTRAL","tipo":"1","id_cre":2,"cod_territ":"2.1","logradouro":"PRAÇA GENERAL TIBURCIO","bairro":"URCA","cep":"22290270","fonte_geo":"unidades_unificadas"},"geometry":{"type":"Point","coordinates":[-43.1645,-22.95425]}},{"type":"Feature","properties":{"codigo_unidade":"0204804","nome":"EDI PROFESSORA SARITA KONDER","tipo":"1","id_cre":2,"cod_territ":"2.2","logradouro":"\"RUA  ALICE \"","bairro":"LARANJEIRAS","cep":"22241020","fonte_geo":"unidades_unificadas"},"geometry":{"type":"Point","coordinates":[-43.1972,-22.93676]}},{"type":"Feature","properties":{"codigo_unidade":"0204805","nome":"EDI CLAUDIO CAVALCANTI","tipo":"1","id_cre":2,"cod_territ":"2.1","logradouro":"RUA SOROCABA","bairro":"BOTAFOGO","cep":"22271110","fonte_geo":"unidades_unificadas"},"geometry":{"type":"Point","coordinates":[-43.188186,-22.954419]}},{"type":"Feature","properties":{"codigo_unidade":"0204806","nome":"EDI IRMA MARGARITA ALARCON","tipo":"1","id_cre":2,"cod_territ":"2.2","logradouro":"\" RUA PEREIRA DA SILVA\"","bairro":"LARANJEIRAS","cep":"22221140","fonte_geo":"unidades_unificadas"},"geometry":{"type":"Point","coordinates":[-43.190496,-22.931115]}},{"type":"Feature","properties":{"codigo_unidade":"02049","nome":"CP OBRA DO BERÇO","tipo":"1","id_cre":null,"cod_territ":null,"logradouro":"RUA CÍCERO GOIS MONTEIRO","bairro":"LAGOA","cep":"22471240","fonte_geo":"ausente"},"geometry":null},{"type":"Feature","properties":{"codigo_unidade":"02050","nome":"CP ORGANIZAÇÃO CRECHE ARTE TIO JOÃO","tipo":"4","id_cre":null,"cod_territ":null,"logradouro":null,"bairro":null,"cep":null,"fonte_geo":"ausente"},"geometry":null},{"type":"Feature","properties":{"codigo_unidade":"0205001","nome":"EM SÃO TOMÁS DE AQUINO","tipo":"1","id_cre":2,"cod_territ":"2.3","logradouro":"PRAÇA ALMIRANTE JÚLIO DE NORONHA","bairro":"LEME","cep":"22010020","fonte_geo":"unidades_unificadas"},"geometry":{"type":"Point","coordinates":[-43.164981,-22.961546]}},{"type":"Feature","properties":{"codigo_unidade":"0205002","nome":"CM CHAPEU MANGUEIRA","tipo":"4","id_cre":null,"cod_territ":null,"logradouro":null,"bairro":null,"cep":null,"fonte_geo":"ausente"},"geometry":null},{"type":"Feature","properties":{"codigo_unidade":"0205003","nome":"EM DOUTOR CÍCERO PENNA","tipo":"1","id_cre":2,"cod_territ":"2.3","logradouro":"AVENIDA ATLÂNTICA","bairro":"COPACABANA","cep":"22021001","fonte_geo":"unidades_unificadas"},"geometry":{"type":"Point","coordinates":[-43.181139,-22.968647]}},{"type":"Feature","properties":{"codigo_unidade":"0205004","nome":"EM DOUTOR COCIO BARCELLOS","tipo":"1","id_cre":2,"cod_territ":"2.4","logradouro":"RUA BARÃO DE IPANEMA","bairro":"COPACABANA","cep":"22050031","fonte_geo":"unidades_unificadas"},"geometry":{"type":"Point","coordinates":[-43.189063,-22.974828]}},{"type":"Feature","properties":{"codigo_unidade":"0205006","nome":"EM DOM AQUINO CORRÊA","tipo":"1","id_cre":2,"cod_territ":"2.3","logradouro":"RUA BARATA RIBEIRO","bairro":"COPACABANA","cep":"22011002","fonte_geo":"unidades_unificadas"},"geometry":{"type":"Point","coordinates":[-43.180508,-22.965094]}},{"type":"Feature","properties":{"codigo_unidade":"0205007","nome":"EM PENEDO","tipo":"1","id_cre":2,"cod_territ":"2.4","logradouro":"RUA RAUL POMPÉIA","bairro":"COPACABANA","cep":"20080000","fonte_geo":"unidades_unificadas"},"geometry":{"type":"Point","coordinates":[-43.19221,-22.982712]}},{"type":"Feature","properties":{"codigo_unidade":"0205008","nome":"EM ROMA","tipo":"1","id_cre":2,"cod_territ":"2.3","logradouro":"AVENIDA NOSSA SENHORA DE COPACABANA","bairro":"COPACABANA","cep":"22020000","fonte_geo":"unidades_unificadas"},"geometry":{"type":"Point","coordinates":[-43.176145,-22.96506]}},{"type":"Feature","properties":{"codigo_unidade":"0205009","nome":"EM ALENCASTRO GUIMARÃES","tipo":"1","id_cre":2,"cod_territ":"2.3","logradouro":"RUA TONELERO","bairro":"COPACABANA","cep":"22030001","fonte_geo":"unidades_unificadas"},"geometry":{"type":"Point","coordinates":[-43.180965,-22.964691]}},{"type":"Feature","properties":{"codigo_unidade":"0205010","nome":"CM SAO PEDRO DO PAVAOZINHO","tipo":"4","id_cre":null,"cod_territ":null,"logradouro":null,"bairro":null,"cep":null,"fonte_geo":"ausente"},"geometry":null},{"type":"Feature","properties":{"codigo_unidade":"02051","nome":"CP RECANTO INFANTIL NOSSA SENHORA DA CONCEIÇÃO","tipo":"4","id_cre":null,"cod_territ":null,"logradouro":null,"bairro":null,"cep":null,"fonte_geo":"ausente"},"geometry":null},{"type":"Feature","properties":{"codigo_unidade":"02052","nome":"CC CASA SANTA MARTA","tipo":"3","id_cre":null,"cod_territ":null,"logradouro":null,"bairro":null,"cep":null,"fonte_geo":"ausente"},"geometry":null},{"type":"Feature","properties":{"codigo_unidade":"02052","nome":"CP CRECHE CASA SANTA MARTA","tipo":"1","id_cre":null,"cod_territ":null,"logradouro":"RUA MARECHAL FRANCISCO DE MOURA","bairro":"BOTAFOGO","cep":"22260140","fonte_geo":"ausente"},"geometry":null},{"type":"Feature","properties":{"codigo_unidade":"02053","nome":"CP CRECHE ESPERANÇA","tipo":"1","id_cre":null,"cod_territ":null,"logradouro":"RUA ADALBERTO FERREIRA","bairro":"LEBLON","cep":"22441040","fonte_geo":"ausente"},"geometry":null},{"type":"Feature","properties":{"codigo_unidade":"02054","nome":"CP UNIÃO DE MULHERES PRO-MELHORAMENTO DA ROUPA SUJA","tipo":"1","id_cre":null,"cod_territ":null,"logradouro":"\"ESTRADA DA GÁVEA, RUA 01 \"","bairro":"ROCINHA","cep":"22451365","fonte_geo":"ausente"},"geometry":null},{"type":"Feature","properties":{"codigo_unidade":"02055","nome":"CP CRECHE CASA DO POBRE DE NOSSA SENHORA DE COPACABANA","tipo":"1","id_cre":null,"cod_territ":null,"logradouro":"RUA HILARIO DE GOUVEIA","bairro":"COPACABANA","cep":"22040020","fonte_geo":"ausente"},"geometry":null},{"type":"Feature","properties":{"codigo_unidade":"02056","nome":"CP CRECHE SANTA CLARA DE ASSIS NA PROVIDÊNCIA DE DEUS","tipo":"1","id_cre":null,"cod_territ":null,"logradouro":"RUA BENEDITO CALIXTO","bairro":"VIDIGAL","cep":"22450260","fonte_geo":"ausente"},"geometry":null},{"type":"Feature","properties":{"codigo_unidade":"02056","nome":"CC CRECHE SANTA CLARA","tipo":"3","id_cre":null,"cod_territ":null,"logradouro":null,"bairro":null,"cep":null,"fonte_geo":"ausente"},"geometry":null},{"type":"Feature","properties":{"codigo_unidade":"0205601","nome":"CM IRMÃS BAPTISTA","tipo":"1","id_cre":2,"cod_territ":"2.3","logradouro":"RUA SIQUEIRA CAMPOS","bairro":"COPACABANA","cep":"22031070","fonte_geo":"unidades_unificadas"},"geometry":{"type":"Point","coordinates":[-43.18712,-22.966176]}},{"type":"Feature","properties":{"codigo_unidade":"0205602","nome":"CM TIA SONIA CRISPINIANO","tipo":"1","id_cre":2,"cod_territ":"2.3","logradouro":"LADEIRA DOS TABAJARAS - RUA EUCLIDES DA ROCHA,","bairro":"COPACABANA","cep":"22031111","fonte_geo":"unidades_unificadas"},"geometry":{"type":"Point","coordinates":[-43.1939,-22.96286]}},{"type":"Feature","properties":{"codigo_unidade":"02057","nome":"CP CENTRO EDUCACIONAL ESPERANÇA","tipo":"1","id_cre":null,"cod_territ":null,"logradouro":"ESTRADA DO BIGUA","bairro":"ALTO DA BOA VISTA","cep":"20531680","fonte_geo":"ausente"},"geometry":null},{"type":"Feature","properties":{"codigo_unidade":"02058","nome":"CP NASCEER - NÚCLEO DE ASSIST. SOCIAL CULTURAL EDUC. ECOLÓGICO DA ROCINHA","tipo":"1","id_cre":null,"cod_territ":null,"logradouro":"Est da Gávea","bairro":"Rocinha","cep":"22451272","fonte_geo":"ausente"},"geometry":null},{"type":"Feature","properties":{"codigo_unidade":"0205801","nome":"EDI DONA MARCELA","tipo":"1","id_cre":2,"cod_territ":"2.3","logradouro":"RUA GUSTAVO SAMPAIO","bairro":"LEME","cep":"22010010","fonte_geo":"unidades_unificadas"},"geometry":{"type":"Point","coordinates":[-43.167882,-22.960596]}},{"type":"Feature","properties":{"codigo_unidade":"0205802","nome":"EDI PORTO RICO","tipo":"1","id_cre":2,"cod_territ":"2.3","logradouro":"LADEIRA COELHO CINTRA","bairro":"COPACABANA","cep":"22290130","fonte_geo":"unidades_unificadas"},"geometry":{"type":"Point","coordinates":[-43.178694,-22.961382]}},{"type":"Feature","properties":{"codigo_unidade":"02059","nome":"CP CENTRO EDUCACIONAL ARCO ÍRIS","tipo":"4","id_cre":null,"cod_territ":null,"logradouro":null,"bairro":null,"cep":null,"fonte_geo":"ausente"},"geometry":null},{"type":"Feature","properties":{"codigo_unidade":"02060","nome":"CP ASSOCIAÇÃO CENTRO EDUCACIONAL REBRAL - ROCINHA","tipo":"1","id_cre":null,"cod_territ":null,"logradouro":"\" RUA 2\"","bairro":"ROCINHA","cep":"22451400","fonte_geo":"ausente"},"geometry":null},{"type":"Feature","properties":{"codigo_unidade":"0206001","nome":"EM PRESIDENTE JOSÉ LINHARES","tipo":"1","id_cre":2,"cod_territ":"2.4","logradouro":"RUA BARÃO DA TORRE","bairro":"IPANEMA","cep":"22411000","fonte_geo":"unidades_unificadas"},"geometry":{"type":"Point","coordinates":[-43.199036,-22.983332]}},{"type":"Feature","properties":{"codigo_unidade":"0206002","nome":"EM HENRIQUE DODSWORTH","tipo":"1","id_cre":2,"cod_territ":"2.5","logradouro":"AVENIDA EPITÁCIO PESSOA","bairro":"IPANEMA","cep":"22410090","fonte_geo":"unidades_unificadas"},"geometry":{"type":"Point","coordinates":[-43.213579,-22.981955]}},{"type":"Feature","properties":{"codigo_unidade":"0206003","nome":"EM MARÍLIA DE DIRCEU","tipo":"1","id_cre":2,"cod_territ":"2.4","logradouro":"RUA JANGADEIROS","bairro":"IPANEMA","cep":"22420010","fonte_geo":"unidades_unificadas"},"geometry":{"type":"Point","coordinates":[-43.196939,-22.983813]}},{"type":"Feature","properties":{"codigo_unidade":"0206004","nome":"EM CASTELNUOVO","tipo":"1","id_cre":2,"cod_territ":"2.4","logradouro":"RUA FRANCISCO OTAVIANO","bairro":"IPANEMA","cep":"22080046","fonte_geo":"unidades_unificadas"},"geometry":{"type":"Point","coordinates":[-43.191996,-22.98735]}},{"type":"Feature","properties":{"codigo_unidade":"0206005","nome":"EM GEORGE PFISTERER","tipo":"1","id_cre":2,"cod_territ":"2.5","logradouro":"PRAÇA NOSSA SENHORA AUXILIADORA","bairro":"LEBLON","cep":"22441050","fonte_geo":"unidades_unificadas"},"geometry":{"type":"Point","coordinates":[-43.222089,-22.979239]}},{"type":"Feature","properties":{"codigo_unidade":"0206006","nome":"EM SANTOS ANJOS","tipo":"1","id_cre":2,"cod_territ":"2.5","logradouro":"RUA HUMBERTO DE CAMPOS","bairro":"LEBLON","cep":"22430190","fonte_geo":"unidades_unificadas"},"geometry":{"type":"Point","coordinates":[-43.217029,-22.981559]}},{"type":"Feature","properties":{"codigo_unidade":"0206007","nome":"EM EDNA PONCIONI FERREIRA","tipo":"1","id_cre":2,"cod_territ":"2.4","logradouro":"PRAÇA BENEDITO CERQUEIRA","bairro":"LAGOA","cep":"22471110","fonte_geo":"unidades_unificadas"},"geometry":{"type":"Point","coordinates":[-43.19781,-22.976214]}},{"type":"Feature","properties":{"codigo_unidade":"0206008","nome":"EM PEDRO ERNESTO","tipo":"1","id_cre":2,"cod_territ":"2.6","logradouro":"RUA PROFESSOR ABELARDO LOBO","bairro":"LAGOA","cep":"22470240","fonte_geo":"unidades_unificadas"},"geometry":{"type":"Point","coordinates":[-43.203449,-22.961109]}},{"type":"Feature","properties":{"codigo_unidade":"0206010","nome":"EM CAPISTRANO DE ABREU","tipo":"1","id_cre":2,"cod_territ":"2.6","logradouro":"RUA PACHECO LEÃO","bairro":"JARDIM BOTÂNICO","cep":"22460030","fonte_geo":"unidades_unificadas"},"geometry":{"type":"Point","coordinates":[-43.228698,-22.965601]}},{"type":"Feature","properties":{"codigo_unidade":"0206011","nome":"EM SHAKESPEARE","tipo":"1","id_cre":2,"cod_territ":"2.6","logradouro":"RUA JARDIM BOTÂNICO","bairro":"JARDIM BOTÂNICO","cep":"22470050","fonte_geo":"unidades_unificadas"},"geometry":{"type":"Point","coordinates":[-43.216267,-22.963151]}},{"type":"Feature","properties":{"codigo_unidade":"0206012","nome":"EM CAMILO CASTELO BRANCO","tipo":"1","id_cre":2,"cod_territ":"2.6","logradouro":"RUA PACHECO LEÃO","bairro":"JARDIM BOTÂNICO","cep":"22460030","fonte_geo":"unidades_unificadas"},"geometry":{"type":"Point","coordinates":[-43.228952,-22.965738]}},{"type":"Feature","properties":{"codigo_unidade":"0206014","nome":"EEM MARLY FRÓES PEIXOTO","tipo":"1","id_cre":2,"cod_territ":"2.6","logradouro":"RUA PACHECO LEÃO","bairro":"JARDIM BOTÂNICO","cep":"22460030","fonte_geo":"unidades_unificadas"},"geometry":{"type":"Point","coordinates":[-43.218547,-22.963912]}},{"type":"Feature","properties":{"codigo_unidade":"0206015","nome":"EM MANOEL CÍCERO","tipo":"1","id_cre":2,"cod_territ":"2.6","logradouro":"PRAÇA SANTOS DUMONT","bairro":"GÁVEA","cep":"22470060","fonte_geo":"unidades_unificadas"},"geometry":{"type":"Point","coordinates":[-43.226855,-22.97327]}},{"type":"Feature","properties":{"codigo_unidade":"0206016","nome":"EM JÚLIO DE CASTILHOS","tipo":"1","id_cre":2,"cod_territ":"2.6","logradouro":"PRAÇA SANTOS DUMONT","bairro":"GÁVEA","cep":"22470060","fonte_geo":"unidades_unificadas"},"geometry":{"type":"Point","coordinates":[-43.227064,-22.973585]}},{"type":"Feature","properties":{"codigo_unidade":"0206017","nome":"EM ARTUR RAMOS","tipo":"1","id_cre":2,"cod_territ":"2.6","logradouro":"RUA MARQUÊS DE SÃO VICENTE","bairro":"GÁVEA","cep":"22451045","fonte_geo":"unidades_unificadas"},"geometry":{"type":"Point","coordinates":[-43.230902,-22.977409]}},{"type":"Feature","properties":{"codigo_unidade":"0206018","nome":"EM LUIZ DELFINO","tipo":"1","id_cre":2,"cod_territ":"2.6","logradouro":"RUA MARQUÊS DE SÃO VICENTE","bairro":"GÁVEA","cep":"22451042","fonte_geo":"unidades_unificadas"},"geometry":{"type":"Point","coordinates":[-43.233683,-22.978158]}},{"type":"Feature","properties":{"codigo_unidade":"0206019","nome":"EM CHRISTIANO HAMANN","tipo":"1","id_cre":2,"cod_territ":"2.6","logradouro":"RUA DUQUE ESTRADA","bairro":"GÁVEA","cep":"22451090","fonte_geo":"unidades_unificadas"},"geometry":{"type":"Point","coordinates":[-43.233917,-22.977954]}},{"type":"Feature","properties":{"codigo_unidade":"0206020","nome":"EM DESEMBARGADOR OSCAR TENÓRIO","tipo":"1","id_cre":2,"cod_territ":"2.6","logradouro":"RUA PROFESSOR MANUEL FERREIRA","bairro":"GÁVEA","cep":"22451030","fonte_geo":"unidades_unificadas"},"geometry":{"type":"Point","coordinates":[-43.227962,-22.977526]}},{"type":"Feature","properties":{"codigo_unidade":"0206021","nome":"EM ALMIRANTE TAMANDARÉ","tipo":"1","id_cre":2,"cod_territ":"2.5","logradouro":"Av Pres João Goulart","bairro":"VIDIGAL","cep":"22450242","fonte_geo":"unidades_unificadas"},"geometry":{"type":"Point","coordinates":[-43.235579,-22.993697]}},{"type":"Feature","properties":{"codigo_unidade":"0206022","nome":"EM LÚCIA MIGUEL PEREIRA","tipo":"1","id_cre":2,"cod_territ":"2.10","logradouro":"RUA MARTAGÃO GESTEIRA","bairro":"SÃO CONRADO","cep":"22610160","fonte_geo":"unidades_unificadas"},"geometry":{"type":"Point","coordinates":[-43.272181,-22.997417]}},{"type":"Feature","properties":{"codigo_unidade":"0206023","nome":"EM PREFEITO DJALMA MARANHÃO","tipo":"1","id_cre":2,"cod_territ":"2.5","logradouro":"AVENIDA NIEMEYER","bairro":"VIDIGAL","cep":"22450220","fonte_geo":"unidades_unificadas"},"geometry":{"type":"Point","coordinates":[-43.234914,-22.995359]}},{"type":"Feature","properties":{"codigo_unidade":"0206024","nome":"EM SERGIO VIEIRA DE MELLO","tipo":"1","id_cre":2,"cod_territ":"2.5","logradouro":"RUA ADALBERTO FERREIRA","bairro":"LEBLON","cep":"22441040","fonte_geo":"unidades_unificadas"},"geometry":{"type":"Point","coordinates":[-43.222667,-22.979382]}},{"type":"Feature","properties":{"codigo_unidade":"02061","nome":"CP CRECHE INSTITUTO MACINTYRE","tipo":"1","id_cre":null,"cod_territ":null,"logradouro":"Avenida Pavãozinho","bairro":"COPACABANA","cep":"22071060","fonte_geo":"ausente"},"geometry":null},{"type":"Feature","properties":{"codigo_unidade":"02062","nome":"CP CENTRO EDUCACIONAL ROUPA FELIZ","tipo":"1","id_cre":null,"cod_territ":null,"logradouro":"RUA UM","bairro":"ROCINHA","cep":"22451263","fonte_geo":"ausente"},"geometry":null},{"type":"Feature","properties":{"codigo_unidade":"0206201","nome":"CEM PRESIDENTE  JOAO GOULART","tipo":"4","id_cre":null,"cod_territ":null,"logradouro":null,"bairro":null,"cep":null,"fonte_geo":"ausente"},"geometry":null},{"type":"Feature","properties":{"codigo_unidade":"0206203","nome":"CEM PRESIDENTE JOÃO GOULART - 5ª/8ª","tipo":"4","id_cre":null,"cod_territ":null,"logradouro":null,"bairro":null,"cep":null,"fonte_geo":"ausente"},"geometry":null},{"type":"Feature","properties":{"codigo_unidade":"02063","nome":"CP CRECHE ANJOS DO BEM","tipo":"1","id_cre":null,"cod_territ":null,"logradouro":"\"RUA NOSSA SENHORA DE LOURDES \"","bairro":"GRAJAU","cep":"20540370","fonte_geo":"ausente"},"geometry":null},{"type":"Feature","properties":{"codigo_unidade":"02064","nome":"CP COLÉGIO RESSURREIÇÃO","tipo":"1","id_cre":null,"cod_territ":null,"logradouro":null,"bairro":null,"cep":null,"fonte_geo":"ausente"},"geometry":null},{"type":"Feature","properties":{"codigo_unidade":"0206501","nome":"CIEP PRESIDENTE JOÃO GOULART","tipo":"1","id_cre":2,"cod_territ":"2.4","logradouro":"RUA ALBERTO DE CAMPOS","bairro":"IPANEMA","cep":"22411030","fonte_geo":"unidades_unificadas"},"geometry":{"type":"Point","coordinates":[-43.199175,-22.980693]}},{"type":"Feature","properties":{"codigo_unidade":"0206502","nome":"CIEP NAÇÃO RUBRO NEGRA","tipo":"1","id_cre":2,"cod_territ":"2.5","logradouro":"PRAÇA NOSSA SENHORA AUXILIADORA","bairro":"LEBLON","cep":"22441050","fonte_geo":"unidades_unificadas"},"geometry":{"type":"Point","coordinates":[-43.222437,-22.978275]}},{"type":"Feature","properties":{"codigo_unidade":"0206601","nome":"CM DOUTOR SOBRAL PINTO","tipo":"1","id_cre":2,"cod_territ":"2.5","logradouro":"AVENIDA PRESIDENTE JOÃO GOULART","bairro":"VIDIGAL","cep":"22452690","fonte_geo":"unidades_unificadas"},"geometry":{"type":"Point","coordinates":[-43.245549,-22.996197]}},{"type":"Feature","properties":{"codigo_unidade":"0206602","nome":"CM VIDIGAL","tipo":"1","id_cre":2,"cod_territ":"2.5","logradouro":"AV PRES JOAO GOULART","bairro":"VIDIGAL","cep":"22450242","fonte_geo":"unidades_unificadas"},"geometry":{"type":"Point","coordinates":[-43.235266,-22.993826]}},{"type":"Feature","properties":{"codigo_unidade":"0206603","nome":"CM JACÓ INÁCIO GOMES","tipo":"1","id_cre":2,"cod_territ":"2.10","logradouro":"\"ESTRADA DAS CANOAS                                                            \"","bairro":"SÃO CONRADO","cep":"22610210","fonte_geo":"unidades_unificadas"},"geometry":{"type":"Point","coordinates":[-43.270922,-22.994354]}},{"type":"Feature","properties":{"codigo_unidade":"0206604","nome":"CM DA RUA DOIS","tipo":"4","id_cre":null,"cod_territ":null,"logradouro":null,"bairro":null,"cep":null,"fonte_geo":"ausente"},"geometry":null},{"type":"Feature","properties":{"codigo_unidade":"0206605","nome":"CM DOUTOR PEDRO BLOCH","tipo":"1","id_cre":2,"cod_territ":"2.6","logradouro":"Estrada Santa Marinha","bairro":"Gávea","cep":"22451240","fonte_geo":"unidades_unificadas"},"geometry":{"type":"Point","coordinates":[-43.240524,-22.981455]}},{"type":"Feature","properties":{"codigo_unidade":"0206606","nome":"CM ELZA MACHADO DOS SANTOS - TIA ELZA","tipo":"1","id_cre":2,"cod_territ":"2.4","logradouro":"\"  RUA SAINT ROMAN\"","bairro":"COPACABANA","cep":"22071060","fonte_geo":"unidades_unificadas"},"geometry":{"type":"Point","coordinates":[-43.196355,-22.981527]}},{"type":"Feature","properties":{"codigo_unidade":"0206801","nome":"EDI RUBEM BRAGA","tipo":"1","id_cre":2,"cod_territ":"2.6","logradouro":"PRAÇA GENERAL ALCIO SOUTO","bairro":"LAGOA","cep":"22471310","fonte_geo":"unidades_unificadas"},"geometry":{"type":"Point","coordinates":[-43.203499,-22.961745]}},{"type":"Feature","properties":{"codigo_unidade":"0206802","nome":"EDI JÚLIA KUBITSCHEK","tipo":"1","id_cre":2,"cod_territ":"2.6","logradouro":"RUA PACHECO LEÃO","bairro":"JARDIM BOTÂNICO","cep":"22460030","fonte_geo":"unidades_unificadas"},"geometry":{"type":"Point","coordinates":[-43.229857,-22.966825]}},{"type":"Feature","properties":{"codigo_unidade":"0208001","nome":"EM AZEVEDO SODRÉ","tipo":"1","id_cre":2,"cod_territ":"2.15","logradouro":"RUA BARÃO DE UBÁ","bairro":"PRAÇA DA BANDEIRA","cep":"20260050","fonte_geo":"unidades_unificadas"},"geometry":{"type":"Point","coordinates":[-43.211091,-22.915447]}},{"type":"Feature","properties":{"codigo_unidade":"0208002","nome":"EM REVERENDO MARTIN LUTHER KING","tipo":"1","id_cre":2,"cod_territ":"2.15","logradouro":"RUA JOAQUIM PALHARES","bairro":"PRAÇA DA BANDEIRA","cep":"20260085","fonte_geo":"unidades_unificadas"},"geometry":{"type":"Point","coordinates":[-43.211634,-22.911645]}},{"type":"Feature","properties":{"codigo_unidade":"0208003","nome":"EM LAUDIMIA TROTTA","tipo":"1","id_cre":2,"cod_territ":"2.13","logradouro":"RUA ANTÔNIO BASÍLIO","bairro":"TIJUCA","cep":"20511190","fonte_geo":"unidades_unificadas"},"geometry":{"type":"Point","coordinates":[-43.237889,-22.926842]}},{"type":"Feature","properties":{"codigo_unidade":"0208004","nome":"EM FRANCISCO CABRITA","tipo":"1","id_cre":2,"cod_territ":"2.12","logradouro":"AVENIDA MELO MATOS","bairro":"TIJUCA","cep":"20270290","fonte_geo":"unidades_unificadas"},"geometry":{"type":"Point","coordinates":[-43.220332,-22.920185]}},{"type":"Feature","properties":{"codigo_unidade":"0208005","nome":"EM BOMBEIRO GERALDO DIAS","tipo":"1","id_cre":2,"cod_territ":"2.12","logradouro":"RUA FRANCISCO GRACA","bairro":"TIJUCA","cep":"20521110","fonte_geo":"unidades_unificadas"},"geometry":{"type":"Point","coordinates":[-43.227994,-22.929565]}},{"type":"Feature","properties":{"codigo_unidade":"0208006","nome":"EM PRUDENTE DE MORAES","tipo":"1","id_cre":2,"cod_territ":"2.13","logradouro":"RUA ENES DE SOUZA","bairro":"TIJUCA","cep":"20251210","fonte_geo":"unidades_unificadas"},"geometry":{"type":"Point","coordinates":[-43.232871,-22.92906]}},{"type":"Feature","properties":{"codigo_unidade":"0208007","nome":"EM BARÃO DE ITACURUSSÁ","tipo":"1","id_cre":2,"cod_territ":"2.13","logradouro":"RUA ANDRADE NEVES","bairro":"TIJUCA","cep":"20510230","fonte_geo":"unidades_unificadas"},"geometry":{"type":"Point","coordinates":[-43.23945,-22.933599]}},{"type":"Feature","properties":{"codigo_unidade":"0208008","nome":"EM ALMIRANTE BARROSO","tipo":"1","id_cre":2,"cod_territ":"2.13","logradouro":"RUA HOMEM DE MELO","bairro":"TIJUCA","cep":"20510180","fonte_geo":"unidades_unificadas"},"geometry":{"type":"Point","coordinates":[-43.239026,-22.934274]}},{"type":"Feature","properties":{"codigo_unidade":"0208009","nome":"EM GENERAL EUCLYDES DE FIGUEIREDO","tipo":"1","id_cre":2,"cod_territ":"2.15","logradouro":"RUA ALZIRA BRANDÃO","bairro":"TIJUCA","cep":"20520070","fonte_geo":"unidades_unificadas"},"geometry":{"type":"Point","coordinates":[-43.224877,-22.920148]}},{"type":"Feature","properties":{"codigo_unidade":"0208010","nome":"EM SOARES PEREIRA","tipo":"1","id_cre":2,"cod_territ":"2.13","logradouro":"AVENIDA MARACANÃ","bairro":"TIJUCA","cep":"20511001","fonte_geo":"unidades_unificadas"},"geometry":{"type":"Point","coordinates":[-43.243118,-22.932529]}},{"type":"Feature","properties":{"codigo_unidade":"0208011","nome":"EM JORNALISTA BRITO BROCA","tipo":"1","id_cre":2,"cod_territ":"2.13","logradouro":"\"RUA CASTELNUOVO \"","bairro":"TIJUCA","cep":"20530120","fonte_geo":"unidades_unificadas"},"geometry":{"type":"Point","coordinates":[-43.24174,-22.943418]}},{"type":"Feature","properties":{"codigo_unidade":"0208012","nome":"EM ORSINA DA FONSECA","tipo":"1","id_cre":2,"cod_territ":"2.15","logradouro":"RUA SÃO FRANCISCO XAVIER","bairro":"TIJUCA","cep":"20550010","fonte_geo":"unidades_unificadas"},"geometry":{"type":"Point","coordinates":[-43.224101,-22.92016]}},{"type":"Feature","properties":{"codigo_unidade":"0208013","nome":"EM MÁRIO DA VEIGA CABRAL","tipo":"1","id_cre":2,"cod_territ":"2.12","logradouro":"AVENIDA MELO MATOS","bairro":"TIJUCA","cep":"20270290","fonte_geo":"unidades_unificadas"},"geometry":{"type":"Point","coordinates":[-43.22078,-22.920559]}},{"type":"Feature","properties":{"codigo_unidade":"0208014","nome":"EM FREI CASSIANO","tipo":"1","id_cre":2,"cod_territ":"2.12","logradouro":"RUA JOAQUIM PIZARRO","bairro":"TIJUCA","cep":"20261110","fonte_geo":"unidades_unificadas"},"geometry":{"type":"Point","coordinates":[-43.216244,-22.925024]}},{"type":"Feature","properties":{"codigo_unidade":"0208016","nome":"EM LEITÃO DA CUNHA","tipo":"1","id_cre":2,"cod_territ":"2.15","logradouro":"RUA MAJOR ÁVILA","bairro":"TIJUCA","cep":"20511140","fonte_geo":"unidades_unificadas"},"geometry":{"type":"Point","coordinates":[-43.23351,-22.921181]}},{"type":"Feature","properties":{"codigo_unidade":"0208017","nome":"EM ARAÚJO PORTO ALEGRE","tipo":"1","id_cre":2,"cod_territ":"2.11","logradouro":"ESTRADA VELHA DA TIJUCA","bairro":"ALTO DA BOA VISTA","cep":"20531080","fonte_geo":"unidades_unificadas"},"geometry":{"type":"Point","coordinates":[-43.258095,-22.947972]}},{"type":"Feature","properties":{"codigo_unidade":"0208018","nome":"EM MENEZES VIEIRA","tipo":"1","id_cre":2,"cod_territ":"2.11","logradouro":"RUA BOA VISTA","bairro":"ALTO DA BOA VISTA","cep":"20531610","fonte_geo":"unidades_unificadas"},"geometry":{"type":"Point","coordinates":[-43.277208,-22.965138]}},{"type":"Feature","properties":{"codigo_unidade":"0208020","nome":"EM DIOGO FEIJÓ","tipo":"1","id_cre":2,"cod_territ":"2.11","logradouro":"ESTRADA DA PAZ","bairro":"ALTO DA BOA VISTA","cep":"20531340","fonte_geo":"unidades_unificadas"},"geometry":{"type":"Point","coordinates":[-43.297311,-22.967216]}},{"type":"Feature","properties":{"codigo_unidade":"0208021","nome":"EM MÁRIO FACCINI","tipo":"1","id_cre":2,"cod_territ":"2.11","logradouro":"AVENIDA EDISON PASSOS","bairro":"ALTO DA BOA VISTA","cep":"20531070","fonte_geo":"unidades_unificadas"},"geometry":{"type":"Point","coordinates":[-43.261077,-22.949316]}},{"type":"Feature","properties":{"codigo_unidade":"0208022","nome":"EM MATA MACHADO","tipo":"1","id_cre":2,"cod_territ":"2.11","logradouro":"ESTRADA DAS FURNAS","bairro":"Alto da Boa Vista","cep":"20531571","fonte_geo":"unidades_unificadas"},"geometry":{"type":"Point","coordinates":[-43.285333,-22.974449]}},{"type":"Feature","properties":{"codigo_unidade":"0208023","nome":"EM MARC FERREZ","tipo":"1","id_cre":2,"cod_territ":"2.11","logradouro":"RUA JORNALISTA GUIMA","bairro":"ALTO DA BOA VISTA","cep":"20531400","fonte_geo":"unidades_unificadas"},"geometry":{"type":"Point","coordinates":[-43.278468,-22.965546]}},{"type":"Feature","properties":{"codigo_unidade":"0208501","nome":"CIEP SAMUEL WAINER","tipo":"1","id_cre":2,"cod_territ":"2.15","logradouro":"AVENIDA HEITOR BELTRÃO","bairro":"TIJUCA","cep":"20550000","fonte_geo":"unidades_unificadas"},"geometry":{"type":"Point","coordinates":[-43.227998,-22.921274]}},{"type":"Feature","properties":{"codigo_unidade":"0208502","nome":"CIEP DOUTOR ANTOINE MAGARINOS TORRES FILHO","tipo":"1","id_cre":2,"cod_territ":"2.11","logradouro":"RUA SÃO MIGUEL","bairro":"TIJUCA","cep":"20530420","fonte_geo":"unidades_unificadas"},"geometry":{"type":"Point","coordinates":[-43.253099,-22.94048]}},{"type":"Feature","properties":{"codigo_unidade":"0208601","nome":"CM CASA BRANCA - PROFESSOR PAULO FREIRE","tipo":"1","id_cre":2,"cod_territ":"2.13","logradouro":"TRAVESSA VULCANO S/Nº  TRAVESSA VENÂNCIO","bairro":"TIJUCA","cep":"20530390","fonte_geo":"unidades_unificadas"},"geometry":{"type":"Point","coordinates":[-43.248803,-22.936602]}},{"type":"Feature","properties":{"codigo_unidade":"0208603","nome":"CM RAÍZES DO SALGUEIRO","tipo":"1","id_cre":2,"cod_territ":"2.12","logradouro":"RUA JUNQUILHOS","bairro":"TIJUCA","cep":"20521090","fonte_geo":"unidades_unificadas"},"geometry":{"type":"Point","coordinates":[-43.225674,-22.928219]}},{"type":"Feature","properties":{"codigo_unidade":"0208604","nome":"CM TIA BELA","tipo":"1","id_cre":2,"cod_territ":"2.13","logradouro":"Caminho da Grota","bairro":"Tijuca","cep":"20530090","fonte_geo":"unidades_unificadas"},"geometry":{"type":"Point","coordinates":[-43.243002,-22.93817]}},{"type":"Feature","properties":{"codigo_unidade":"0208605","nome":"CM TIA MARIA","tipo":"1","id_cre":2,"cod_territ":"2.13","logradouro":"RUA CASTEL NUOVO","bairro":"TIJUCA","cep":"20530120","fonte_geo":"unidades_unificadas"},"geometry":{"type":"Point","coordinates":[-43.24161,-22.943486]}},{"type":"Feature","properties":{"codigo_unidade":"0208606","nome":"CM DOUTOR RONALDO LUIZ GAZOLLA","tipo":"1","id_cre":2,"cod_territ":"2.13","logradouro":"RUA PAULINO NOGUEIRA","bairro":"TIJUCA","cep":"20530100","fonte_geo":"unidades_unificadas"},"geometry":{"type":"Point","coordinates":[-43.24459,-22.94015]}},{"type":"Feature","properties":{"codigo_unidade":"0208607","nome":"CM DOS SONHOS","tipo":"1","id_cre":2,"cod_territ":"2.12","logradouro":"RUA MOISÉS BORGES","bairro":"TIJUCA","cep":"20260330","fonte_geo":"unidades_unificadas"},"geometry":{"type":"Point","coordinates":[-43.220047,-22.926104]}},{"type":"Feature","properties":{"codigo_unidade":"0208608","nome":"CM DOUTOR SÉRGIO AROUCA","tipo":"1","id_cre":2,"cod_territ":"2.12","logradouro":"\"RUA JOAQUIM PIZARRO \"","bairro":"RIO COMPRIDO","cep":"20261110","fonte_geo":"unidades_unificadas"},"geometry":{"type":"Point","coordinates":[-43.215483,-22.922555]}},{"type":"Feature","properties":{"codigo_unidade":"0208801","nome":"EDI IGOR MORAES DA SILVA","tipo":"1","id_cre":2,"cod_territ":"2.11","logradouro":"PRAÇA  MACHADO COSTA","bairro":"ALTO DA BOA VISTA","cep":"20745311","fonte_geo":"unidades_unificadas"},"geometry":{"type":"Point","coordinates":[-43.284476,-22.975728]}},{"type":"Feature","properties":{"codigo_unidade":"0208802","nome":"EDI DR. MARCELO CANDIA","tipo":"1","id_cre":2,"cod_territ":"2.11","logradouro":"ESTRADA DA INDEPENDÊNCIA","bairro":"TIJUCA","cep":"20530400","fonte_geo":"unidades_unificadas"},"geometry":{"type":"Point","coordinates":[-43.254622,-22.939523]}},{"type":"Feature","properties":{"codigo_unidade":"0208803","nome":"EDI BOREL","tipo":"1","id_cre":2,"cod_territ":"2.11","logradouro":"RUA SÃO MIGUEL","bairro":"TIJUCA","cep":"20530420","fonte_geo":"unidades_unificadas"},"geometry":{"type":"Point","coordinates":[-43.25352,-22.940985]}},{"type":"Feature","properties":{"codigo_unidade":"0208804","nome":"EDI CHÁCARA DO CÉU","tipo":"1","id_cre":2,"cod_territ":"2.11","logradouro":"\"ESTRADA DA INDEPENDÊNCIA \"","bairro":"TIJUCA","cep":"20530400","fonte_geo":"unidades_unificadas"},"geometry":{"type":"Point","coordinates":[-43.25433,-22.938214]}},{"type":"Feature","properties":{"codigo_unidade":"0208805","nome":"EDI JOSÉ DA SILVA ARAÚJO","tipo":"1","id_cre":2,"cod_territ":"2.11","logradouro":"ESTRADA DAS FURNAS","bairro":"ALTO DA BOA VISTA","cep":"20531575","fonte_geo":"unidades_unificadas"},"geometry":{"type":"Point","coordinates":[-43.291175,-22.978278]}},{"type":"Feature","properties":{"codigo_unidade":"0208806","nome":"EDI RAIO DE SOL","tipo":"1","id_cre":null,"cod_territ":null,"logradouro":"RUA JOAQUIM PALHARES","bairro":"PRAÇA DA BANDEIRA","cep":"20260085","fonte_geo":"ausente"},"geometry":null},{"type":"Feature","properties":{"codigo_unidade":"0209001","nome":"EM BENEDITO OTTONI","tipo":"1","id_cre":2,"cod_territ":"2.15","logradouro":"RUA SENADOR FURTADO","bairro":"MARACANÃ","cep":"20270020","fonte_geo":"unidades_unificadas"},"geometry":{"type":"Point","coordinates":[-43.219361,-22.910912]}},{"type":"Feature","properties":{"codigo_unidade":"0209003","nome":"EEM FRANCISCO DE CASTRO","tipo":"1","id_cre":2,"cod_territ":"2.15","logradouro":"AVENIDA PAULA SOUSA","bairro":"MARACANÃ","cep":"20271120","fonte_geo":"unidades_unificadas"},"geometry":{"type":"Point","coordinates":[-43.225933,-22.913485]}},{"type":"Feature","properties":{"codigo_unidade":"0209004","nome":"EM CONSELHEIRO MAYRINK","tipo":"1","id_cre":2,"cod_territ":"2.15","logradouro":"PRAÇA GENERAL PORTINHO","bairro":"MARACANÃ","cep":"20271010","fonte_geo":"unidades_unificadas"},"geometry":{"type":"Point","coordinates":[-43.223996,-22.914467]}},{"type":"Feature","properties":{"codigo_unidade":"0209005","nome":"EM BARÃO HOMEM DE MELLO","tipo":"1","id_cre":2,"cod_territ":"2.15","logradouro":"RUA ALMIRANTE JOÃO CÂNDIDO BRASIL","bairro":"MARACANÃ","cep":"20511020","fonte_geo":"unidades_unificadas"},"geometry":{"type":"Point","coordinates":[-43.236925,-22.916829]}},{"type":"Feature","properties":{"codigo_unidade":"0209006","nome":"EM FRIEDENREICH","tipo":"1","id_cre":2,"cod_territ":"2.15","logradouro":"AVENIDA MARACANÃ","bairro":"MARACANÃ","cep":"20271111","fonte_geo":"unidades_unificadas"},"geometry":{"type":"Point","coordinates":[-43.228792,-22.913299]}},{"type":"Feature","properties":{"codigo_unidade":"0209007","nome":"EM JORNALISTA ASSIS CHATEAUBRIAND","tipo":"1","id_cre":2,"cod_territ":"2.17","logradouro":"RUA VISCONDE DE SANTA ISABEL","bairro":"VILA ISABEL","cep":"20560120","fonte_geo":"unidades_unificadas"},"geometry":{"type":"Point","coordinates":[-43.258957,-22.91668]}},{"type":"Feature","properties":{"codigo_unidade":"0209008","nome":"EM MADRID","tipo":"1","id_cre":2,"cod_territ":"2.15","logradouro":"RUA MAXWELL","bairro":"VILA ISABEL","cep":"20541100","fonte_geo":"unidades_unificadas"},"geometry":{"type":"Point","coordinates":[-43.236531,-22.916227]}},{"type":"Feature","properties":{"codigo_unidade":"0209009","nome":"EM REPÚBLICA ARGENTINA","tipo":"1","id_cre":2,"cod_territ":"2.15","logradouro":"UA PROFESSOR EURICO RABELO","bairro":"\"MARACANÃ \"","cep":"20271150","fonte_geo":"unidades_unificadas"},"geometry":{"type":"Point","coordinates":[-43.238644,-22.914603]}},{"type":"Feature","properties":{"codigo_unidade":"0209010","nome":"EM EQUADOR","tipo":"1","id_cre":2,"cod_territ":"2.16","logradouro":"BOULEVARD VINTE E OITO DE SETEMBRO","bairro":"VILA ISABEL","cep":"20551031","fonte_geo":"unidades_unificadas"},"geometry":{"type":"Point","coordinates":[-43.247048,-22.916152]}},{"type":"Feature","properties":{"codigo_unidade":"0209011","nome":"EM NOEL ROSA","tipo":"1","id_cre":2,"cod_territ":"2.17","logradouro":"RUA BARÃO DO BOM RETIRO","bairro":"GRAJAÚ","cep":"20540341","fonte_geo":"unidades_unificadas"},"geometry":{"type":"Point","coordinates":[-43.262438,-22.915607]}},{"type":"Feature","properties":{"codigo_unidade":"0209012","nome":"EM MÁRIO DE ANDRADE","tipo":"1","id_cre":2,"cod_territ":"2.17","logradouro":"RUA JOUBERT DE CARVALHO","bairro":"VILA ISABEL","cep":"20560140","fonte_geo":"unidades_unificadas"},"geometry":{"type":"Point","coordinates":[-43.259128,-22.915817]}},{"type":"Feature","properties":{"codigo_unidade":"0209013","nome":"EM FRANCISCO MANUEL","tipo":"1","id_cre":2,"cod_territ":"2.15","logradouro":"RUA SENADOR SOARES","bairro":"VILA ISABEL","cep":"20541020","fonte_geo":"unidades_unificadas"},"geometry":{"type":"Point","coordinates":[-43.242192,-22.920406]}},{"type":"Feature","properties":{"codigo_unidade":"0209014","nome":"EM GENERAL HUMBERTO DE SOUZA MELLO","tipo":"1","id_cre":2,"cod_territ":"2.15","logradouro":"RUA OITO DE DEZEMBRO","bairro":"MARACANÃ","cep":"20550200","fonte_geo":"unidades_unificadas"},"geometry":{"type":"Point","coordinates":[-43.239393,-22.909823]}},{"type":"Feature","properties":{"codigo_unidade":"0209015","nome":"CM ANTONIO FERNANDES DA SILVEIRA","tipo":"4","id_cre":null,"cod_territ":null,"logradouro":null,"bairro":null,"cep":null,"fonte_geo":"ausente"},"geometry":null},{"type":"Feature","properties":{"codigo_unidade":"0209016","nome":"EM AFFONSO PENNA","tipo":"1","id_cre":2,"cod_territ":"2.15","logradouro":"RUA BARÃO DE MESQUITA","bairro":"ANDARAÍ","cep":"20541145","fonte_geo":"unidades_unificadas"},"geometry":{"type":"Point","coordinates":[-43.24003,-22.924401]}},{"type":"Feature","properties":{"codigo_unidade":"0209017","nome":"EM BAPTISTA PEREIRA","tipo":"1","id_cre":2,"cod_territ":"2.16","logradouro":"RUA SILVA TELES","bairro":"ANDARAÍ","cep":"20541000","fonte_geo":"unidades_unificadas"},"geometry":{"type":"Point","coordinates":[-43.243687,-22.922375]}},{"type":"Feature","properties":{"codigo_unidade":"0209018","nome":"EM RODRIGO MELLO FRANCO ANDRADE","tipo":"1","id_cre":2,"cod_territ":"2.16","logradouro":"RUA ERNESTO DE SOUZA","bairro":"ANDARAÍ","cep":"20510360","fonte_geo":"unidades_unificadas"},"geometry":{"type":"Point","coordinates":[-43.25036,-22.930185]}},{"type":"Feature","properties":{"codigo_unidade":"0209019","nome":"EM AFRÂNIO PEIXOTO","tipo":"1","id_cre":2,"cod_territ":"2.16","logradouro":"\"RUA FERREIRA PONTES \"","bairro":"ANDARAÍ","cep":"20541280","fonte_geo":"unidades_unificadas"},"geometry":{"type":"Point","coordinates":[-43.254913,-22.926855]}},{"type":"Feature","properties":{"codigo_unidade":"0209020","nome":"EM EPITÁCIO PESSOA","tipo":"1","id_cre":2,"cod_territ":"2.16","logradouro":"RUA ERNESTO DE SOUZA","bairro":"ANDARAÍ","cep":"20510360","fonte_geo":"unidades_unificadas"},"geometry":{"type":"Point","coordinates":[-43.250996,-22.929748]}},{"type":"Feature","properties":{"codigo_unidade":"0209021","nome":"EM PRESIDENTE JOÃO GOULART","tipo":"1","id_cre":2,"cod_territ":"2.16","logradouro":"RUA BARÃO DE MESQUITA","bairro":"ANDARAÍ","cep":"20561000","fonte_geo":"unidades_unificadas"},"geometry":{"type":"Point","coordinates":[-43.252084,-22.921133]}},{"type":"Feature","properties":{"codigo_unidade":"0209023","nome":"EM PANAMÁ","tipo":"1","id_cre":2,"cod_territ":"2.16","logradouro":"RUA DUQUESA DE BRAGANÇA","bairro":"GRAJAÚ","cep":"20540300","fonte_geo":"unidades_unificadas"},"geometry":{"type":"Point","coordinates":[-43.255196,-22.923189]}},{"type":"Feature","properties":{"codigo_unidade":"0209024","nome":"EM DUQUE DE CAXIAS","tipo":"1","id_cre":2,"cod_territ":"2.14","logradouro":"RUA MARECHAL JOFRE","bairro":"GRAJAÚ","cep":"20560180","fonte_geo":"unidades_unificadas"},"geometry":{"type":"Point","coordinates":[-43.26509,-22.918541]}},{"type":"Feature","properties":{"codigo_unidade":"0209025","nome":"EM FRANCISCO CAMPOS","tipo":"1","id_cre":2,"cod_territ":"2.16","logradouro":"RUA NOSSA SENHORA DE LOURDES","bairro":"GRAJAÚ","cep":"20540370","fonte_geo":"unidades_unificadas"},"geometry":{"type":"Point","coordinates":[-43.257756,-22.921896]}},{"type":"Feature","properties":{"codigo_unidade":"0209026","nome":"EM PROFESSOR LOURENÇO FILHO","tipo":"1","id_cre":2,"cod_territ":"2.14","logradouro":"PRAÇA EDMUNDO REGO","bairro":"GRAJAÚ","cep":"20561130","fonte_geo":"unidades_unificadas"},"geometry":{"type":"Point","coordinates":[-43.264667,-22.923039]}},{"type":"Feature","properties":{"codigo_unidade":"0209501","nome":"CIEP PRESIDENTE SALVADOR ALLENDE","tipo":"1","id_cre":2,"cod_territ":"2.17","logradouro":"RUA ARMANDO DE ALBUQUERQUE","bairro":"VILA ISABEL","cep":"20560130","fonte_geo":"unidades_unificadas"},"geometry":{"type":"Point","coordinates":[-43.259181,-22.914087]}},{"type":"Feature","properties":{"codigo_unidade":"0209601","nome":"CM PIPA NO CÉU","tipo":"1","id_cre":2,"cod_territ":"3.2","logradouro":"RUA MAESTRO ERNESTO NAZARETH","bairro":"VILA ISABEL","cep":"20550210","fonte_geo":"unidades_unificadas"},"geometry":{"type":"Point","coordinates":[-43.242383,-22.9068]}},{"type":"Feature","properties":{"codigo_unidade":"0209602","nome":"CM CANTINHO DO CÉU","tipo":"1","id_cre":2,"cod_territ":"2.13","logradouro":"\" RUA TENENTE MARQUES DE SOUSA\"","bairro":"TIJUCA","cep":"20530006","fonte_geo":"unidades_unificadas"},"geometry":{"type":"Point","coordinates":[-43.25058,-22.930966]}},{"type":"Feature","properties":{"codigo_unidade":"0209603","nome":"CM GALDINO MANOEL DA SILVA","tipo":"1","id_cre":2,"cod_territ":"2.14","logradouro":"RUA ADOLFO CAMINHA","bairro":"ANDARAÍ","cep":"20541310","fonte_geo":"unidades_unificadas"},"geometry":{"type":"Point","coordinates":[-43.260764,-22.933066]}},{"type":"Feature","properties":{"codigo_unidade":"0209604","nome":"CM NOVA DIVINÉIA","tipo":"1","id_cre":2,"cod_territ":"2.14","logradouro":"\"RUA ENGENHEIRO MORSING \"","bairro":"GRAJAÚ","cep":"20561220","fonte_geo":"unidades_unificadas"},"geometry":{"type":"Point","coordinates":[-43.263875,-22.928893]}},{"type":"Feature","properties":{"codigo_unidade":"0209605","nome":"CM SÃO SEBASTIÃO - ARRELIA","tipo":"1","id_cre":2,"cod_territ":"2.14","logradouro":"\" RUA SANTO AGOSTINHO  \"","bairro":"ANDARAÍ","cep":"20541260","fonte_geo":"unidades_unificadas"},"geometry":{"type":"Point","coordinates":[-43.261847,-22.936518]}},{"type":"Feature","properties":{"codigo_unidade":"0209606","nome":"CM WINNIE MANDELA","tipo":"1","id_cre":2,"cod_territ":"2.14","logradouro":"RUA ANDARAÍ","bairro":"ANDARAÍ","cep":"20541210","fonte_geo":"unidades_unificadas"},"geometry":{"type":"Point","coordinates":[-43.257283,-22.932545]}},{"type":"Feature","properties":{"codigo_unidade":"0209607","nome":"CM SOLANGE MARIA MAGALHÃES","tipo":"1","id_cre":2,"cod_territ":"2.18","logradouro":"RUA SENADOR NABUCO","bairro":"VILA ISABEL","cep":"20551230","fonte_geo":"unidades_unificadas"},"geometry":{"type":"Point","coordinates":[-43.252219,-22.913574]}},{"type":"Feature","properties":{"codigo_unidade":"0209608","nome":"CM GERMINAL DA VILA","tipo":"1","id_cre":2,"cod_territ":"2.18","logradouro":"\" RUA PETROCOCHINO\"","bairro":"VILA ISABEL","cep":"20551255","fonte_geo":"unidades_unificadas"},"geometry":{"type":"Point","coordinates":[-43.255247,-22.913956]}},{"type":"Feature","properties":{"codigo_unidade":"0209609","nome":"CM PAPA JOÃO PAULO II","tipo":"1","id_cre":2,"cod_territ":"2.14","logradouro":"RUA SÁ VIANA","bairro":"GRAJAÚ","cep":"20540260","fonte_geo":"unidades_unificadas"},"geometry":{"type":"Point","coordinates":[-43.26211,-22.929088]}},{"type":"Feature","properties":{"codigo_unidade":"0209610","nome":"CM FRANCISCO DE PAULA","tipo":"1","id_cre":2,"cod_territ":"2.18","logradouro":"RUA CORREIA DE OLIVEIRA","bairro":"VILA ISABEL","cep":"20551200","fonte_geo":"unidades_unificadas"},"geometry":{"type":"Point","coordinates":[-43.24757,-22.91189]}},{"type":"Feature","properties":{"codigo_unidade":"0209801","nome":"EDI BARBARA OTTONI","tipo":"1","id_cre":2,"cod_territ":"2.15","logradouro":"RUA SENADOR FURTADO","bairro":"MARACANÃ","cep":"20270020","fonte_geo":"unidades_unificadas"},"geometry":{"type":"Point","coordinates":[-43.219745,-22.910609]}},{"type":"Feature","properties":{"codigo_unidade":"0209802","nome":"EDI ANÍBAL MACHADO","tipo":"1","id_cre":2,"cod_territ":"2.16","logradouro":"RUA ERNESTO DE SOUZA","bairro":"ANDARAÍ","cep":"20510360","fonte_geo":"unidades_unificadas"},"geometry":{"type":"Point","coordinates":[-43.25082,-22.929606]}},{"type":"Feature","properties":{"codigo_unidade":"0209803","nome":"EDI PROFESSORA SUELY DE PINHO CAVALCANTE","tipo":"1","id_cre":2,"cod_territ":"2.17","logradouro":"\" RUA ARMANDO DE ALBUQUERQUE, \"","bairro":"VILA ISABEL","cep":"20560130","fonte_geo":"unidades_unificadas"},"geometry":{"type":"Point","coordinates":[-43.259923,-22.914416]}},{"type":"Feature","properties":{"codigo_unidade":"0209803","nome":"EDI PROFESSORA SUELY DE PINHO CAVALCANTE","tipo":"3","id_cre":2,"cod_territ":"2.17","logradouro":null,"bairro":null,"cep":null,"fonte_geo":"unidades_unificadas"},"geometry":{"type":"Point","coordinates":[-43.259923,-22.914416]}},{"type":"Feature","properties":{"codigo_unidade":"0209804","nome":"EDI PROFESSORA LUCIA MARIA QUITETE DE CARVALHO AMARAL","tipo":"1","id_cre":2,"cod_territ":"2.14","logradouro":"\" RUA BORDA DO MATO\"","bairro":"GRAJAÚ","cep":"20561200","fonte_geo":"unidades_unificadas"},"geometry":{"type":"Point","coordinates":[-43.26525,-22.928467]}},{"type":"Feature","properties":{"codigo_unidade":"0227001","nome":"EM ABELARDO CHACRINHA BARBOSA","tipo":"1","id_cre":2,"cod_territ":"2.8","logradouro":"RUA MARIA DO CARMO - LABORIAUX","bairro":"ROCINHA","cep":"22451261","fonte_geo":"unidades_unificadas"},"geometry":{"type":"Point","coordinates":[-43.250022,-22.983711]}},{"type":"Feature","properties":{"codigo_unidade":"0227002","nome":"EM FRANCISCO DE PAULA BRITO","tipo":"1","id_cre":2,"cod_territ":"2.8","logradouro":"RUA DIONÉIA","bairro":"ROCINHA","cep":"22451330","fonte_geo":"unidades_unificadas"},"geometry":{"type":"Point","coordinates":[-43.247697,-22.987409]}},{"type":"Feature","properties":{"codigo_unidade":"0227003","nome":"CM PASTOR BELARMINO TEIXEIRA MARTINS","tipo":"4","id_cre":null,"cod_territ":null,"logradouro":null,"bairro":null,"cep":null,"fonte_geo":"ausente"},"geometry":null},{"type":"Feature","properties":{"codigo_unidade":"0227004","nome":"EM RINALDO DE LAMARE","tipo":"1","id_cre":2,"cod_territ":"2.10","logradouro":"AVENIDA NIEMEYER","bairro":"SÃO CONRADO","cep":"22450221","fonte_geo":"unidades_unificadas"},"geometry":{"type":"Point","coordinates":[-43.252896,-22.993546]}},{"type":"Feature","properties":{"codigo_unidade":"0227005","nome":"EM ANDRÉ URANI","tipo":"1","id_cre":2,"cod_territ":"2.6","logradouro":"Estrada da Gávea","bairro":"ROCINHA","cep":"22451262","fonte_geo":"unidades_unificadas"},"geometry":{"type":"Point","coordinates":[-43.2445,-22.98471]}},{"type":"Feature","properties":{"codigo_unidade":"0227006","nome":"EM LUIZ PAULO HORTA","tipo":"1","id_cre":2,"cod_territ":"2.7","logradouro":"ESTRADA DA GÁVEA","bairro":"GÁVEA","cep":"22451272","fonte_geo":"unidades_unificadas"},"geometry":{"type":"Point","coordinates":[-43.252343,-22.989328]}},{"type":"Feature","properties":{"codigo_unidade":"0227501","nome":"CIEP DOUTOR BENTO RUBIÃO","tipo":"1","id_cre":2,"cod_territ":"2.7","logradouro":"ESTRADA DA GÁVEA","bairro":"ROCINHA","cep":"22426151","fonte_geo":"unidades_unificadas"},"geometry":{"type":"Point","coordinates":[-43.252492,-22.988835]}},{"type":"Feature","properties":{"codigo_unidade":"0227601","nome":"CM CASTELINHO","tipo":"1","id_cre":2,"cod_territ":"2.8","logradouro":"\"TRAVESSA SAMARITANA \"","bairro":"ROCINHA","cep":"22451560","fonte_geo":"unidades_unificadas"},"geometry":{"type":"Point","coordinates":[-43.246889,-22.987364]}},{"type":"Feature","properties":{"codigo_unidade":"0227602","nome":"CM IACYRA FRAZÃO","tipo":"1","id_cre":2,"cod_territ":"2.8","logradouro":"\" Estrada da Gávea \"","bairro":"Rocinha","cep":"22451264","fonte_geo":"unidades_unificadas"},"geometry":{"type":"Point","coordinates":[-43.246407,-22.985511]}},{"type":"Feature","properties":{"codigo_unidade":"0227801","nome":"EDI PROFESSORA EDIR CASEIRO RIBEIRO","tipo":"1","id_cre":2,"cod_territ":"2.8","logradouro":"\" ESTRADA DA GÁVEA \"","bairro":"ROCINHA","cep":"22451262","fonte_geo":"unidades_unificadas"},"geometry":{"type":"Point","coordinates":[-43.24644,-22.988]}},{"type":"Feature","properties":{"codigo_unidade":"03001","nome":"CP ASSOCIAÇÃO PRESBITERIANA CUIDANDO DO AMANHÃ - APCA","tipo":"1","id_cre":null,"cod_territ":null,"logradouro":"RUA VEREADOR IGLESIAS","bairro":"ENGENHO DE DENTRO","cep":"20730210","fonte_geo":"ausente"},"geometry":null},{"type":"Feature","properties":{"codigo_unidade":"03002","nome":"CP ABRIGO MARIA IMACULADA","tipo":"1","id_cre":null,"cod_territ":null,"logradouro":"RUA ANA NERI","bairro":"RIACHUELO","cep":"20960001","fonte_geo":"ausente"},"geometry":null},{"type":"Feature","properties":{"codigo_unidade":"03003","nome":"CP CASA SÃO ROQUE","tipo":"1","id_cre":null,"cod_territ":null,"logradouro":"RUA VISCONDE DE TOCANTINS","bairro":"MÉIER","cep":"20775070","fonte_geo":"ausente"},"geometry":null},{"type":"Feature","properties":{"codigo_unidade":"03004","nome":"CP CENTRO COMUNITÁRIO NOSSA SENHORA APARECIDA - CRECHE","tipo":"1","id_cre":null,"cod_territ":null,"logradouro":"RUA ARISTIDES CAIRE","bairro":"MÉIER","cep":"20775090","fonte_geo":"ausente"},"geometry":null},{"type":"Feature","properties":{"codigo_unidade":"03005","nome":"CP COLÉGIO RUTH SANT ANNA / JARDIM DE INFÂNCIA CIRANDA CIRANDINHA","tipo":"1","id_cre":null,"cod_territ":null,"logradouro":"RUA TORRES SOBRINHO","bairro":"MÉIER","cep":"20780050","fonte_geo":"ausente"},"geometry":null},{"type":"Feature","properties":{"codigo_unidade":"03006","nome":"CP CRECHE CASA VIVA","tipo":"1","id_cre":null,"cod_territ":null,"logradouro":"AV. AMARO CAVALCANTI","bairro":"ENGENHO DE DENTRO","cep":"20735042","fonte_geo":"ausente"},"geometry":null},{"type":"Feature","properties":{"codigo_unidade":"03007","nome":"CP CRECHE CHAMEGUINHO","tipo":"1","id_cre":null,"cod_territ":null,"logradouro":"RUA LUIS REGAZZI","bairro":"LINS DE VASCONCELOS","cep":"20715430","fonte_geo":"ausente"},"geometry":null},{"type":"Feature","properties":{"codigo_unidade":"03008","nome":"CP CRECHE COMUNITÁRIA ELIANA SATURNINO BRAGA","tipo":"1","id_cre":null,"cod_territ":null,"logradouro":"RUA VISTA ALEGRE","bairro":"RAMOS","cep":"20251410","fonte_geo":"ausente"},"geometry":null},{"type":"Feature","properties":{"codigo_unidade":"03009","nome":"CP CRECHE COMUNITÁRIA JOÃO FERREIRA","tipo":"1","id_cre":null,"cod_territ":null,"logradouro":"AV. CENTRAL","bairro":"RAMOS","cep":"21061700","fonte_geo":"ausente"},"geometry":null},{"type":"Feature","properties":{"codigo_unidade":"03010","nome":"CP CRECHE ESCOLA COMUNITÁRIA MÃE SOCIAL","tipo":"1","id_cre":null,"cod_territ":null,"logradouro":"RUA CANITAR","bairro":"INHAÚMA","cep":"20766200","fonte_geo":"ausente"},"geometry":null},{"type":"Feature","properties":{"codigo_unidade":"03011","nome":"CP CRECHE DO CENTRO PASTORAL SOCIAL PADRE JUSTINO RUSSOLILLO","tipo":"1","id_cre":null,"cod_territ":null,"logradouro":"RUA WALMIR","bairro":"INHAÚMA","cep":"21062110","fonte_geo":"ausente"},"geometry":null},{"type":"Feature","properties":{"codigo_unidade":"03012","nome":"CP CRECHE MÃE DO DIVINO SALVADOR","tipo":"1","id_cre":null,"cod_territ":null,"logradouro":"RUA DIVINO SALVADOR","bairro":"PIEDADE","cep":"20756210","fonte_geo":"ausente"},"geometry":null},{"type":"Feature","properties":{"codigo_unidade":"03013","nome":"CP CRECHE DO JACAREZINHO","tipo":"1","id_cre":null,"cod_territ":null,"logradouro":"RUA MIGUEL ANGELO","bairro":"CACHAMBI","cep":"20785224","fonte_geo":"ausente"},"geometry":null},{"type":"Feature","properties":{"codigo_unidade":"03014","nome":"CP CRECHE PLANTANDO O AMANHÃ","tipo":"1","id_cre":null,"cod_territ":null,"logradouro":"\"AV. PASTOR MARTIN LUTHER KING JR, \"","bairro":"DEL CASTILHO","cep":"20765000","fonte_geo":"ausente"},"geometry":null},{"type":"Feature","properties":{"codigo_unidade":"03015","nome":"CP CRECHE MARIETTA NAVARRO GAIO","tipo":"1","id_cre":null,"cod_territ":null,"logradouro":"RUA FREI PINTO","bairro":"ROCHA","cep":"20950140","fonte_geo":"ausente"},"geometry":null},{"type":"Feature","properties":{"codigo_unidade":"03016","nome":"CP CRECHE SÃO PEDRO NOLASCO","tipo":"1","id_cre":null,"cod_territ":null,"logradouro":"RUA ITAQUERI","bairro":"RAMOS","cep":"21060600","fonte_geo":"ausente"},"geometry":null},{"type":"Feature","properties":{"codigo_unidade":"03017","nome":"CP CRECHE TERNURINHA","tipo":"1","id_cre":null,"cod_territ":null,"logradouro":"\" RUA ARAUJO LEITAO                     \"","bairro":"ENGENHO NOVO","cep":"20715310","fonte_geo":"ausente"},"geometry":null},{"type":"Feature","properties":{"codigo_unidade":"03018","nome":"CP FRATERNIDADE ASSISTENCIAL CRISTÃ","tipo":"1","id_cre":null,"cod_territ":null,"logradouro":"RUA PROPÍCIA","bairro":"ENGENHO NOVO","cep":"20780160","fonte_geo":"ausente"},"geometry":null},{"type":"Feature","properties":{"codigo_unidade":"03019","nome":"CP INSTITUTO EDUCACIONAL CRESCENDO E APRENDENDO ALGODÃO DOCE","tipo":"1","id_cre":null,"cod_territ":null,"logradouro":"\" ESTRADA DO IARARE\"","bairro":"RAMOS","cep":"21061240","fonte_geo":"ausente"},"geometry":null},{"type":"Feature","properties":{"codigo_unidade":"03020","nome":"CP LAR DA CRIANÇA JESUS BOM PASTOR","tipo":"1","id_cre":null,"cod_territ":null,"logradouro":"RUA DA IGREJA","bairro":"INHAUMA","cep":"21061300","fonte_geo":"ausente"},"geometry":null},{"type":"Feature","properties":{"codigo_unidade":"03021","nome":"CP CRECHE COMUNITÁRIA TIA ALICE","tipo":"1","id_cre":null,"cod_territ":null,"logradouro":"RUA CAMBORIU","bairro":"JACAREZINHO","cep":"20975160","fonte_geo":"ausente"},"geometry":null},{"type":"Feature","properties":{"codigo_unidade":"03022","nome":"CP INSTITUTO AVANTE ELITE DO FUTURO","tipo":"1","id_cre":null,"cod_territ":null,"logradouro":"\" RUA EDMUNDO \"","bairro":"PILARES","cep":"20760700","fonte_geo":"ausente"},"geometry":null},{"type":"Feature","properties":{"codigo_unidade":"03023","nome":"CP LAR DE MARIA DOLORES","tipo":"1","id_cre":null,"cod_territ":null,"logradouro":"RUA NAZARIO","bairro":"SÃO FRANCISCO XAVIER","cep":"20950030","fonte_geo":"ausente"},"geometry":null},{"type":"Feature","properties":{"codigo_unidade":"03024","nome":"CP CASA DE LEYLÁ","tipo":"1","id_cre":null,"cod_territ":null,"logradouro":"RUA ANA NERI","bairro":"SAMPAIO","cep":"20960008","fonte_geo":"ausente"},"geometry":null},{"type":"Feature","properties":{"codigo_unidade":"03025","nome":"CP CENTRO CULTURAL EDUCAR - UNIDADE II","tipo":"1","id_cre":null,"cod_territ":null,"logradouro":"AVENIDA DOM HELDER CÂMARA","bairro":"ABOLIÇÃO","cep":"20751014","fonte_geo":"ausente"},"geometry":null},{"type":"Feature","properties":{"codigo_unidade":"03026","nome":"CP CHALÉ SEMENTINHA","tipo":"1","id_cre":null,"cod_territ":null,"logradouro":"RUA JOSÉ RUBINO","bairro":"HIGIENÓPOLIS","cep":"21050430","fonte_geo":"ausente"},"geometry":null},{"type":"Feature","properties":{"codigo_unidade":"03027","nome":"CP CENTRO CULTURAL EDUCAR - UNIDADE IV","tipo":"1","id_cre":null,"cod_territ":null,"logradouro":"RUA MOSSORO","bairro":"MÉIER","cep":"20775110","fonte_geo":"ausente"},"geometry":null},{"type":"Feature","properties":{"codigo_unidade":"03028","nome":"CP ESTRELINHA DO MAR","tipo":"1","id_cre":null,"cod_territ":null,"logradouro":"RUA DIVINO SALVADOR","bairro":"PIEDADE","cep":"20756210","fonte_geo":"ausente"},"geometry":null},{"type":"Feature","properties":{"codigo_unidade":"03029","nome":"CP CRECHE BRINCANDO COM JUNINHO","tipo":"1","id_cre":null,"cod_territ":null,"logradouro":"RUA CAMARISTA MEIER","bairro":"ENGENHO DE DENTRO","cep":"20730235","fonte_geo":"ausente"},"geometry":null},{"type":"Feature","properties":{"codigo_unidade":"03030","nome":"CP CRECHE TIO KITO","tipo":"1","id_cre":null,"cod_territ":null,"logradouro":"\"AV MARECHAL RONDON \"","bairro":"ENGENHO NOVO","cep":"20950311","fonte_geo":"ausente"},"geometry":null},{"type":"Feature","properties":{"codigo_unidade":"03031","nome":"CP ESCOLA COMUNITÁRIA JARDIM ARCO-ÍRIS - UNIDADE I","tipo":"1","id_cre":null,"cod_territ":null,"logradouro":"\" RUA VILELA TAVARES\"","bairro":"LINS DE VASCONCELOS","cep":"20725220","fonte_geo":"ausente"},"geometry":null},{"type":"Feature","properties":{"codigo_unidade":"03032","nome":"CP NÚCLEO RECREATIVO RAIOZINHO DE SOL","tipo":"1","id_cre":null,"cod_territ":null,"logradouro":"AVENIDA D HELDER CAMARA","bairro":"PILARES","cep":"20771002","fonte_geo":"ausente"},"geometry":null},{"type":"Feature","properties":{"codigo_unidade":"03033","nome":"CP INSTITUTO EDUCACIONAL T & P CONQUISTA","tipo":"1","id_cre":null,"cod_territ":null,"logradouro":"\" RUA VILELA TAVARES\"","bairro":"LINS DE VASCONCELOS","cep":"20725220","fonte_geo":"ausente"},"geometry":null},{"type":"Feature","properties":{"codigo_unidade":"03034","nome":"CP CRECHE RISCO E RABISCO","tipo":"1","id_cre":null,"cod_territ":null,"logradouro":"\"RUA MARIA BENJAMIM \"","bairro":"PILARES","cep":"20750140","fonte_geo":"ausente"},"geometry":null},{"type":"Feature","properties":{"codigo_unidade":"03035","nome":"CP CENTRO EDUCACIONAL SÃO VICENTE DE PAULO","tipo":"1","id_cre":null,"cod_territ":null,"logradouro":"RUA ANTÔNIO AUSTREGÉSILO","bairro":"INHAÚMA","cep":"21061300","fonte_geo":"ausente"},"geometry":null},{"type":"Feature","properties":{"codigo_unidade":"03036","nome":"CP CENTRO CULTURAL EVOLUIR","tipo":"1","id_cre":null,"cod_territ":null,"logradouro":"RUA SILVA ROSA","bairro":"MARIA DA GRAÇA","cep":"21050650","fonte_geo":"ausente"},"geometry":null},{"type":"Feature","properties":{"codigo_unidade":"03037","nome":"CP CRECHE FRUTOS DO AMANHÃ I","tipo":"1","id_cre":null,"cod_territ":null,"logradouro":"RUA PADRE JANUARIO","bairro":"INHAÚMA","cep":"20765140","fonte_geo":"ausente"},"geometry":null},{"type":"Feature","properties":{"codigo_unidade":"03038","nome":"CP CRECHE FRUTOS DO AMANHÃ II","tipo":"1","id_cre":null,"cod_territ":null,"logradouro":"ESTRADA ADHEMAR BEBIANO","bairro":"ENGENHO DA RAINHA","cep":"20765171","fonte_geo":"ausente"},"geometry":null},{"type":"Feature","properties":{"codigo_unidade":"03039","nome":"CP CRECHE COMUNITÁRIA CÉU AZUL","tipo":"1","id_cre":null,"cod_territ":null,"logradouro":"AVENIDA NOVO RIO","bairro":"BONSUCESSO","cep":"21041232","fonte_geo":"ausente"},"geometry":null},{"type":"Feature","properties":{"codigo_unidade":"03040","nome":"CP ASSOCIAÇÃO CRESCENCIO UNIDADE II","tipo":"1","id_cre":null,"cod_territ":null,"logradouro":"\"RUA  ANTONIO PORTELA \"","bairro":"ENGENHO NOVO","cep":"20950400","fonte_geo":"ausente"},"geometry":null},{"type":"Feature","properties":{"codigo_unidade":"03040","nome":"CP CENTRO EDUCACIONAL CARIOQUINHA","tipo":"3","id_cre":null,"cod_territ":null,"logradouro":null,"bairro":null,"cep":null,"fonte_geo":"ausente"},"geometry":null},{"type":"Feature","properties":{"codigo_unidade":"03041","nome":"CP CENTRO DE DESENVOLVIMENTO INFANTIL ESPELHO D'AGUA","tipo":"1","id_cre":null,"cod_territ":null,"logradouro":"RUA MARIO CARPENTER","bairro":"PIEDADE","cep":"20755065","fonte_geo":"ausente"},"geometry":null},{"type":"Feature","properties":{"codigo_unidade":"03042","nome":"CP CRECHE ATB","tipo":"1","id_cre":null,"cod_territ":null,"logradouro":"\" RUA CANITAR\"","bairro":"INHAÚMA","cep":"20766200","fonte_geo":"ausente"},"geometry":null},{"type":"Feature","properties":{"codigo_unidade":"03043","nome":"CP SEMEAR","tipo":"1","id_cre":null,"cod_territ":null,"logradouro":"RUA POCONE","bairro":"ENCANTADO","cep":"20745090","fonte_geo":"ausente"},"geometry":null},{"type":"Feature","properties":{"codigo_unidade":"03044","nome":"CP CRECHE ESPAÇO ENCANTADO","tipo":"1","id_cre":null,"cod_territ":null,"logradouro":null,"bairro":null,"cep":null,"fonte_geo":"ausente"},"geometry":null},{"type":"Feature","properties":{"codigo_unidade":"03045","nome":"CP CRECHE ESCOLA ESTRELA DE MARIA","tipo":"1","id_cre":null,"cod_territ":null,"logradouro":null,"bairro":null,"cep":null,"fonte_geo":"ausente"},"geometry":null},{"type":"Feature","properties":{"codigo_unidade":"03046","nome":"CP CRECHE MUNDO ENCANTADO DO PEDRINHO","tipo":"1","id_cre":null,"cod_territ":null,"logradouro":null,"bairro":null,"cep":null,"fonte_geo":"ausente"},"geometry":null},{"type":"Feature","properties":{"codigo_unidade":"0312001","nome":"EM OSWALDO CRUZ","tipo":"1","id_cre":3,"cod_territ":"3.14","logradouro":"AVENIDA DOS DEMOCRÁTICOS","bairro":"MANGUINHOS","cep":"21050000","fonte_geo":"unidades_unificadas"},"geometry":{"type":"Point","coordinates":[-43.256304,-22.877682]}},{"type":"Feature","properties":{"codigo_unidade":"0312002","nome":"EM ALCIDE DE GASPERI","tipo":"1","id_cre":3,"cod_territ":"3.14","logradouro":"RUA MIRALUZ","bairro":"HIGIENÓPOLIS","cep":"21061040","fonte_geo":"unidades_unificadas"},"geometry":{"type":"Point","coordinates":[-43.264855,-22.869598]}},{"type":"Feature","properties":{"codigo_unidade":"0312003","nome":"EM ORDEM E PROGRESSO","tipo":"1","id_cre":3,"cod_territ":"3.14","logradouro":"RUA AÇAPUVA","bairro":"HIGIENÓPOLIS","cep":"21050730","fonte_geo":"unidades_unificadas"},"geometry":{"type":"Point","coordinates":[-43.262177,-22.876374]}},{"type":"Feature","properties":{"codigo_unidade":"0312004","nome":"EM ESTADO DA GUANABARA","tipo":"1","id_cre":3,"cod_territ":"3.14","logradouro":"RUA LOURENÇO RIBEIRO","bairro":"HIGIENÓPOLIS","cep":"21050510","fonte_geo":"unidades_unificadas"},"geometry":{"type":"Point","coordinates":[-43.256668,-22.878217]}},{"type":"Feature","properties":{"codigo_unidade":"0312005","nome":"EM D. JOÃO VI","tipo":"1","id_cre":3,"cod_territ":"3.14","logradouro":"RUA DARKE DE MATOS","bairro":"HIGIENÓPOLIS","cep":"21051470","fonte_geo":"unidades_unificadas"},"geometry":{"type":"Point","coordinates":[-43.263161,-22.872878]}},{"type":"Feature","properties":{"codigo_unidade":"0312006","nome":"EM MINISTRO OROSIMBO NONATO","tipo":"1","id_cre":3,"cod_territ":"3.14","logradouro":"RUA DARKE DE MATOS","bairro":"HIGIENÓPOLIS","cep":"21051470","fonte_geo":"unidades_unificadas"},"geometry":{"type":"Point","coordinates":[-43.262799,-22.872868]}},{"type":"Feature","properties":{"codigo_unidade":"0312008","nome":"EM DELFIM MOREIRA","tipo":"1","id_cre":3,"cod_territ":"3.1","logradouro":"PRAÇA UBAJARA","bairro":"JACARÉ","cep":"20975020","fonte_geo":"unidades_unificadas"},"geometry":{"type":"Point","coordinates":[-43.252538,-22.893764]}},{"type":"Feature","properties":{"codigo_unidade":"0312009","nome":"EM GEORGE SUMNER","tipo":"1","id_cre":3,"cod_territ":"3.1","logradouro":"RUA ANA NERI","bairro":"RIACHUELO","cep":"20960081","fonte_geo":"unidades_unificadas"},"geometry":{"type":"Point","coordinates":[-43.255408,-22.900704]}},{"type":"Feature","properties":{"codigo_unidade":"0312010","nome":"EM PACE","tipo":"1","id_cre":3,"cod_territ":"3.14","logradouro":"AV. DOM HELDER CAMARA","bairro":"MARIA DA GRAÇA","cep":"21050455","fonte_geo":"unidades_unificadas"},"geometry":{"type":"Point","coordinates":[-43.258306,-22.88046]}},{"type":"Feature","properties":{"codigo_unidade":"0312011","nome":"EM PERNAMBUCO","tipo":"1","id_cre":3,"cod_territ":"3.13","logradouro":"RUA CONDE DE AZAMBUJA","bairro":"MARIA DA GRAÇA","cep":"20785341","fonte_geo":"unidades_unificadas"},"geometry":{"type":"Point","coordinates":[-43.262622,-22.884179]}},{"type":"Feature","properties":{"codigo_unidade":"0312012","nome":"EM MANUEL BONFIM","tipo":"1","id_cre":3,"cod_territ":"3.13","logradouro":"RUA BRAQUE","bairro":"DEL CASTILHO","cep":"20771350","fonte_geo":"unidades_unificadas"},"geometry":{"type":"Point","coordinates":[-43.274149,-22.884465]}},{"type":"Feature","properties":{"codigo_unidade":"0312013","nome":"EM SÃO DOMINGOS","tipo":"1","id_cre":3,"cod_territ":"3.14","logradouro":"PÇA. CONFEDERAÇÃO SUÍÇA","bairro":"DEL CASTILHO","cep":"20760020","fonte_geo":"unidades_unificadas"},"geometry":{"type":"Point","coordinates":[-43.275181,-22.879897]}},{"type":"Feature","properties":{"codigo_unidade":"0312014","nome":"EM NEREU SAMPAIO","tipo":"1","id_cre":3,"cod_territ":"3.18","logradouro":"RUA NUNES VIANA","bairro":"INHAÚMA","cep":"20765370","fonte_geo":"unidades_unificadas"},"geometry":{"type":"Point","coordinates":[-43.289141,-22.868262]}},{"type":"Feature","properties":{"codigo_unidade":"0312015","nome":"EM BARÃO DE MACAHUBAS","tipo":"1","id_cre":3,"cod_territ":"3.19","logradouro":"RUA PADRE JANUÁRIO","bairro":"INHAÚMA","cep":"20765140","fonte_geo":"unidades_unificadas"},"geometry":{"type":"Point","coordinates":[-43.282941,-22.873188]}},{"type":"Feature","properties":{"codigo_unidade":"0312016","nome":"EM CEARÁ","tipo":"1","id_cre":3,"cod_territ":"3.19","logradouro":"RUA DONA EMÍLIA","bairro":"INHAÚMA","cep":"20765110","fonte_geo":"unidades_unificadas"},"geometry":{"type":"Point","coordinates":[-43.283392,-22.872648]}},{"type":"Feature","properties":{"codigo_unidade":"0312017","nome":"EM LAURO SODRÉ","tipo":"1","id_cre":3,"cod_territ":"3.20","logradouro":"ESTRADA ADHEMAR BEBIANO","bairro":"INHAÚMA","cep":"21061751","fonte_geo":"unidades_unificadas"},"geometry":{"type":"Point","coordinates":[-43.268936,-22.872791]}},{"type":"Feature","properties":{"codigo_unidade":"0312018","nome":"EM NICOLAU ANTÔNIO TAUNAY","tipo":"1","id_cre":3,"cod_territ":"3.19","logradouro":"RUA GIMIRIM","bairro":"INHAÚMA","cep":"21051330","fonte_geo":"unidades_unificadas"},"geometry":{"type":"Point","coordinates":[-43.2759,-22.874569]}},{"type":"Feature","properties":{"codigo_unidade":"0312019","nome":"EM OLAVO JOSINO DE SALLES","tipo":"1","id_cre":3,"cod_territ":"3.18","logradouro":"RUA GUARAPUAVA","bairro":"INHAÚMA","cep":"20765280","fonte_geo":"unidades_unificadas"},"geometry":{"type":"Point","coordinates":[-43.286073,-22.87044]}},{"type":"Feature","properties":{"codigo_unidade":"0312020","nome":"EM GUSTAVO ARMBRUST","tipo":"1","id_cre":3,"cod_territ":"3.19","logradouro":"RUA IRAPO","bairro":"INHAÚMA","cep":"21051350","fonte_geo":"unidades_unificadas"},"geometry":{"type":"Point","coordinates":[-43.275122,-22.874336]}},{"type":"Feature","properties":{"codigo_unidade":"0312021","nome":"EM EURICO VILELA","tipo":"1","id_cre":3,"cod_territ":"3.20","logradouro":"RUA LAGOA CLARA","bairro":"INHAÚMA","cep":"21051370","fonte_geo":"unidades_unificadas"},"geometry":{"type":"Point","coordinates":[-43.272857,-22.873842]}},{"type":"Feature","properties":{"codigo_unidade":"0312022","nome":"EM RUBENS BERARDO","tipo":"1","id_cre":3,"cod_territ":"3.19","logradouro":"AVENDA ITAÓCA","bairro":"INHAÚMA","cep":"21061020","fonte_geo":"unidades_unificadas"},"geometry":{"type":"Point","coordinates":[-43.275563,-22.868904]}},{"type":"Feature","properties":{"codigo_unidade":"0312023","nome":"EM JOAQUIM RIBEIRO","tipo":"1","id_cre":3,"cod_territ":"3.15","logradouro":"PRAÇA SOLDADO COSME DOS SANTOS","bairro":"INHAÚMA","cep":"20760590","fonte_geo":"unidades_unificadas"},"geometry":{"type":"Point","coordinates":[-43.285628,-22.87757]}},{"type":"Feature","properties":{"codigo_unidade":"0312024","nome":"EM DOMINGOS BEBIANO","tipo":"1","id_cre":3,"cod_territ":"3.19","logradouro":"ESTRADA ADHEMAR BEBIANO","bairro":"INHAÚMA","cep":"21061750","fonte_geo":"unidades_unificadas"},"geometry":{"type":"Point","coordinates":[-43.277712,-22.873892]}},{"type":"Feature","properties":{"codigo_unidade":"0312025","nome":"EM PROFESSORA ARMINDA MOREIRA PADOVA","tipo":"1","id_cre":3,"cod_territ":"3.20","logradouro":"RUA CHAPADINHA","bairro":"INHAÚMA","cep":"21051300","fonte_geo":"unidades_unificadas"},"geometry":{"type":"Point","coordinates":[-43.270758,-22.872758]}},{"type":"Feature","properties":{"codigo_unidade":"0312026","nome":"EM HENRIQUE FOREIS","tipo":"4","id_cre":null,"cod_territ":null,"logradouro":null,"bairro":null,"cep":null,"fonte_geo":"ausente"},"geometry":null},{"type":"Feature","properties":{"codigo_unidade":"0312027","nome":"EM PROFESSOR AFONSO VÁRZEA","tipo":"1","id_cre":3,"cod_territ":"3.20","logradouro":"AVENIDA ITAOCA","bairro":"INHAÚMA","cep":"21061020","fonte_geo":"unidades_unificadas"},"geometry":{"type":"Point","coordinates":[-43.27384,-22.867522]}},{"type":"Feature","properties":{"codigo_unidade":"0312029","nome":"EM JOSÉ MARTI","tipo":"1","id_cre":3,"cod_territ":"3.16","logradouro":"PRAÇA ABUNA","bairro":"ENGENHO DA RAINHA","cep":"20761270","fonte_geo":"unidades_unificadas"},"geometry":{"type":"Point","coordinates":[-43.295074,-22.870442]}},{"type":"Feature","properties":{"codigo_unidade":"0312030","nome":"EM MARECHAL ESTEVÃO LEITÃO DE CARVALHO","tipo":"1","id_cre":3,"cod_territ":"3.16","logradouro":"AVENIDA PASTOR MARTIN LUTHER KING JR","bairro":"TOMÁS COELHO","cep":"20761121","fonte_geo":"unidades_unificadas"},"geometry":{"type":"Point","coordinates":[-43.296693,-22.868717]}},{"type":"Feature","properties":{"codigo_unidade":"0312031","nome":"EM EURICO SALLES","tipo":"1","id_cre":3,"cod_territ":"3.17","logradouro":"AVENIDA PASTOR MARTIN LUTHER KING","bairro":"ENGENHO DA RAINHA","cep":"20776730","fonte_geo":"unidades_unificadas"},"geometry":{"type":"Point","coordinates":[-43.297499,-22.867351]}},{"type":"Feature","properties":{"codigo_unidade":"0312032","nome":"EM REVERENDO ÁLVARO REIS","tipo":"1","id_cre":3,"cod_territ":"3.17","logradouro":"ESTRADA ADHEMAR BEBIANO","bairro":"ENGENHO DA RAINHA","cep":"20765171","fonte_geo":"unidades_unificadas"},"geometry":{"type":"Point","coordinates":[-43.296131,-22.865604]}},{"type":"Feature","properties":{"codigo_unidade":"0312033","nome":"EM LEVY NEVES","tipo":"1","id_cre":3,"cod_territ":"3.17","logradouro":"RUA COMPOSITOR J. B. DE CARVALHO","bairro":"ENGENHO DA RAINHA","cep":"20765400","fonte_geo":"unidades_unificadas"},"geometry":{"type":"Point","coordinates":[-43.302394,-22.864065]}},{"type":"Feature","properties":{"codigo_unidade":"0312034","nome":"EM LIBERATO BITTENCOURT","tipo":"1","id_cre":3,"cod_territ":"3.16","logradouro":"RUA CÉSAR DO REGO MONTEIRO FILHO","bairro":"ENGENHO DA RAINHA","cep":"20761380","fonte_geo":"unidades_unificadas"},"geometry":{"type":"Point","coordinates":[-43.298642,-22.868523]}},{"type":"Feature","properties":{"codigo_unidade":"0312035","nome":"EM ANTÔNIO PEREIRA","tipo":"1","id_cre":3,"cod_territ":"3.9","logradouro":"RUA MOACIR DE ALMEIDA","bairro":"TOMÁS COELHO","cep":"20750340","fonte_geo":"unidades_unificadas"},"geometry":{"type":"Point","coordinates":[-43.310238,-22.871046]}},{"type":"Feature","properties":{"codigo_unidade":"0312037","nome":"EM PROFESSORA VERA SABACK SAMPAIO","tipo":"1","id_cre":3,"cod_territ":"3.24","logradouro":"\"ESTRADA DE ITARARÉ, 1071 \"","bairro":"\"BONSUCESSO \"","cep":"21061901","fonte_geo":"unidades_unificadas"},"geometry":{"type":"Point","coordinates":[-43.269408,-22.867092]}},{"type":"Feature","properties":{"codigo_unidade":"0312039","nome":"EM JARDIM GUADALAJARA","tipo":"4","id_cre":null,"cod_territ":null,"logradouro":null,"bairro":null,"cep":null,"fonte_geo":"ausente"},"geometry":null},{"type":"Feature","properties":{"codigo_unidade":"0312040","nome":"EM ENGENHO DA RAINHA","tipo":"4","id_cre":3,"cod_territ":null,"logradouro":null,"bairro":null,"cep":null,"fonte_geo":"unidades_unificadas"},"geometry":{"type":"Point","coordinates":[-43.254567,-22.883435]}},{"type":"Feature","properties":{"codigo_unidade":"0312041","nome":"EM JOSÉ APARECIDO DO PRADO SARTI","tipo":"1","id_cre":3,"cod_territ":"3.18","logradouro":"RUA ALCIDES DE OLIVEIRA","bairro":"INHAÚMA","cep":"20765190","fonte_geo":"unidades_unificadas"},"geometry":{"type":"Point","coordinates":[-43.286965,-22.868697]}},{"type":"Feature","properties":{"codigo_unidade":"0312043","nome":"EM CÍVICO MILITAR CARIOCA","tipo":"1","id_cre":3,"cod_territ":"3.1","logradouro":"RUA CONDE DE PORTO ALEGRE","bairro":"ROCHA","cep":"20960110","fonte_geo":"unidades_unificadas"},"geometry":{"type":"Point","coordinates":[-43.251138,-22.898451]}},{"type":"Feature","properties":{"codigo_unidade":"0312044","nome":"EM ELZA SOARES","tipo":"1","id_cre":3,"cod_territ":"3.1","logradouro":"RUA ANA NERI","bairro":"ROCHA","cep":"20960005","fonte_geo":"unidades_unificadas"},"geometry":{"type":"Point","coordinates":[-43.25066,-22.899864]}},{"type":"Feature","properties":{"codigo_unidade":"0312302","nome":"FUNARJ","tipo":"4","id_cre":null,"cod_territ":null,"logradouro":null,"bairro":null,"cep":null,"fonte_geo":"ausente"},"geometry":null},{"type":"Feature","properties":{"codigo_unidade":"0312501","nome":"CIEP PATRICE LUMUMBA","tipo":"1","id_cre":3,"cod_territ":"3.14","logradouro":"PRAÇA DA CONFEDERAÇÃO SUÍÇA","bairro":"DEL CASTILHO","cep":"20760020","fonte_geo":"unidades_unificadas"},"geometry":{"type":"Point","coordinates":[-43.274889,-22.878355]}},{"type":"Feature","properties":{"codigo_unidade":"0312502","nome":"CIEP PROCÓPIO FERREIRA","tipo":"1","id_cre":3,"cod_territ":"3.14","logradouro":"PRAÇA DA CONFEDERAÇÃO SUÍÇA","bairro":"DEL CASTILHO","cep":"20760020","fonte_geo":"unidades_unificadas"},"geometry":{"type":"Point","coordinates":[-43.274866,-22.879513]}},{"type":"Feature","properties":{"codigo_unidade":"0312503","nome":"CIEP CORONEL SARMENTO","tipo":"1","id_cre":3,"cod_territ":"3.19","logradouro":"AVENIDA ITAOCA","bairro":"INHAÚMA","cep":"21061020","fonte_geo":"unidades_unificadas"},"geometry":{"type":"Point","coordinates":[-43.27655,-22.872353]}},{"type":"Feature","properties":{"codigo_unidade":"0312601","nome":"CM CANTINHO FELIZ","tipo":"1","id_cre":3,"cod_territ":"3.15","logradouro":"PRAÇA DOS ESPORTES","bairro":"INHAÚMA","cep":"20760110","fonte_geo":"unidades_unificadas"},"geometry":{"type":"Point","coordinates":[-43.281352,-22.880691]}},{"type":"Feature","properties":{"codigo_unidade":"0312602","nome":"CM ENGENHO DA RAINHA","tipo":"1","id_cre":3,"cod_territ":"3.16","logradouro":"RUA PEREIRA PINTO","bairro":"TOMÁS COELHO","cep":"20761350","fonte_geo":"unidades_unificadas"},"geometry":{"type":"Point","coordinates":[-43.299954,-22.86946]}},{"type":"Feature","properties":{"codigo_unidade":"0312603","nome":"CM RENASCER","tipo":"1","id_cre":3,"cod_territ":"3.14","logradouro":"AVENIDA ENGENHEIRO JOSÉ DE CASTRO","bairro":"DEL CASTILHO","cep":"20760040","fonte_geo":"unidades_unificadas"},"geometry":{"type":"Point","coordinates":[-43.279044,-22.880363]}},{"type":"Feature","properties":{"codigo_unidade":"0312801","nome":"EDI HENRIQUE FORÉIS","tipo":"1","id_cre":3,"cod_territ":"3.18","logradouro":"\"RUA PROFESSOR MANOEL MAURÍCIO \"","bairro":"INHAÚMA","cep":"20765290","fonte_geo":"unidades_unificadas"},"geometry":{"type":"Point","coordinates":[-43.284779,-22.86323]}},{"type":"Feature","properties":{"codigo_unidade":"0312802","nome":"EDI LUCIA MARIA BATISTA DE ALBUQUERQUE","tipo":"1","id_cre":3,"cod_territ":"3.24","logradouro":"AVENIDA  ITAOCA","bairro":"BONSUCESSO","cep":"21061020","fonte_geo":"unidades_unificadas"},"geometry":{"type":"Point","coordinates":[-43.269147,-22.866994]}},{"type":"Feature","properties":{"codigo_unidade":"0312803","nome":"EDI PROFESSORA LUIZA HELENA MAIA MEDEIROS","tipo":"1","id_cre":3,"cod_territ":"3.20","logradouro":"\"TRAVESSA GUANAJUATO \"","bairro":"INHAUMA","cep":"21061410","fonte_geo":"unidades_unificadas"},"geometry":{"type":"Point","coordinates":[-43.275281,-22.865266]}},{"type":"Feature","properties":{"codigo_unidade":"0312804","nome":"EDI PROFESSORA TÂNIA MARTINS NOVO LENZ","tipo":"1","id_cre":3,"cod_territ":"3.9","logradouro":"\"RUA ITÁLIA D'INCAU \"","bairro":"CAVALCANTI","cep":"21381240","fonte_geo":"unidades_unificadas"},"geometry":{"type":"Point","coordinates":[-43.308096,-22.87358]}},{"type":"Feature","properties":{"codigo_unidade":"0312805","nome":"EDI TANIA CRISTINA MOREIRA","tipo":"1","id_cre":3,"cod_territ":"3.18","logradouro":"\"RUA RELICÁRIO \"","bairro":"INHAÚMA","cep":"20766340","fonte_geo":"unidades_unificadas"},"geometry":{"type":"Point","coordinates":[-43.28566,-22.860823]}},{"type":"Feature","properties":{"codigo_unidade":"0312806","nome":"EDI PROFESSORA ELIANE MONTE CHIARI DANTAS","tipo":"1","id_cre":3,"cod_territ":"3.20","logradouro":"TRAVESSA YUCATAN","bairro":"INHAÚMA","cep":"21061570","fonte_geo":"unidades_unificadas"},"geometry":{"type":"Point","coordinates":[-43.275474,-22.864563]}},{"type":"Feature","properties":{"codigo_unidade":"0312807","nome":"EDI DEL CASTILHO","tipo":"1","id_cre":3,"cod_territ":"3.13","logradouro":"AVENIDA DOM HÉLDER CÂMARA","bairro":"DEL CASTILHO","cep":"20771003","fonte_geo":"unidades_unificadas"},"geometry":{"type":"Point","coordinates":[-43.270376,-22.880557]}},{"type":"Feature","properties":{"codigo_unidade":"0312809","nome":"EDI PROFESSORA VALÉRIA PEREIRA DE SOUZA PINTO","tipo":"1","id_cre":3,"cod_territ":"3.21","logradouro":"RUA NOVA BRASILIA","bairro":"BONSUCESSO","cep":"21061060","fonte_geo":"unidades_unificadas"},"geometry":{"type":"Point","coordinates":[-43.270311,-22.863791]}},{"type":"Feature","properties":{"codigo_unidade":"0312810","nome":"EDI MARIA MAZZETTI","tipo":"1","id_cre":3,"cod_territ":"3.17","logradouro":"AVENIDA PASTOR MARTIN LUTHER KING JR","bairro":"TOMÁS COELHO","cep":"21220300","fonte_geo":"unidades_unificadas"},"geometry":{"type":"Point","coordinates":[-43.306177,-22.862818]}},{"type":"Feature","properties":{"codigo_unidade":"0312811","nome":"EDI BRICIO FILHO","tipo":"1","id_cre":3,"cod_territ":"4.2","logradouro":"Avenida Dom Helder Câmara","bairro":"Benfica","cep":"20973012","fonte_geo":"unidades_unificadas"},"geometry":{"type":"Point","coordinates":[-43.250968,-22.884593]}},{"type":"Feature","properties":{"codigo_unidade":"0312812","nome":"EDI HERMENEGILDO DE BARROS","tipo":"1","id_cre":3,"cod_territ":"3.16","logradouro":"PRAÇA EMBOABA","bairro":"ENGENHO DA RAINHA","cep":"20761160","fonte_geo":"unidades_unificadas"},"geometry":{"type":"Point","coordinates":[-43.292118,-22.871295]}},{"type":"Feature","properties":{"codigo_unidade":"0312813","nome":"EDI JORNALISTA JORGE BASTOS MORENO","tipo":"1","id_cre":3,"cod_territ":"3.1","logradouro":"RUA ANA NERI","bairro":"ROCHA","cep":"20960005","fonte_geo":"unidades_unificadas"},"geometry":{"type":"Point","coordinates":[-43.25066,-22.90075]}},{"type":"Feature","properties":{"codigo_unidade":"0312901","nome":"EDI JARDIM GUADALAJARA I","tipo":"4","id_cre":null,"cod_territ":null,"logradouro":null,"bairro":null,"cep":null,"fonte_geo":"ausente"},"geometry":null},{"type":"Feature","properties":{"codigo_unidade":"0313001","nome":"EM MARECHAL CARLOS MACHADO BITENCOURT","tipo":"1","id_cre":3,"cod_territ":"3.1","logradouro":"RUA DOUTOR GARNIER","bairro":"ROCHA","cep":"20975000","fonte_geo":"unidades_unificadas"},"geometry":{"type":"Point","coordinates":[-43.248005,-22.897138]}},{"type":"Feature","properties":{"codigo_unidade":"0313002","nome":"EM JOSÉ VERÍSSIMO","tipo":"1","id_cre":3,"cod_territ":"3.2","logradouro":"RUA HENRIQUE DIAS","bairro":"ROCHA","cep":"20950120","fonte_geo":"unidades_unificadas"},"geometry":{"type":"Point","coordinates":[-43.249878,-22.90277]}},{"type":"Feature","properties":{"codigo_unidade":"0313003","nome":"EM PARETO","tipo":"1","id_cre":3,"cod_territ":"3.2","logradouro":"RUA VINTE E QUATRO DE MAIO","bairro":"RIACHUELO","cep":"20950090","fonte_geo":"unidades_unificadas"},"geometry":{"type":"Point","coordinates":[-43.250754,-22.901709]}},{"type":"Feature","properties":{"codigo_unidade":"0313005","nome":"EM CESAR AUGUSTO SOARES","tipo":"1","id_cre":3,"cod_territ":"3.11","logradouro":"RUA PAIM PAMPLONA","bairro":"SAMPAIO","cep":"20970140","fonte_geo":"unidades_unificadas"},"geometry":{"type":"Point","coordinates":[-43.260896,-22.901146]}},{"type":"Feature","properties":{"codigo_unidade":"0313006","nome":"EM RIO DE JANEIRO","tipo":"1","id_cre":3,"cod_territ":"3.11","logradouro":"RUA PEÇANHA DA SILVA","bairro":"ENGENHO NOVO","cep":"20780340","fonte_geo":"unidades_unificadas"},"geometry":{"type":"Point","coordinates":[-43.264881,-22.893325]}},{"type":"Feature","properties":{"codigo_unidade":"0313007","nome":"EM SARMIENTO","tipo":"1","id_cre":3,"cod_territ":"3.2","logradouro":"RUA VINTE E QUATRO DE MAIO","bairro":"ENGENHO NOVO","cep":"20950092","fonte_geo":"unidades_unificadas"},"geometry":{"type":"Point","coordinates":[-43.267883,-22.903031]}},{"type":"Feature","properties":{"codigo_unidade":"0313008","nome":"EM DR. MÁRIO AUGUSTO TEIXEIRA DE FREITAS","tipo":"1","id_cre":3,"cod_territ":"3.3","logradouro":"RUA VILA FLOR","bairro":"ENGENHO NOVO","cep":"20715090","fonte_geo":"unidades_unificadas"},"geometry":{"type":"Point","coordinates":[-43.263285,-22.912127]}},{"type":"Feature","properties":{"codigo_unidade":"0313011","nome":"EM JOSÉ EDUARDO DE MACEDO SOARES","tipo":"1","id_cre":3,"cod_territ":"3.4","logradouro":"RUA MÁRIO PIRAGIBE","bairro":"LINS DE VASCONCELOS","cep":"20720320","fonte_geo":"unidades_unificadas"},"geometry":{"type":"Point","coordinates":[-43.284467,-22.909547]}},{"type":"Feature","properties":{"codigo_unidade":"0313012","nome":"EM SENADOR JOÃO LYRA TAVARES","tipo":"1","id_cre":3,"cod_territ":"3.4","logradouro":"RUA LUÍS BEZERRA","bairro":"LINS DE VASCONCELOS","cep":"20710160","fonte_geo":"unidades_unificadas"},"geometry":{"type":"Point","coordinates":[-43.273175,-22.905659]}},{"type":"Feature","properties":{"codigo_unidade":"0313012","nome":"E.M. SENADOR JOÃO LYRA TAVARES","tipo":"3","id_cre":3,"cod_territ":"3.4","logradouro":null,"bairro":null,"cep":null,"fonte_geo":"unidades_unificadas"},"geometry":{"type":"Point","coordinates":[-43.273175,-22.905659]}},{"type":"Feature","properties":{"codigo_unidade":"0313013","nome":"EM MINISTRO GAMA FILHO","tipo":"1","id_cre":3,"cod_territ":"3.5","logradouro":"Rua Engenheiro Eufrásio Borges","bairro":"LINS DE VASCONCELOS","cep":"20725120","fonte_geo":"unidades_unificadas"},"geometry":{"type":"Point","coordinates":[-43.285553,-22.916048]}},{"type":"Feature","properties":{"codigo_unidade":"0313014","nome":"EM MEDEIROS E ALBUQUERQUE","tipo":"1","id_cre":3,"cod_territ":"3.11","logradouro":"RUA BOLÍVIA","bairro":"ENGENHO NOVO","cep":"20780170","fonte_geo":"unidades_unificadas"},"geometry":{"type":"Point","coordinates":[-43.269053,-22.899725]}},{"type":"Feature","properties":{"codigo_unidade":"0313015","nome":"EM REPÚBLICA DO PERU","tipo":"1","id_cre":3,"cod_territ":"3.10","logradouro":"RUA ARQUIAS CORDEIRO","bairro":"MÉIER","cep":"20770000","fonte_geo":"unidades_unificadas"},"geometry":{"type":"Point","coordinates":[-43.280405,-22.89889]}},{"type":"Feature","properties":{"codigo_unidade":"0313016","nome":"EM BENEVENUTA RIBEIRO","tipo":"1","id_cre":3,"cod_territ":"3.11","logradouro":"RUA FELIPO CAVALCANTI","bairro":"MÉIER","cep":"20780130","fonte_geo":"unidades_unificadas"},"geometry":{"type":"Point","coordinates":[-43.274063,-22.903357]}},{"type":"Feature","properties":{"codigo_unidade":"0313017","nome":"CM CASA SÃO ROQUE","tipo":"4","id_cre":3,"cod_territ":null,"logradouro":null,"bairro":null,"cep":null,"fonte_geo":"unidades_unificadas"},"geometry":{"type":"Point","coordinates":[-43.28053,-22.89708]}},{"type":"Feature","properties":{"codigo_unidade":"0313018","nome":"E.M. ISABEL MENDES","tipo":"3","id_cre":3,"cod_territ":"3.4","logradouro":null,"bairro":null,"cep":null,"fonte_geo":"unidades_unificadas"},"geometry":{"type":"Point","coordinates":[-43.279358,-22.904524]}},{"type":"Feature","properties":{"codigo_unidade":"0313018","nome":"EM ISABEL MENDES","tipo":"1","id_cre":3,"cod_territ":"3.4","logradouro":"RUA JOAQUIM MEIER","bairro":"MÉIER","cep":"20725050","fonte_geo":"unidades_unificadas"},"geometry":{"type":"Point","coordinates":[-43.279358,-22.904524]}},{"type":"Feature","properties":{"codigo_unidade":"0313019","nome":"EM AFFONSO TAUNAY","tipo":"1","id_cre":3,"cod_territ":"3.4","logradouro":"RUA VILELA TAVARES","bairro":"MÉIER","cep":"20725220","fonte_geo":"unidades_unificadas"},"geometry":{"type":"Point","coordinates":[-43.286469,-22.909171]}},{"type":"Feature","properties":{"codigo_unidade":"0313020","nome":"EM BENTO RIBEIRO","tipo":"1","id_cre":3,"cod_territ":"3.4","logradouro":"RUA CÔNEGO TOBIAS","bairro":"MÉIER","cep":"20725010","fonte_geo":"unidades_unificadas"},"geometry":{"type":"Point","coordinates":[-43.280033,-22.904013]}},{"type":"Feature","properties":{"codigo_unidade":"0313021","nome":"EM FRANCISCO JOBIM","tipo":"1","id_cre":3,"cod_territ":"3.4","logradouro":"RUA ADRIANO","bairro":"TODOS OS SANTOS","cep":"20735060","fonte_geo":"unidades_unificadas"},"geometry":{"type":"Point","coordinates":[-43.290609,-22.902612]}},{"type":"Feature","properties":{"codigo_unidade":"0313022","nome":"EM PROFESSOR AUGUSTO PAULINO FILHO","tipo":"1","id_cre":3,"cod_territ":"3.4","logradouro":"RUA CÔNEGO TOBIAS","bairro":"MÉIER","cep":"20725010","fonte_geo":"unidades_unificadas"},"geometry":{"type":"Point","coordinates":[-43.28033,-22.904163]}},{"type":"Feature","properties":{"codigo_unidade":"0313023","nome":"EM HONÓRIO GURGEL","tipo":"1","id_cre":3,"cod_territ":"3.10","logradouro":"RUA JOSÉ DOS REIS","bairro":"ENGENHO DE DENTRO","cep":"20756115","fonte_geo":"unidades_unificadas"},"geometry":{"type":"Point","coordinates":[-43.293337,-22.888335]}},{"type":"Feature","properties":{"codigo_unidade":"0313024","nome":"EM ACRE","tipo":"1","id_cre":3,"cod_territ":"3.4","logradouro":"RUA SANTOS TITARA","bairro":"TODOS OS SANTOS","cep":"20735240","fonte_geo":"unidades_unificadas"},"geometry":{"type":"Point","coordinates":[-43.285136,-22.898041]}},{"type":"Feature","properties":{"codigo_unidade":"0313025","nome":"EM PROFESSOR VISITAÇÃO","tipo":"1","id_cre":3,"cod_territ":"3.10","logradouro":"RUA FERREIRA DE ANDRADE","bairro":"CACHAMBI","cep":"20780200","fonte_geo":"unidades_unificadas"},"geometry":{"type":"Point","coordinates":[-43.273023,-22.893745]}},{"type":"Feature","properties":{"codigo_unidade":"0313026","nome":"EM JOSÉ LINS DO REGO","tipo":"1","id_cre":3,"cod_territ":"3.11","logradouro":"RUA REGINALDO PARDELHA","bairro":"CACHAMBI","cep":"20785170","fonte_geo":"unidades_unificadas"},"geometry":{"type":"Point","coordinates":[-43.266118,-22.890652]}},{"type":"Feature","properties":{"codigo_unidade":"0313027","nome":"EM JEAN MERMOZ","tipo":"1","id_cre":3,"cod_territ":"3.13","logradouro":"RUA SÃO GABRIEL","bairro":"CACHAMBI","cep":"20785290","fonte_geo":"unidades_unificadas"},"geometry":{"type":"Point","coordinates":[-43.273394,-22.886813]}},{"type":"Feature","properties":{"codigo_unidade":"0313029","nome":"EM THOMAS MANN","tipo":"1","id_cre":3,"cod_territ":"3.10","logradouro":"RUA FERREIRA DE ANDRADE","bairro":"CACHAMBI","cep":"20780200","fonte_geo":"unidades_unificadas"},"geometry":{"type":"Point","coordinates":[-43.272541,-22.893934]}},{"type":"Feature","properties":{"codigo_unidade":"0313030","nome":"EM PASTOR MIRANDA PINTO","tipo":"1","id_cre":3,"cod_territ":"3.10","logradouro":"PRAÇA AVAÍ","bairro":"CACHAMBI","cep":"20775150","fonte_geo":"unidades_unificadas"},"geometry":{"type":"Point","coordinates":[-43.27646,-22.892273]}},{"type":"Feature","properties":{"codigo_unidade":"0313031","nome":"EM NOSSA SENHORA DE POMPÉIA","tipo":"1","id_cre":3,"cod_territ":"3.10","logradouro":"RUA CIRNE MAIA","bairro":"CACHAMBI","cep":"20771410","fonte_geo":"unidades_unificadas"},"geometry":{"type":"Point","coordinates":[-43.279925,-22.892031]}},{"type":"Feature","properties":{"codigo_unidade":"0313032","nome":"EM BOLÍVAR","tipo":"1","id_cre":3,"cod_territ":"3.10","logradouro":"RUA JOSÉ DOS REIS","bairro":"ENGENHO DE DENTRO","cep":"20756115","fonte_geo":"unidades_unificadas"},"geometry":{"type":"Point","coordinates":[-43.294279,-22.891146]}},{"type":"Feature","properties":{"codigo_unidade":"0313033","nome":"EM MARIA IZABEL BIVAR","tipo":"1","id_cre":3,"cod_territ":"3.8","logradouro":"RUA JOSÉ DOS REIS","bairro":"ENGENHO DE DENTRO","cep":"20756115","fonte_geo":"unidades_unificadas"},"geometry":{"type":"Point","coordinates":[-43.291418,-22.884829]}},{"type":"Feature","properties":{"codigo_unidade":"0313034","nome":"EM HÉLIO SMIDT","tipo":"1","id_cre":3,"cod_territ":"3.10","logradouro":"RUA JOSÉ DOS REIS","bairro":"ENGENHO DE DENTRO","cep":"20756115","fonte_geo":"unidades_unificadas"},"geometry":{"type":"Point","coordinates":[-43.293683,-22.888742]}},{"type":"Feature","properties":{"codigo_unidade":"0313035","nome":"EM EDGARD SUSSEKIND DE MENDONÇA","tipo":"1","id_cre":3,"cod_territ":"3.6","logradouro":"RUA ANA LEONIDIA","bairro":"ENGENHO DE DENTRO","cep":"20730390","fonte_geo":"unidades_unificadas"},"geometry":{"type":"Point","coordinates":[-43.300935,-22.899447]}},{"type":"Feature","properties":{"codigo_unidade":"0313036","nome":"EM RIO GRANDE DO SUL","tipo":"1","id_cre":3,"cod_territ":"3.6","logradouro":"RUA ADOLFO BERGAMINI","bairro":"ENGENHO DE DENTRO","cep":"20730000","fonte_geo":"unidades_unificadas"},"geometry":{"type":"Point","coordinates":[-43.29594,-22.900341]}},{"type":"Feature","properties":{"codigo_unidade":"0313037","nome":"EM AUGUSTO FREDERICO SCHMIDT","tipo":"1","id_cre":3,"cod_territ":"3.6","logradouro":"RUA MAPURARI","bairro":"ENGENHO DE DENTRO","cep":"20730340","fonte_geo":"unidades_unificadas"},"geometry":{"type":"Point","coordinates":[-43.297688,-22.909908]}},{"type":"Feature","properties":{"codigo_unidade":"0313038","nome":"EM LONDRES","tipo":"1","id_cre":3,"cod_territ":"3.6","logradouro":"RUA MONSENHOR JERÔNIMO","bairro":"ENGENHO DE DENTRO","cep":"20730110","fonte_geo":"unidades_unificadas"},"geometry":{"type":"Point","coordinates":[-43.295181,-22.900856]}},{"type":"Feature","properties":{"codigo_unidade":"0313040","nome":"EM BRIGADEIRO FARIA LIMA","tipo":"1","id_cre":3,"cod_territ":"3.7","logradouro":"RUA VIOLETA","bairro":"ÁGUA SANTA","cep":"20745180","fonte_geo":"unidades_unificadas"},"geometry":{"type":"Point","coordinates":[-43.307919,-22.906272]}},{"type":"Feature","properties":{"codigo_unidade":"0313041","nome":"EM TOBIAS BARRETO","tipo":"1","id_cre":3,"cod_territ":"3.7","logradouro":"RUA POMPILIO DE ALBUQUERQUE","bairro":"ENCANTADO","cep":"20745125","fonte_geo":"unidades_unificadas"},"geometry":{"type":"Point","coordinates":[-43.302734,-22.897301]}},{"type":"Feature","properties":{"codigo_unidade":"0313042","nome":"EM GOIÁS","tipo":"1","id_cre":3,"cod_territ":"3.8","logradouro":"RUA GOIÁS","bairro":"ENGENHO DE DENTRO","cep":"20756120","fonte_geo":"unidades_unificadas"},"geometry":{"type":"Point","coordinates":[-43.30156,-22.894791]}},{"type":"Feature","properties":{"codigo_unidade":"0313043","nome":"EM TAGORE","tipo":"1","id_cre":3,"cod_territ":"3.8","logradouro":"PRAÇA FREDERICO DUVAL","bairro":"PIEDADE","cep":"20756030","fonte_geo":"unidades_unificadas"},"geometry":{"type":"Point","coordinates":[-43.302467,-22.887661]}},{"type":"Feature","properties":{"codigo_unidade":"0313044","nome":"EM JOÃO KOPKE","tipo":"1","id_cre":3,"cod_territ":"3.8","logradouro":"RUA SOUSA CERQUEIRA","bairro":"PIEDADE","cep":"20751090","fonte_geo":"unidades_unificadas"},"geometry":{"type":"Point","coordinates":[-43.308031,-22.88414]}},{"type":"Feature","properties":{"codigo_unidade":"0313046","nome":"EM REPÚBLICA DE EL SALVADOR","tipo":"1","id_cre":3,"cod_territ":"3.7","logradouro":"RUA ALMEIDA NOGUEIRA","bairro":"PIEDADE","cep":"20740460","fonte_geo":"unidades_unificadas"},"geometry":{"type":"Point","coordinates":[-43.313744,-22.897299]}},{"type":"Feature","properties":{"codigo_unidade":"0313048","nome":"EM SÉRVULO DE LIMA","tipo":"1","id_cre":3,"cod_territ":"3.7","logradouro":"RUA ELIAS DA SILVA","bairro":"PIEDADE","cep":"20740210","fonte_geo":"unidades_unificadas"},"geometry":{"type":"Point","coordinates":[-43.31065,-22.889697]}},{"type":"Feature","properties":{"codigo_unidade":"0313049","nome":"EM VIRGÍLIO DE MELO FRANCO","tipo":"1","id_cre":3,"cod_territ":"3.7","logradouro":"RUA ENGENHEIRO CLÓVIS DAUDT","bairro":"PIEDADE","cep":"20740440","fonte_geo":"unidades_unificadas"},"geometry":{"type":"Point","coordinates":[-43.311699,-22.901419]}},{"type":"Feature","properties":{"codigo_unidade":"0313051","nome":"EM ALAGOAS","tipo":"1","id_cre":3,"cod_territ":"3.8","logradouro":"AVENIDA DOM HELDER CAMARA","bairro":"PILARES","cep":"20751090","fonte_geo":"unidades_unificadas"},"geometry":{"type":"Point","coordinates":[-43.294091,-22.881338]}},{"type":"Feature","properties":{"codigo_unidade":"0313052","nome":"EM MARANHÃO","tipo":"1","id_cre":3,"cod_territ":"3.9","logradouro":"AV JOÃO RIBEIRO","bairro":"PILARES","cep":"20750092","fonte_geo":"unidades_unificadas"},"geometry":{"type":"Point","coordinates":[-43.297464,-22.873401]}},{"type":"Feature","properties":{"codigo_unidade":"0313053","nome":"EM SUÉCIA","tipo":"1","id_cre":3,"cod_territ":"3.9","logradouro":"RUA MATEUS DE ANDRADE","bairro":"PILARES","cep":"20750190","fonte_geo":"unidades_unificadas"},"geometry":{"type":"Point","coordinates":[-43.299251,-22.87511]}},{"type":"Feature","properties":{"codigo_unidade":"0313054","nome":"EM ENGENHEIRO ROBERTO MAGNO DE CARVALHO","tipo":"1","id_cre":3,"cod_territ":"3.8","logradouro":"PRAÇA JOSÉ BENEVIDES","bairro":"PILARES","cep":"20755140","fonte_geo":"unidades_unificadas"},"geometry":{"type":"Point","coordinates":[-43.292983,-22.88468]}},{"type":"Feature","properties":{"codigo_unidade":"0313055","nome":"EEM DOUTOR ULISSES PERNAMBUCANO","tipo":"1","id_cre":3,"cod_territ":"3.6","logradouro":"RUA DOIS DE FEVEREIRO","bairro":"ENCANTADO","cep":"20730451","fonte_geo":"unidades_unificadas"},"geometry":{"type":"Point","coordinates":[-43.302481,-22.902815]}},{"type":"Feature","properties":{"codigo_unidade":"0313056","nome":"EM MINISTRO CARLOS ALBERTO MENEZES DIREITO","tipo":"1","id_cre":3,"cod_territ":"3.1","logradouro":"RUA BERGAMO","bairro":"ROCHA","cep":"20960045","fonte_geo":"unidades_unificadas"},"geometry":{"type":"Point","coordinates":[-43.246201,-22.894904]}},{"type":"Feature","properties":{"codigo_unidade":"0313501","nome":"EM SENEGAL","tipo":"1","id_cre":3,"cod_territ":"3.2","logradouro":"RUA VÍTOR MEIRELES","bairro":"RIACHUELO","cep":"20950230","fonte_geo":"unidades_unificadas"},"geometry":{"type":"Point","coordinates":[-43.257872,-22.903288]}},{"type":"Feature","properties":{"codigo_unidade":"0313502","nome":"CIEP CHANCELER WILLY BRANDT","tipo":"1","id_cre":3,"cod_territ":"3.12","logradouro":"RUA ÁLVARO SEIXAS","bairro":"ENGENHO NOVO","cep":"20961270","fonte_geo":"unidades_unificadas"},"geometry":{"type":"Point","coordinates":[-43.263847,-22.894178]}},{"type":"Feature","properties":{"codigo_unidade":"0313503","nome":"EM LINS DE VASCONCELOS","tipo":"1","id_cre":3,"cod_territ":"3.19","logradouro":"RUA ENGENHEIRO BROTERO","bairro":"LINS DE VASCONCELOS","cep":"20710330","fonte_geo":"unidades_unificadas"},"geometry":{"type":"Point","coordinates":[-43.279508,-22.911053]}},{"type":"Feature","properties":{"codigo_unidade":"0313601","nome":"CM VILA DOS MINEIROS","tipo":"1","id_cre":3,"cod_territ":"3.9","logradouro":"\"RUA MANUEL CORREIA \"","bairro":"PIEDADE","cep":"21381400","fonte_geo":"unidades_unificadas"},"geometry":{"type":"Point","coordinates":[-43.305279,-22.876109]}},{"type":"Feature","properties":{"codigo_unidade":"0313602","nome":"CM ACONCHEGO","tipo":"1","id_cre":3,"cod_territ":"3.5","logradouro":"RUA MARIA LUÍSA","bairro":"LINS DE VASCONCELOS","cep":"20725100","fonte_geo":"unidades_unificadas"},"geometry":{"type":"Point","coordinates":[-43.284815,-22.914311]}},{"type":"Feature","properties":{"codigo_unidade":"0313603","nome":"CM SYLVIA ORTHOF","tipo":"1","id_cre":3,"cod_territ":"3.9","logradouro":"RUA SOLIMÕES","bairro":"PIEDADE","cep":"20751250","fonte_geo":"unidades_unificadas"},"geometry":{"type":"Point","coordinates":[-43.306157,-22.878497]}},{"type":"Feature","properties":{"codigo_unidade":"0313604","nome":"CM NOSSO CANTINHO","tipo":"1","id_cre":3,"cod_territ":"3.3","logradouro":"AVENIDA MENEZES CORTES","bairro":"ENGENHO NOVO","cep":"20715191","fonte_geo":"unidades_unificadas"},"geometry":{"type":"Point","coordinates":[-43.263264,-22.916705]}},{"type":"Feature","properties":{"codigo_unidade":"0313606","nome":"CM CANTINHO DO QUETO","tipo":"1","id_cre":3,"cod_territ":"3.2","logradouro":"RUA SALVADOR","bairro":"SAMPAIO","cep":"20950060","fonte_geo":"unidades_unificadas"},"geometry":{"type":"Point","coordinates":[-43.261677,-22.904185]}},{"type":"Feature","properties":{"codigo_unidade":"0313607","nome":"CM ODETINHA VIDAL DE OLIVEIRA","tipo":"1","id_cre":3,"cod_territ":"3.4","logradouro":"RUA ANTENOR NASCENTES","bairro":"LINS DE VASCONCELOS","cep":"20710150","fonte_geo":"unidades_unificadas"},"geometry":{"type":"Point","coordinates":[-43.272911,-22.906141]}},{"type":"Feature","properties":{"codigo_unidade":"0313608","nome":"CM RACHEL LEITE DIAS","tipo":"1","id_cre":3,"cod_territ":"3.10","logradouro":"RUA FERNÃO CARDIM","bairro":"ENGENHO DE DENTRO","cep":"20771020","fonte_geo":"unidades_unificadas"},"geometry":{"type":"Point","coordinates":[-43.288125,-22.885294]}},{"type":"Feature","properties":{"codigo_unidade":"0313609","nome":"CM RECANTO DA CACHOEIRA","tipo":"1","id_cre":3,"cod_territ":"3.5","logradouro":"RUA SINCORÁ","bairro":"LINS DE VASCONCELOS","cep":"20725140","fonte_geo":"unidades_unificadas"},"geometry":{"type":"Point","coordinates":[-43.284753,-22.919202]}},{"type":"Feature","properties":{"codigo_unidade":"0313610","nome":"CM EMMANUEL","tipo":"1","id_cre":3,"cod_territ":"3.5","logradouro":"RUA HERÁCLITO GRAÇA","bairro":"LINS DE VASCONCELOS","cep":"20725080","fonte_geo":"unidades_unificadas"},"geometry":{"type":"Point","coordinates":[-43.282108,-22.914251]}},{"type":"Feature","properties":{"codigo_unidade":"0313611","nome":"CM JOSÉ RAMOS JANUÁRIO - ZÉ PRETINHO","tipo":"1","id_cre":3,"cod_territ":"3.3","logradouro":"\" RUA JUIZ JORGE SALOMÃO\"","bairro":"ENGENHO NOVO","cep":"20950360","fonte_geo":"unidades_unificadas"},"geometry":{"type":"Point","coordinates":[-43.266694,-22.908008]}},{"type":"Feature","properties":{"codigo_unidade":"0313612","nome":"CM MARCILIA CATARINA DA COSTA ORGÉLIO - TIA MANA","tipo":"1","id_cre":3,"cod_territ":"3.11","logradouro":"RUA DO RIO","bairro":"JACARÉ","cep":"20972450","fonte_geo":"unidades_unificadas"},"geometry":{"type":"Point","coordinates":[-43.261933,-22.895698]}},{"type":"Feature","properties":{"codigo_unidade":"0313801","nome":"EDI PROF. JOSÉ LIBONATI FILHO","tipo":"1","id_cre":3,"cod_territ":"3.1","logradouro":"\" RUA BERGAMO \"","bairro":"ROCHA","cep":"20960045","fonte_geo":"unidades_unificadas"},"geometry":{"type":"Point","coordinates":[-43.246193,-22.895035]}},{"type":"Feature","properties":{"codigo_unidade":"0313802","nome":"EDI ANÍSIO TEIXEIRA","tipo":"1","id_cre":3,"cod_territ":"3.9","logradouro":"AVENIDA JOÃO RIBEIRO","bairro":"PILARES","cep":"20750092","fonte_geo":"unidades_unificadas"},"geometry":{"type":"Point","coordinates":[-43.298014,-22.873813]}},{"type":"Feature","properties":{"codigo_unidade":"0313803","nome":"EDI MARIA BRAZ","tipo":"1","id_cre":3,"cod_territ":"3.5","logradouro":"RUA HERÁCLITO GRAÇA","bairro":"LINS DE VASCONCELOS","cep":"20725080","fonte_geo":"unidades_unificadas"},"geometry":{"type":"Point","coordinates":[-43.282471,-22.911955]}},{"type":"Feature","properties":{"codigo_unidade":"0313804","nome":"EDI GEORGE BERNANOS","tipo":"1","id_cre":3,"cod_territ":"3.10","logradouro":"PRAÇA AVAÍ","bairro":"CACHAMBI","cep":"20775150","fonte_geo":"unidades_unificadas"},"geometry":{"type":"Point","coordinates":[-43.276286,-22.892515]}},{"type":"Feature","properties":{"codigo_unidade":"0313805","nome":"EDI MAURÍCIO CARDOSO","tipo":"1","id_cre":3,"cod_territ":"3.6","logradouro":"RUA ADOLFO BERGAMINI","bairro":"ENGENHO DE DENTRO","cep":"20730000","fonte_geo":"unidades_unificadas"},"geometry":{"type":"Point","coordinates":[-43.295975,-22.900652]}},{"type":"Feature","properties":{"codigo_unidade":"0313806","nome":"EDI EDUCANDÁRIO DE SANTA CRUZ","tipo":"1","id_cre":3,"cod_territ":"3.8","logradouro":"RUA PURÚS","bairro":"PIEDADE","cep":"20751295","fonte_geo":"unidades_unificadas"},"geometry":{"type":"Point","coordinates":[-43.306307,-22.882647]}},{"type":"Feature","properties":{"codigo_unidade":"0313807","nome":"EDI CARLOS GOMES","tipo":"1","id_cre":3,"cod_territ":"3.8","logradouro":"RUA JOSÉ DOS REIS","bairro":"ENGENHO DE DENTRO","cep":"20756115","fonte_geo":"unidades_unificadas"},"geometry":{"type":"Point","coordinates":[-43.291231,-22.884611]}},{"type":"Feature","properties":{"codigo_unidade":"0313808","nome":"EDI PRESIDENTE KENNEDY","tipo":"1","id_cre":3,"cod_territ":"3.2","logradouro":"RUA VÍTOR MEIRELES","bairro":"RIACHUELO","cep":"20950230","fonte_geo":"unidades_unificadas"},"geometry":{"type":"Point","coordinates":[-43.257893,-22.903114]}},{"type":"Feature","properties":{"codigo_unidade":"0313809","nome":"EDI ESCULTORA LYGIA CLARK","tipo":"1","id_cre":3,"cod_territ":"3.7","logradouro":"TRAVESSA SOARES PEREIRA","bairro":"ÁGUA SANTA","cep":"20745210","fonte_geo":"unidades_unificadas"},"geometry":{"type":"Point","coordinates":[-43.313662,-22.90646]}},{"type":"Feature","properties":{"codigo_unidade":"0313830","nome":"EDI FÉLIX PACHECO","tipo":"1","id_cre":3,"cod_territ":"3.7","logradouro":"RUA ASSIS CARNEIRO","bairro":"PIEDADE","cep":"20740260","fonte_geo":"unidades_unificadas"},"geometry":{"type":"Point","coordinates":[-43.313826,-22.895086]}},{"type":"Feature","properties":{"codigo_unidade":"0328501","nome":"CIEP VINICIUS DE MORAES","tipo":"1","id_cre":3,"cod_territ":"3.12","logradouro":"AVENIDA DOM HELDER CAMARA","bairro":"JACAREZINHO","cep":"20973010","fonte_geo":"unidades_unificadas"},"geometry":{"type":"Point","coordinates":[-43.254104,-22.885318]}},{"type":"Feature","properties":{"codigo_unidade":"0328601","nome":"CM GERALDA DE JESUS ALEIXO","tipo":"1","id_cre":3,"cod_territ":"3.12","logradouro":"AV DOM HELDER CAMARA","bairro":"JACAREZINHO","cep":"20050453","fonte_geo":"unidades_unificadas"},"geometry":{"type":"Point","coordinates":[-43.254144,-22.885812]}},{"type":"Feature","properties":{"codigo_unidade":"0328602","nome":"CM TIA ANDREZA","tipo":"1","id_cre":3,"cod_territ":"3.12","logradouro":"RUA JOSÉ MARIA BELO","bairro":"JACARÉ","cep":"20970040","fonte_geo":"unidades_unificadas"},"geometry":{"type":"Point","coordinates":[-43.259111,-22.89037]}},{"type":"Feature","properties":{"codigo_unidade":"0328603","nome":"CM TIA RUTH","tipo":"4","id_cre":null,"cod_territ":null,"logradouro":null,"bairro":null,"cep":null,"fonte_geo":"ausente"},"geometry":null},{"type":"Feature","properties":{"codigo_unidade":"0328604","nome":"CM DA COMUNIDADE DO JACAREZINHO","tipo":"1","id_cre":3,"cod_territ":"3.13","logradouro":"RUA DO COMERCIO","bairro":"JACAREZINHO","cep":"20970790","fonte_geo":"unidades_unificadas"},"geometry":{"type":"Point","coordinates":[-43.263362,-22.888592]}},{"type":"Feature","properties":{"codigo_unidade":"0328801","nome":"EDI PADRE NELSON CARLOS DEL MÔNACO","tipo":"1","id_cre":3,"cod_territ":"3.12","logradouro":"AV DOM HÉLDER CÂMARA","bairro":"BENFICA","cep":"20973056","fonte_geo":"unidades_unificadas"},"geometry":{"type":"Point","coordinates":[-43.254063,-22.883767]}},{"type":"Feature","properties":{"codigo_unidade":"0329001","nome":"EM PROFESSOR MOURÃO FILHO","tipo":"1","id_cre":3,"cod_territ":"3.21","logradouro":"RUA ARISTOLES FERREIRA","bairro":"BONSUCESSO","cep":"21061200","fonte_geo":"unidades_unificadas"},"geometry":{"type":"Point","coordinates":[-43.27004,-22.864871]}},{"type":"Feature","properties":{"codigo_unidade":"0329801","nome":"EDI DONA LINDU","tipo":"1","id_cre":3,"cod_territ":"3.23","logradouro":"ESTRADA DE ITARARÉ","bairro":"RAMOS","cep":"21061240","fonte_geo":"unidades_unificadas"},"geometry":{"type":"Point","coordinates":[-43.267813,-22.860896]}},{"type":"Feature","properties":{"codigo_unidade":"0330601","nome":"CM JOSÉ DE VIEIRA DA SILVA","tipo":"1","id_cre":3,"cod_territ":"3.23","logradouro":"ESTRADA DO ITARARE","bairro":"BONSUCESSO","cep":"21061240","fonte_geo":"unidades_unificadas"},"geometry":{"type":"Point","coordinates":[-43.270948,-22.861757]}},{"type":"Feature","properties":{"codigo_unidade":"0330602","nome":"CM NOVA BRASÍLIA","tipo":"1","id_cre":3,"cod_territ":"3.21","logradouro":"Rua Jehovan Costa","bairro":"Bonsucesso","cep":"21061250","fonte_geo":"unidades_unificadas"},"geometry":{"type":"Point","coordinates":[-43.270293,-22.865662]}},{"type":"Feature","properties":{"codigo_unidade":"04001","nome":"CP CENTRO EDUCACIONAL APRENDIZ DA MARÉ","tipo":"1","id_cre":null,"cod_territ":null,"logradouro":"\"RUA NILTON CORDEIRO \"","bairro":"MARÉ","cep":"21044052","fonte_geo":"ausente"},"geometry":null},{"type":"Feature","properties":{"codigo_unidade":"04002","nome":"CP INSTITUTO EDUCACIONAL LUIZ ANTONIO - IELA","tipo":"1","id_cre":null,"cod_territ":null,"logradouro":"RUA CABO ROCHA","bairro":"VILA DA PENHA","cep":"21211710","fonte_geo":"ausente"},"geometry":null},{"type":"Feature","properties":{"codigo_unidade":"04003","nome":"CP ASSOCIAÇÃO CIVIL CENTRO EDUCACIONAL COMUNITÁRIO ESTAÇÃO DO SABER","tipo":"1","id_cre":null,"cod_territ":null,"logradouro":"RUA DA DEMOCRACIA","bairro":"PARADA DE LUCAS","cep":"21010720","fonte_geo":"ausente"},"geometry":null},{"type":"Feature","properties":{"codigo_unidade":"04004","nome":"CP CRECHE DO CENTRO COMUNITÁRIO DA VILA PROLETÁRIA DA PENHA","tipo":"1","id_cre":null,"cod_territ":null,"logradouro":"\" RUA SÃO VICENTE DE PAULA\"","bairro":"PENHA","cep":"21072190","fonte_geo":"ausente"},"geometry":null},{"type":"Feature","properties":{"codigo_unidade":"04005","nome":"CP CASA DE JOEL","tipo":"1","id_cre":null,"cod_territ":null,"logradouro":"RUA  ANTONIO JOÃO","bairro":"CORDOVIL","cep":"21250150","fonte_geo":"ausente"},"geometry":null},{"type":"Feature","properties":{"codigo_unidade":"04006","nome":"CP COMUNIDADE INSTITUCIONAL ADULÃO TEMPO FELIZ","tipo":"1","id_cre":null,"cod_territ":null,"logradouro":"RUA CABO REIS","bairro":"RAMOS","cep":"21060410","fonte_geo":"ausente"},"geometry":null},{"type":"Feature","properties":{"codigo_unidade":"04007","nome":"CP CRECHE CASULO BOM JESUS DA PENHA","tipo":"1","id_cre":null,"cod_territ":null,"logradouro":"AVENIDA BRÁS DE PINA","bairro":"PENHA","cep":"21070030","fonte_geo":"ausente"},"geometry":null},{"type":"Feature","properties":{"codigo_unidade":"04008","nome":"CP CRECHE COMUNITÁRIA CASULO DO PARQUE PROLETÁRIO DA PENHA","tipo":"1","id_cre":null,"cod_territ":null,"logradouro":"\"PRAÇA SÃO LUCAS \"","bairro":"PENHA","cep":"21070480","fonte_geo":"ausente"},"geometry":null},{"type":"Feature","properties":{"codigo_unidade":"04009","nome":"CP CRECHE COMUNITÁRIA DE MANGUINHOS","tipo":"1","id_cre":null,"cod_territ":null,"logradouro":"RUA DOUTOR LUIZ GREGÓRIO DE SÁ","bairro":"MANGUINHOS","cep":"21050200","fonte_geo":"ausente"},"geometry":null},{"type":"Feature","properties":{"codigo_unidade":"04010","nome":"CP CRECHE COMUNITÁRIA SAGRADO CORAÇÃO DE MARIA","tipo":"1","id_cre":null,"cod_territ":null,"logradouro":"RUA CARMELA DUTRA","bairro":"MARÉ","cep":"21043160","fonte_geo":"ausente"},"geometry":null},{"type":"Feature","properties":{"codigo_unidade":"04011","nome":"CP CRECHE E PRÉ-ESCOLA NOVA JERUSALÉM","tipo":"1","id_cre":null,"cod_territ":null,"logradouro":"RUA OURIQUE","bairro":"PENHA CIRCULAR","cep":"21011130","fonte_geo":"ausente"},"geometry":null},{"type":"Feature","properties":{"codigo_unidade":"04012","nome":"CP CRECHE ESCOLA MIMI I","tipo":"1","id_cre":null,"cod_territ":null,"logradouro":"RUA JOÃO ARAUJO","bairro":"MARÉ","cep":"21044075","fonte_geo":"ausente"},"geometry":null},{"type":"Feature","properties":{"codigo_unidade":"04013","nome":"CP RECANTO DA CRIANÇA FELIZ","tipo":"1","id_cre":null,"cod_territ":null,"logradouro":"RUA ISMAEL DA ROCHA","bairro":"RAMOS","cep":"21031050","fonte_geo":"ausente"},"geometry":null},{"type":"Feature","properties":{"codigo_unidade":"04014","nome":"CP CRECHE SAGRADO CORAÇÃO DE MARIA E SANTO ANTÔNIO","tipo":"1","id_cre":null,"cod_territ":null,"logradouro":"RUA VICENTE  CANECO","bairro":"BRAZ DE PINA","cep":"21215550","fonte_geo":"ausente"},"geometry":null},{"type":"Feature","properties":{"codigo_unidade":"04015","nome":"CP ESPAÇO DE EDUCAÇÃO INFANTIL VILA DO JOÃO","tipo":"1","id_cre":null,"cod_territ":null,"logradouro":"RUA CINCO","bairro":"MANGUINHOS","cep":"21050000","fonte_geo":"ausente"},"geometry":null},{"type":"Feature","properties":{"codigo_unidade":"04016","nome":"CP CRECHE LAR IRMÃO FRANCISCO","tipo":"1","id_cre":null,"cod_territ":null,"logradouro":"RUA SIZENANDO NABUCO","bairro":"MANGUINHOS","cep":"21041250","fonte_geo":"ausente"},"geometry":null},{"type":"Feature","properties":{"codigo_unidade":"04017","nome":"CP ASSOCIAÇÃO CENTRO EDUCACIONAL REBRAL I","tipo":"1","id_cre":null,"cod_territ":null,"logradouro":"RUA OURIQUE","bairro":"PENHA CIRCULAR","cep":"21011130","fonte_geo":"ausente"},"geometry":null},{"type":"Feature","properties":{"codigo_unidade":"04018","nome":"CP SOCIEDADE DE ENSINO TEREZA CRISTINA","tipo":"1","id_cre":null,"cod_territ":null,"logradouro":"RUA NEGRÃO DE LIMA","bairro":"MARÉ","cep":"21044150","fonte_geo":"ausente"},"geometry":null},{"type":"Feature","properties":{"codigo_unidade":"04019","nome":"CP JARDIM ESCOLA CANAÃ (INATIVA)","tipo":"4","id_cre":null,"cod_territ":null,"logradouro":null,"bairro":null,"cep":null,"fonte_geo":"ausente"},"geometry":null},{"type":"Feature","properties":{"codigo_unidade":"04020","nome":"CP CENTRO CULTURAL EDUCAR","tipo":"1","id_cre":null,"cod_territ":null,"logradouro":"RUA URANOS","bairro":"RAMOS","cep":"21060425","fonte_geo":"ausente"},"geometry":null},{"type":"Feature","properties":{"codigo_unidade":"04021","nome":"CP ASSOCIAÇÃO CENTRO EDUCACIONAL REBRAL II","tipo":"1","id_cre":null,"cod_territ":null,"logradouro":"RUA FLORA LOBO","bairro":"PENHA CIRCULAR","cep":"21210500","fonte_geo":"ausente"},"geometry":null},{"type":"Feature","properties":{"codigo_unidade":"04022","nome":"CP CRECHE VALE DO SOL NO GROTÃO","tipo":"1","id_cre":null,"cod_territ":null,"logradouro":"RUA IPOJUCA","bairro":"PENHA","cep":"21070280","fonte_geo":"ausente"},"geometry":null},{"type":"Feature","properties":{"codigo_unidade":"04023","nome":"CP CENTRO CULTURAL EDUCAR - UNIDADE III","tipo":"1","id_cre":null,"cod_territ":null,"logradouro":"RUA NIOAC","bairro":"BONSUCESSO","cep":"21042230","fonte_geo":"ausente"},"geometry":null},{"type":"Feature","properties":{"codigo_unidade":"04024","nome":"CP CRECHE VALE DO SOL","tipo":"1","id_cre":null,"cod_territ":null,"logradouro":"RUA MAJOR REGO","bairro":"OLARIA","cep":"21073440","fonte_geo":"ausente"},"geometry":null},{"type":"Feature","properties":{"codigo_unidade":"04025","nome":"CP CRECHE E PRÉ-ESCOLA NOVA JERUSALÉM NO CORDOVIL","tipo":"1","id_cre":null,"cod_territ":null,"logradouro":"RUA OTINGA","bairro":"CORDOVIL","cep":"21012130","fonte_geo":"ausente"},"geometry":null},{"type":"Feature","properties":{"codigo_unidade":"04026","nome":"CP CRECHE ESCOLA PATINHO ESTUDIOSO","tipo":"1","id_cre":null,"cod_territ":null,"logradouro":"RUA TRAVESSA SÃO BENTO","bairro":"PARADA DE LUCAS","cep":"21010379","fonte_geo":"ausente"},"geometry":null},{"type":"Feature","properties":{"codigo_unidade":"04027","nome":"CP ASSOCIAÇÃO CENTRO EDUCACIONAL REBRAL IV","tipo":"1","id_cre":null,"cod_territ":null,"logradouro":"RUA XAVIER PINHEIRO","bairro":"VIGARIO GERAL","cep":"21241320","fonte_geo":"ausente"},"geometry":null},{"type":"Feature","properties":{"codigo_unidade":"04027","nome":"CC ASSOCIAÇÃO CENTRO EDUCACIONAL REBRAL","tipo":"3","id_cre":null,"cod_territ":null,"logradouro":null,"bairro":null,"cep":null,"fonte_geo":"ausente"},"geometry":null},{"type":"Feature","properties":{"codigo_unidade":"04028","nome":"CP CRECHE TIA NANE I","tipo":"1","id_cre":null,"cod_territ":null,"logradouro":"RUA GÉRSON FERREIRA","bairro":"RAMOS","cep":"21031042","fonte_geo":"ausente"},"geometry":null},{"type":"Feature","properties":{"codigo_unidade":"04029","nome":"CP SOLZINHO","tipo":"1","id_cre":null,"cod_territ":null,"logradouro":"RUA MAJOR REGO","bairro":"OLARIA","cep":"21073440","fonte_geo":"ausente"},"geometry":null},{"type":"Feature","properties":{"codigo_unidade":"04030","nome":"CP CRECHE VALE DO SOL II","tipo":"1","id_cre":null,"cod_territ":null,"logradouro":"RUA DOUTOR MIGUEL VIEIRA FERREIRA","bairro":"RAMOS","cep":"21060090","fonte_geo":"ausente"},"geometry":null},{"type":"Feature","properties":{"codigo_unidade":"04031","nome":"CP PATINHO ESTUDIOSO (INATIVA)","tipo":"4","id_cre":null,"cod_territ":null,"logradouro":null,"bairro":null,"cep":null,"fonte_geo":"ausente"},"geometry":null},{"type":"Feature","properties":{"codigo_unidade":"04032","nome":"CP ASSOCIAÇÃO CENTRO EDUCACIONAL REBRAL V","tipo":"1","id_cre":null,"cod_territ":null,"logradouro":"AVENIDA BRAZ DE PINA","bairro":"VILA DA PENHA","cep":"21210675","fonte_geo":"ausente"},"geometry":null},{"type":"Feature","properties":{"codigo_unidade":"04033","nome":"CP CRECHE TIA NANE II","tipo":"4","id_cre":null,"cod_territ":null,"logradouro":null,"bairro":null,"cep":null,"fonte_geo":"ausente"},"geometry":null},{"type":"Feature","properties":{"codigo_unidade":"04034","nome":"CP CASA DE JOEL II","tipo":"1","id_cre":null,"cod_territ":null,"logradouro":"AVENIDA OLIVEIRA BELO","bairro":"VILA DA PENHA","cep":"21221300","fonte_geo":"ausente"},"geometry":null},{"type":"Feature","properties":{"codigo_unidade":"04035","nome":"CP INSTITUTO DE EDUCAÇÃO EUCLIDES DOS SANTOS","tipo":"1","id_cre":null,"cod_territ":null,"logradouro":"AVENIA BRIGADEIRO TROMPOVSKI","bairro":"MARÉ","cep":"21044020","fonte_geo":"ausente"},"geometry":null},{"type":"Feature","properties":{"codigo_unidade":"04036","nome":"CP CRECHE GIZ COLORIDO","tipo":"1","id_cre":null,"cod_territ":null,"logradouro":"RUA ITABIRA","bairro":"BRAZ DE PINA","cep":"21215310","fonte_geo":"ausente"},"geometry":null},{"type":"Feature","properties":{"codigo_unidade":"04037","nome":"CP CRECHE ESCOLA MIMI II","tipo":"1","id_cre":null,"cod_territ":null,"logradouro":"RUA ROBERTO DA SILVEIRA","bairro":"RAMOS","cep":"21044180","fonte_geo":"ausente"},"geometry":null},{"type":"Feature","properties":{"codigo_unidade":"04038","nome":"CP ASSOCIAÇÃO CENTRO EDUCACIONAL REBRAL VIII","tipo":"1","id_cre":null,"cod_territ":null,"logradouro":"\" RUA GENERAL CARVALHO\"","bairro":"CORDOVIL","cep":"21250240","fonte_geo":"ausente"},"geometry":null},{"type":"Feature","properties":{"codigo_unidade":"04039","nome":"CP ASSOCIAÇÃO CENTRO EDUCACIONAL REBRAL IX","tipo":"1","id_cre":null,"cod_territ":null,"logradouro":"RUA DO ALPISTE","bairro":"PENHA CIRCULAR","cep":"21011010","fonte_geo":"ausente"},"geometry":null},{"type":"Feature","properties":{"codigo_unidade":"04040","nome":"CP ASSOCIAÇÃO CENTRO EDUCACIONAL REBRAL X","tipo":"1","id_cre":null,"cod_territ":null,"logradouro":"RUA CHARLES GOUNOD","bairro":"JARDIM AMÉRICA","cep":"21240420","fonte_geo":"ausente"},"geometry":null},{"type":"Feature","properties":{"codigo_unidade":"04041","nome":"CP CRECHE ESCOLA OTACÍLIO BATISTA","tipo":"1","id_cre":null,"cod_territ":null,"logradouro":"RUA  JOAQUIM NABUCO","bairro":"BONSUCESSO","cep":"21043290","fonte_geo":"ausente"},"geometry":null},{"type":"Feature","properties":{"codigo_unidade":"04042","nome":"CP CENTRO CULTURAL PEDACINHO DO CÉU","tipo":"1","id_cre":null,"cod_territ":null,"logradouro":"RUA PIRICUMA","bairro":"BRAZ DE PINA","cep":"21011330","fonte_geo":"ausente"},"geometry":null},{"type":"Feature","properties":{"codigo_unidade":"04043","nome":"CP ASSOCIAÇÃO COMUNITÁRIA EDUCACIONAL FLORESCER","tipo":"1","id_cre":null,"cod_territ":null,"logradouro":"RUA DOUTOR NUNES","bairro":"OLARIA","cep":"21021370","fonte_geo":"ausente"},"geometry":null},{"type":"Feature","properties":{"codigo_unidade":"04044","nome":"CP CRECHE HOUSE BABY - BONSUCESSO","tipo":"1","id_cre":null,"cod_territ":null,"logradouro":"\" RUA CARDOSO DE MORAIS\"","bairro":"BONSUCESSO","cep":"21032000","fonte_geo":"ausente"},"geometry":null},{"type":"Feature","properties":{"codigo_unidade":"04045","nome":"CP CRECHE CRIANÇA FELIZ EM LUCAS","tipo":"1","id_cre":null,"cod_territ":null,"logradouro":"\"RUA DA DEMOCRACIA \"","bairro":"PARADA DE  LUCAS","cep":"21010720","fonte_geo":"ausente"},"geometry":null},{"type":"Feature","properties":{"codigo_unidade":"04046","nome":"CP CRECHE TIA NANE III","tipo":"1","id_cre":null,"cod_territ":null,"logradouro":"RUA MARQUES DE OLIVEIRA","bairro":"RAMOS","cep":"21031710","fonte_geo":"ausente"},"geometry":null},{"type":"Feature","properties":{"codigo_unidade":"04047","nome":"CP CRECHE VALE DO SOL III","tipo":"1","id_cre":null,"cod_territ":null,"logradouro":"RUA ANDRÉ AZEVEDO","bairro":"OLARIA","cep":"21021480","fonte_geo":"ausente"},"geometry":null},{"type":"Feature","properties":{"codigo_unidade":"04048","nome":"CP INSTITUTO DE EDUCAÇÃO EUCLIDES DOS SANTOS II","tipo":"1","id_cre":null,"cod_territ":null,"logradouro":"RUA BARREIROS","bairro":"RAMOS","cep":"21031753","fonte_geo":"ausente"},"geometry":null},{"type":"Feature","properties":{"codigo_unidade":"04049","nome":"CP INSTITUTO JOSEFA LAURENTINO","tipo":"1","id_cre":null,"cod_territ":null,"logradouro":"RUA NILTON CORDEIRO","bairro":"MARÉ","cep":"21044052","fonte_geo":"ausente"},"geometry":null},{"type":"Feature","properties":{"codigo_unidade":"04050","nome":"CP CENTRO EDUCACIONAL CARIOQUINHA","tipo":"1","id_cre":null,"cod_territ":null,"logradouro":"RUA SARGENTO SILVA NUNES","bairro":"RAMOS","cep":"21040231","fonte_geo":"ausente"},"geometry":null},{"type":"Feature","properties":{"codigo_unidade":"04050","nome":"CENTRO EDUCACIONAL CARIOQUINHA","tipo":"3","id_cre":null,"cod_territ":null,"logradouro":null,"bairro":null,"cep":null,"fonte_geo":"ausente"},"geometry":null},{"type":"Feature","properties":{"codigo_unidade":"04051","nome":"CP CRECHE ESCOLA MIMI III","tipo":"1","id_cre":null,"cod_territ":null,"logradouro":"RUA C4","bairro":"MARÉ","cep":"21046390","fonte_geo":"ausente"},"geometry":null},{"type":"Feature","properties":{"codigo_unidade":"04052","nome":"CP CRECHE GENTE MIÚDA","tipo":"1","id_cre":null,"cod_territ":null,"logradouro":"AVENIDA LOBO JUNIOR","bairro":"PENHA CIRCULAR","cep":"21020122","fonte_geo":"ausente"},"geometry":null},{"type":"Feature","properties":{"codigo_unidade":"04053","nome":"CP INSTITUTO EUCLIDES DOS SANTOS III","tipo":"1","id_cre":null,"cod_territ":null,"logradouro":null,"bairro":null,"cep":null,"fonte_geo":"ausente"},"geometry":null},{"type":"Feature","properties":{"codigo_unidade":"04054","nome":"CP IJL FILIAL PINHEIRO","tipo":"1","id_cre":null,"cod_territ":null,"logradouro":null,"bairro":null,"cep":null,"fonte_geo":"ausente"},"geometry":null},{"type":"Feature","properties":{"codigo_unidade":"04054","nome":"CPIJL FILIAL PINHEIRO","tipo":"3","id_cre":null,"cod_territ":null,"logradouro":null,"bairro":null,"cep":null,"fonte_geo":"ausente"},"geometry":null},{"type":"Feature","properties":{"codigo_unidade":"04055","nome":"CP ACERP","tipo":"1","id_cre":null,"cod_territ":null,"logradouro":null,"bairro":null,"cep":null,"fonte_geo":"ausente"},"geometry":null},{"type":"Feature","properties":{"codigo_unidade":"04056","nome":"CP PEDACINHO DO CÉU - BONSUCESSO","tipo":"1","id_cre":null,"cod_territ":null,"logradouro":null,"bairro":null,"cep":null,"fonte_geo":"ausente"},"geometry":null},{"type":"Feature","properties":{"codigo_unidade":"04057","nome":"CP CRECHE AMOR E FÉ","tipo":"1","id_cre":null,"cod_territ":null,"logradouro":null,"bairro":null,"cep":null,"fonte_geo":"ausente"},"geometry":null},{"type":"Feature","properties":{"codigo_unidade":"04058","nome":"CP CRECHE ALFA KIDS","tipo":"1","id_cre":null,"cod_territ":null,"logradouro":null,"bairro":null,"cep":null,"fonte_geo":"ausente"},"geometry":null},{"type":"Feature","properties":{"codigo_unidade":"04059","nome":"CP CENTRO CULTURAL EVOLUIR - RAMOS","tipo":"1","id_cre":null,"cod_territ":null,"logradouro":null,"bairro":null,"cep":null,"fonte_geo":"ausente"},"geometry":null},{"type":"Feature","properties":{"codigo_unidade":"0410001","nome":"EM EMA NEGRÃO DE LIMA","tipo":"1","id_cre":4,"cod_territ":"4.1","logradouro":"ESTRADA DE MANGUINHOS","bairro":"MANGUINHOS","cep":"21050007","fonte_geo":"unidades_unificadas"},"geometry":{"type":"Point","coordinates":[-43.252999,-22.880153]}},{"type":"Feature","properties":{"codigo_unidade":"0410002","nome":"EM ALBINO SOUZA CRUZ","tipo":"1","id_cre":4,"cod_territ":"4.1","logradouro":"\"AV. DOS DEMOCRATICOS \"","bairro":"MANGUINHOS","cep":"21050060","fonte_geo":"unidades_unificadas"},"geometry":{"type":"Point","coordinates":[-43.253246,-22.880986]}},{"type":"Feature","properties":{"codigo_unidade":"0410003","nome":"EM RUY BARBOSA","tipo":"1","id_cre":4,"cod_territ":"4.12","logradouro":"RUA AGUIAR MOREIRA","bairro":"BONSUCESSO","cep":"21041070","fonte_geo":"unidades_unificadas"},"geometry":{"type":"Point","coordinates":[-43.253111,-22.868188]}},{"type":"Feature","properties":{"codigo_unidade":"0410004","nome":"EM PEDRO LESSA","tipo":"1","id_cre":4,"cod_territ":"4.12","logradouro":"RUA ADAIL","bairro":"BONSUCESSO","cep":"21040000","fonte_geo":"unidades_unificadas"},"geometry":{"type":"Point","coordinates":[-43.25428,-22.86047]}},{"type":"Feature","properties":{"codigo_unidade":"0410005","nome":"EM JOÃO BARBALHO","tipo":"1","id_cre":4,"cod_territ":"3.24","logradouro":"RUA DOUTOR MIGUEL VIEIRA FERREIRA","bairro":"RAMOS","cep":"21060090","fonte_geo":"unidades_unificadas"},"geometry":{"type":"Point","coordinates":[-43.261761,-22.856447]}},{"type":"Feature","properties":{"codigo_unidade":"0410006","nome":"EM PROFESSOR CARNEIRO RIBEIRO","tipo":"1","id_cre":4,"cod_territ":"3.24","logradouro":"RUA PROFESSOR LACE","bairro":"RAMOS","cep":"21060120","fonte_geo":"unidades_unificadas"},"geometry":{"type":"Point","coordinates":[-43.261768000000004,-22.855627]}},{"type":"Feature","properties":{"codigo_unidade":"0410007","nome":"EM PADRE MANUEL DA NÓBREGA","tipo":"1","id_cre":4,"cod_territ":"3.24","logradouro":"RUA PROFESSOR LACE","bairro":"RAMOS","cep":"21060120","fonte_geo":"unidades_unificadas"},"geometry":{"type":"Point","coordinates":[-43.264165,-22.857137]}},{"type":"Feature","properties":{"codigo_unidade":"0410008","nome":"EM WALT DISNEY","tipo":"1","id_cre":4,"cod_territ":"3.24","logradouro":"RUA PROFESSOR LACE","bairro":"RAMOS","cep":"21060120","fonte_geo":"unidades_unificadas"},"geometry":{"type":"Point","coordinates":[-43.264312,-22.856855]}},{"type":"Feature","properties":{"codigo_unidade":"0410009","nome":"EM DILERMANDO CRUZ","tipo":"1","id_cre":4,"cod_territ":"4.12","logradouro":"AV TEIXEIRA DE CASTRO","bairro":"BONSUCESSO","cep":"21040113","fonte_geo":"unidades_unificadas"},"geometry":{"type":"Point","coordinates":[-43.252451,-22.853868]}},{"type":"Feature","properties":{"codigo_unidade":"0410010","nome":"EM NERVAL DE GOUVEIA","tipo":"1","id_cre":4,"cod_territ":"4.11","logradouro":"ESTRADA DO ENGENHO DA PEDRA","bairro":"RAMOS","cep":"21010000","fonte_geo":"unidades_unificadas"},"geometry":{"type":"Point","coordinates":[-43.253783,-22.845126]}},{"type":"Feature","properties":{"codigo_unidade":"0410011","nome":"EM EDMUNDO LINS","tipo":"1","id_cre":4,"cod_territ":"4.11","logradouro":"RUA NOSSA SENHORA DAS GRAÇAS","bairro":"RAMOS","cep":"21031611","fonte_geo":"unidades_unificadas"},"geometry":{"type":"Point","coordinates":[-43.256565,-22.849747]}},{"type":"Feature","properties":{"codigo_unidade":"0410013","nome":"EM CARLOS CHAGAS","tipo":"1","id_cre":4,"cod_territ":"4.12","logradouro":"RUA ROMERO ZANDER","bairro":"RAMOS","cep":"21040080","fonte_geo":"unidades_unificadas"},"geometry":{"type":"Point","coordinates":[-43.255331,-22.857256]}},{"type":"Feature","properties":{"codigo_unidade":"0410015","nome":"EM CLÓVIS BEVILÁQUA","tipo":"1","id_cre":4,"cod_territ":"4.15","logradouro":"\"RUA ANTONIO REGO \"","bairro":"OLARIA","cep":"21073311","fonte_geo":"unidades_unificadas"},"geometry":{"type":"Point","coordinates":[-43.265476,-22.849446]}},{"type":"Feature","properties":{"codigo_unidade":"0410016","nome":"EM CHILE","tipo":"1","id_cre":4,"cod_territ":"4.15","logradouro":"PRAÇA BELMONTE","bairro":"OLARIA","cep":"21073010","fonte_geo":"unidades_unificadas"},"geometry":{"type":"Point","coordinates":[-43.268589,-22.84858]}},{"type":"Feature","properties":{"codigo_unidade":"0410018","nome":"EM BERLIM","tipo":"1","id_cre":4,"cod_territ":"4.13","logradouro":"PRAÇA RAMOS FIGUEIRA","bairro":"OLARIA","cep":"21031440","fonte_geo":"unidades_unificadas"},"geometry":{"type":"Point","coordinates":[-43.261444,-22.847791]}},{"type":"Feature","properties":{"codigo_unidade":"0410020","nome":"EM JORACY CAMARGO","tipo":"1","id_cre":4,"cod_territ":"4.17","logradouro":"ESTRADA JOSE RUCAS","bairro":"OLARIA","cep":"21070370","fonte_geo":"unidades_unificadas"},"geometry":{"type":"Point","coordinates":[-43.280572,-22.848321]}},{"type":"Feature","properties":{"codigo_unidade":"0410021","nome":"EM BRASIL","tipo":"1","id_cre":4,"cod_territ":"4.13","logradouro":"RUA ANDRÉ AZEVEDO","bairro":"OLARIA","cep":"21021480","fonte_geo":"unidades_unificadas"},"geometry":{"type":"Point","coordinates":[-43.260748,-22.843254]}},{"type":"Feature","properties":{"codigo_unidade":"0410022","nome":"EM ODILON DE ANDRADE","tipo":"1","id_cre":4,"cod_territ":"4.15","logradouro":"RUA ITAPE","bairro":"OLARIA","cep":"21071440","fonte_geo":"unidades_unificadas"},"geometry":{"type":"Point","coordinates":[-43.277592,-22.852556]}},{"type":"Feature","properties":{"codigo_unidade":"0410023","nome":"EM LUIZ CESAR SAYÃO GARCEZ","tipo":"1","id_cre":4,"cod_territ":"4.15","logradouro":"RUA PARANAPANEMA","bairro":"OLARIA","cep":"21073185","fonte_geo":"unidades_unificadas"},"geometry":{"type":"Point","coordinates":[-43.273619,-22.848531]}},{"type":"Feature","properties":{"codigo_unidade":"0410025","nome":"EM ANIBAL FREIRE","tipo":"1","id_cre":4,"cod_territ":"4.13","logradouro":"RUA PROFESSOR PLÍNIO BASTOS","bairro":"OLARIA","cep":"21021350","fonte_geo":"unidades_unificadas"},"geometry":{"type":"Point","coordinates":[-43.268204,-22.842056]}},{"type":"Feature","properties":{"codigo_unidade":"0410026","nome":"EM PROFESSORA MARIA DE CERQUEIRA E SILVA","tipo":"1","id_cre":4,"cod_territ":"4.3","logradouro":"\" RUA LEOPOLDO BULHÕES \"","bairro":"BENFICA","cep":"20911300","fonte_geo":"unidades_unificadas"},"geometry":{"type":"Point","coordinates":[-43.24913,-22.882859]}},{"type":"Feature","properties":{"codigo_unidade":"0410202","nome":"CIEP YURI GAGARIN","tipo":"1","id_cre":4,"cod_territ":"4.12","logradouro":"AVENIDA DOS CAMPEÕES","bairro":"RAMOS","cep":"21040016","fonte_geo":"unidades_unificadas"},"geometry":{"type":"Point","coordinates":[-43.254676,-22.855386]}},{"type":"Feature","properties":{"codigo_unidade":"0410501","nome":"CIEP JUSCELINO KUBITSCHEK","tipo":"1","id_cre":4,"cod_territ":"4.3","logradouro":"RUA LEOPOLDO BULHOES","bairro":"BONSUCESSO","cep":"21041210","fonte_geo":"unidades_unificadas"},"geometry":{"type":"Point","coordinates":[-43.249698,-22.880778]}},{"type":"Feature","properties":{"codigo_unidade":"0410502","nome":"CIEP MAESTRO FRANCISCO MIGNONE","tipo":"1","id_cre":4,"cod_territ":"4.15","logradouro":"RUA ITAPE","bairro":"OLARIA","cep":"21071440","fonte_geo":"unidades_unificadas"},"geometry":{"type":"Point","coordinates":[-43.27771,-22.853024]}},{"type":"Feature","properties":{"codigo_unidade":"0410601","nome":"CM MANGUINHOS","tipo":"1","id_cre":4,"cod_territ":"4.3","logradouro":"RUA LEOPOLDO BULHOES","bairro":"BONSUCESSO","cep":"21041210","fonte_geo":"unidades_unificadas"},"geometry":{"type":"Point","coordinates":[-43.25004,-22.880445]}},{"type":"Feature","properties":{"codigo_unidade":"0410602","nome":"CM DR. JUVENIL DE SOUZA LOPES","tipo":"1","id_cre":4,"cod_territ":"4.12","logradouro":"RUA JOÃO GONÇALVES DE LIMA FILHO","bairro":"RAMOS","cep":"21040018","fonte_geo":"unidades_unificadas"},"geometry":{"type":"Point","coordinates":[-43.253675,-22.855554]}},{"type":"Feature","properties":{"codigo_unidade":"0410603","nome":"CM CHICO BENTO","tipo":"1","id_cre":4,"cod_territ":"4.3","logradouro":"RUA LEOPOLDO BULHÕES","bairro":"MANGUINHOS","cep":"21041210","fonte_geo":"unidades_unificadas"},"geometry":{"type":"Point","coordinates":[-43.24962,-22.88047]}},{"type":"Feature","properties":{"codigo_unidade":"0410701","nome":"CENTRO DE EDUCAÇÃO DE JOVENS E ADULTOS CEJA - AVENIDA BRASIL","tipo":"1","id_cre":null,"cod_territ":null,"logradouro":"AVENIDA POSTAL","bairro":"RAMOS","cep":"21040150","fonte_geo":"ausente"},"geometry":null},{"type":"Feature","properties":{"codigo_unidade":"0410801","nome":"EDI DOUTOR DOMINGOS ARTHUR MACHADO FILHO","tipo":"1","id_cre":4,"cod_territ":"4.2","logradouro":"\" RUA LEOPOLDO BULHÕES \"","bairro":"BENFICA","cep":"20911300","fonte_geo":"unidades_unificadas"},"geometry":{"type":"Point","coordinates":[-43.248251,-22.884679]}},{"type":"Feature","properties":{"codigo_unidade":"0410801","nome":"EDI DR.DOMINGOS ARTHUR MACHADO FILHO","tipo":"3","id_cre":4,"cod_territ":"4.2","logradouro":null,"bairro":null,"cep":null,"fonte_geo":"unidades_unificadas"},"geometry":{"type":"Point","coordinates":[-43.248251,-22.884679]}},{"type":"Feature","properties":{"codigo_unidade":"0410802","nome":"EDI DOUTOR ANTÔNIO FERNANDES FIGUEIRA","tipo":"1","id_cre":4,"cod_territ":"4.1","logradouro":"AVENIDA DOS DEMOCRÁTICOS","bairro":"MANGUINHOS","cep":"21050000","fonte_geo":"unidades_unificadas"},"geometry":{"type":"Point","coordinates":[-43.253337,-22.88338]}},{"type":"Feature","properties":{"codigo_unidade":"0410803","nome":"EDI JOAQUIM VENÂNCIO","tipo":"1","id_cre":4,"cod_territ":"3.14","logradouro":"RUA HESPERIA","bairro":"MANGUINHOS","cep":"21050040","fonte_geo":"unidades_unificadas"},"geometry":{"type":"Point","coordinates":[-43.25493,-22.875506]}},{"type":"Feature","properties":{"codigo_unidade":"0410804","nome":"EDI SARGENTO JORGE FALEIRO SOUZA","tipo":"1","id_cre":4,"cod_territ":"4.15","logradouro":"RUA WILSON DE LASHERAS SILVA","bairro":"OLARIA","cep":"21073230","fonte_geo":"unidades_unificadas"},"geometry":{"type":"Point","coordinates":[-43.273958,-22.85192]}},{"type":"Feature","properties":{"codigo_unidade":"0410805","nome":"EDI COMPOSITOR NEOCI DIAS DE ANDRADE","tipo":"1","id_cre":4,"cod_territ":"4.15","logradouro":"\"RUA ANTONIO REGO \"","bairro":"OLARIA","cep":"21073311","fonte_geo":"unidades_unificadas"},"geometry":{"type":"Point","coordinates":[-43.265338,-22.849859]}},{"type":"Feature","properties":{"codigo_unidade":"0410806","nome":"EDI PIERRE JANET","tipo":"1","id_cre":4,"cod_territ":"4.11","logradouro":"RUA NOSSA SENHORA DAS GRAÇAS","bairro":"RAMOS","cep":"21031611","fonte_geo":"unidades_unificadas"},"geometry":{"type":"Point","coordinates":[-43.256373,-22.849984]}},{"type":"Feature","properties":{"codigo_unidade":"0410807","nome":"EDI PROFESSORA TANIA DA ROCHA CORREA","tipo":"1","id_cre":4,"cod_territ":"4.15","logradouro":"RUA ITAPE","bairro":"OLARIA","cep":"21071440","fonte_geo":"unidades_unificadas"},"geometry":{"type":"Point","coordinates":[-43.277416,-22.85273]}},{"type":"Feature","properties":{"codigo_unidade":"0410808","nome":"EDI ALMIR LEITE RIBEIRO","tipo":"1","id_cre":4,"cod_territ":"4.16","logradouro":"\" ESTRADA JOSÉ RUCAS\"","bairro":"PENHA","cep":"21070370","fonte_geo":"unidades_unificadas"},"geometry":{"type":"Point","coordinates":[-43.283699,-22.84681]}},{"type":"Feature","properties":{"codigo_unidade":"0410810","nome":"EDI MIGUEL COUTO","tipo":"1","id_cre":4,"cod_territ":"4.13","logradouro":"\"RUA PROFESSOR  BASTOS \"","bairro":"OLARIA","cep":"21021350","fonte_geo":"unidades_unificadas"},"geometry":{"type":"Point","coordinates":[-43.267453,-22.839343]}},{"type":"Feature","properties":{"codigo_unidade":"0410811","nome":"EDI LAIS NETTO DOS REIS","tipo":"1","id_cre":4,"cod_territ":"4.15","logradouro":"PRAÇA BELMONTE","bairro":"OLARIA","cep":"21073010","fonte_geo":"unidades_unificadas"},"geometry":{"type":"Point","coordinates":[-43.269272,-22.847759]}},{"type":"Feature","properties":{"codigo_unidade":"0410812","nome":"EDI CORONEL ASSUNÇÃO","tipo":"1","id_cre":4,"cod_territ":"4.15","logradouro":"RUA PARANAPANEMA","bairro":"OLARIA","cep":"21073180","fonte_geo":"unidades_unificadas"},"geometry":{"type":"Point","coordinates":[-43.272627,-22.849388]}},{"type":"Feature","properties":{"codigo_unidade":"0411001","nome":"EM MONSENHOR ROCHA","tipo":"1","id_cre":4,"cod_territ":"4.16","logradouro":"AVENIDA NOSSA SENHORA DA PENHA","bairro":"PENHA","cep":"21070390","fonte_geo":"unidades_unificadas"},"geometry":{"type":"Point","coordinates":[-43.283035,-22.846396]}},{"type":"Feature","properties":{"codigo_unidade":"0411002","nome":"EM BERNARDO DE VASCONCELLOS","tipo":"1","id_cre":4,"cod_territ":"4.16","logradouro":"PRAÇA SANTA ROSÁLIA","bairro":"PENHA","cep":"21070440","fonte_geo":"unidades_unificadas"},"geometry":{"type":"Point","coordinates":[-43.284007,-22.845629]}},{"type":"Feature","properties":{"codigo_unidade":"0411004","nome":"EM LEONOR COELHO PEREIRA","tipo":"1","id_cre":4,"cod_territ":"4.16","logradouro":"AVENIDA NOSSA SENHORA DA PENHA","bairro":"PENHA","cep":"21070390","fonte_geo":"unidades_unificadas"},"geometry":{"type":"Point","coordinates":[-43.283203,-22.845991]}},{"type":"Feature","properties":{"codigo_unidade":"0411005","nome":"EM PRESIDENTE EURICO DUTRA","tipo":"1","id_cre":4,"cod_territ":"4.13","logradouro":"RUA SANTA ENGRÁCIA","bairro":"PENHA","cep":"21021080","fonte_geo":"unidades_unificadas"},"geometry":{"type":"Point","coordinates":[-43.268268,-22.839392]}},{"type":"Feature","properties":{"codigo_unidade":"0411006","nome":"EM CONDE DE AGROLONGO","tipo":"1","id_cre":4,"cod_territ":"4.13","logradouro":"RUA CONDE DE AGROLONGO","bairro":"PENHA","cep":"21020190","fonte_geo":"unidades_unificadas"},"geometry":{"type":"Point","coordinates":[-43.279753,-22.837657]}},{"type":"Feature","properties":{"codigo_unidade":"0411007","nome":"EM ARIOSTO ESPINHEIRA","tipo":"1","id_cre":4,"cod_territ":"4.13","logradouro":"PRAÇA CAÍ","bairro":"PENHA","cep":"21020140","fonte_geo":"unidades_unificadas"},"geometry":{"type":"Point","coordinates":[-43.271038,-22.834088]}},{"type":"Feature","properties":{"codigo_unidade":"0411008","nome":"EM PROFESSOR SOUZA CARNEIRO","tipo":"1","id_cre":4,"cod_territ":"4.13","logradouro":"RUA CALIFÓRNIA","bairro":"PENHA CIRCULAR","cep":"21020150","fonte_geo":"unidades_unificadas"},"geometry":{"type":"Point","coordinates":[-43.275255,-22.829464]}},{"type":"Feature","properties":{"codigo_unidade":"0411009","nome":"EM CIENTISTA MÁRIO KROEFF","tipo":"1","id_cre":4,"cod_territ":"4.13","logradouro":"RUA DO COUTO","bairro":"PENHA","cep":"21020410","fonte_geo":"unidades_unificadas"},"geometry":{"type":"Point","coordinates":[-43.27517,-22.838964]}},{"type":"Feature","properties":{"codigo_unidade":"0411010","nome":"EM BRANT HORTA","tipo":"1","id_cre":4,"cod_territ":"4.19","logradouro":"RUA BENTO CARDOSO","bairro":"PENHA CIRCULAR","cep":"21215000","fonte_geo":"unidades_unificadas"},"geometry":{"type":"Point","coordinates":[-43.288156,-22.835668]}},{"type":"Feature","properties":{"codigo_unidade":"0411011","nome":"EM PROFESSOR AUGUSTO MOTTA","tipo":"1","id_cre":4,"cod_territ":"4.19","logradouro":"RUA BENTO CARDOSO","bairro":"PENHA CIRCULAR","cep":"21215000","fonte_geo":"unidades_unificadas"},"geometry":{"type":"Point","coordinates":[-43.288379,-22.835524]}},{"type":"Feature","properties":{"codigo_unidade":"0411012","nome":"EM JOÃO MARQUES DOS REIS","tipo":"1","id_cre":4,"cod_territ":"4.19","logradouro":"PRAÇA SAICA","bairro":"BRÁS DE PINA","cep":"21215170","fonte_geo":"unidades_unificadas"},"geometry":{"type":"Point","coordinates":[-43.299932,-22.837998]}},{"type":"Feature","properties":{"codigo_unidade":"0411013","nome":"EM FERNANDO TUDE DE SOUZA","tipo":"1","id_cre":4,"cod_territ":"4.19","logradouro":"PRAÇA SAICA","bairro":"BRÁS DE PINA","cep":"21215170","fonte_geo":"unidades_unificadas"},"geometry":{"type":"Point","coordinates":[-43.299945,-22.838363]}},{"type":"Feature","properties":{"codigo_unidade":"0411014","nome":"EM JOÃO DE DEUS","tipo":"1","id_cre":4,"cod_territ":"4.13","logradouro":"PRAÇA ALMEIDA GARRET","bairro":"PENHA CIRCULAR","cep":"21011490","fonte_geo":"unidades_unificadas"},"geometry":{"type":"Point","coordinates":[-43.282108,-22.829946]}},{"type":"Feature","properties":{"codigo_unidade":"0411015","nome":"EM SUÍÇA","tipo":"1","id_cre":4,"cod_territ":"4.14","logradouro":"PRAÇA ANTÔNIO JOSÉ DE ALMEIDA","bairro":"PENHA CIRCULAR","cep":"21011580","fonte_geo":"unidades_unificadas"},"geometry":{"type":"Point","coordinates":[-43.279179,-22.828854]}},{"type":"Feature","properties":{"codigo_unidade":"0411017","nome":"EM MINISTRO AFRÂNIO COSTA","tipo":"1","id_cre":4,"cod_territ":"4.14","logradouro":"PRAÇA ESPLANADA","bairro":"PENHA CIRCULAR","cep":"21012010","fonte_geo":"unidades_unificadas"},"geometry":{"type":"Point","coordinates":[-43.278695,-22.82524]}},{"type":"Feature","properties":{"codigo_unidade":"0411018","nome":"EM PROFESSOR ARY QUINTELLA","tipo":"1","id_cre":4,"cod_territ":"4.19","logradouro":"RUA ENGENHEIRO MOREIRA LIMA","bairro":"PENHA CIRCULAR","cep":"21210720","fonte_geo":"unidades_unificadas"},"geometry":{"type":"Point","coordinates":[-43.300069,-22.839412]}},{"type":"Feature","properties":{"codigo_unidade":"0411020","nome":"EM GRÉCIA","tipo":"1","id_cre":4,"cod_territ":"4.14","logradouro":"AVENIDA BRAZ DE PINA","bairro":"BRÁS DE PINA","cep":"21235603","fonte_geo":"unidades_unificadas"},"geometry":{"type":"Point","coordinates":[-43.312536,-22.83783]}},{"type":"Feature","properties":{"codigo_unidade":"04110201","nome":"NA GRÉCIA","tipo":"3","id_cre":null,"cod_territ":null,"logradouro":null,"bairro":null,"cep":null,"fonte_geo":"ausente"},"geometry":null},{"type":"Feature","properties":{"codigo_unidade":"0411021","nome":"EM MIGUEL ÂNGELO","tipo":"1","id_cre":4,"cod_territ":"4.11","logradouro":"RUA CARLOS CHAMBERLAND","bairro":"VILA DA PENHA","cep":"21210090","fonte_geo":"unidades_unificadas"},"geometry":{"type":"Point","coordinates":[-43.304534,-22.844827]}},{"type":"Feature","properties":{"codigo_unidade":"0411022","nome":"EM MARCÍLIO DIAS","tipo":"1","id_cre":4,"cod_territ":"4.20","logradouro":"RUA EMÍLIO MIRANDA","bairro":"VILA DA PENHA","cep":"21211720","fonte_geo":"unidades_unificadas"},"geometry":{"type":"Point","coordinates":[-43.30781,-22.834716]}},{"type":"Feature","properties":{"codigo_unidade":"0411023","nome":"EM MINISTRO PLÍNIO CASADO","tipo":"1","id_cre":4,"cod_territ":"4.19","logradouro":"RUA PEQUIRI","bairro":"BRÁS DE PINA","cep":"21215110","fonte_geo":"unidades_unificadas"},"geometry":{"type":"Point","coordinates":[-43.293809,-22.834806]}},{"type":"Feature","properties":{"codigo_unidade":"0411028","nome":"EM SÃO PAULO","tipo":"1","id_cre":4,"cod_territ":"4.14","logradouro":"RUA TAILÂNDIA","bairro":"BRÁS DE PINA","cep":"21011350","fonte_geo":"unidades_unificadas"},"geometry":{"type":"Point","coordinates":[-43.287698,-22.827137]}},{"type":"Feature","properties":{"codigo_unidade":"0411036","nome":"EM F. J. OLIVEIRA VIANA","tipo":"1","id_cre":4,"cod_territ":"4.14","logradouro":"AVENIDA SCHULTZ WENK","bairro":"CORDOVIL","cep":"21012155","fonte_geo":"unidades_unificadas"},"geometry":{"type":"Point","coordinates":[-43.29137,-22.824714]}},{"type":"Feature","properties":{"codigo_unidade":"0411049","nome":"EM CANTOR E COMPOSITOR GONZAGUINHA","tipo":"1","id_cre":4,"cod_territ":"4.14","logradouro":"RUA DALVA DE OLIVEIRA","bairro":"PENHA CIRCULAR","cep":"21011804","fonte_geo":"unidades_unificadas"},"geometry":{"type":"Point","coordinates":[-43.272265,-22.818894]}},{"type":"Feature","properties":{"codigo_unidade":"0411202","nome":"CIEP GREGÓRIO BEZERRA","tipo":"1","id_cre":4,"cod_territ":"4.16","logradouro":"RUA PLÍNIO DE OLIVEIRA","bairro":"PENHA CIRCULAR","cep":"21070040","fonte_geo":"unidades_unificadas"},"geometry":{"type":"Point","coordinates":[-43.279521,-22.842213]}},{"type":"Feature","properties":{"codigo_unidade":"0411502","nome":"CIEP DEPUTADO JOSÉ CARLOS BRANDÃO MONTEIRO","tipo":"1","id_cre":4,"cod_territ":"4.17","logradouro":"RUA SÃO VICENTE DE PAULA","bairro":"PENHA","cep":"21070040","fonte_geo":"unidades_unificadas"},"geometry":{"type":"Point","coordinates":[-43.283598,-22.851243]}},{"type":"Feature","properties":{"codigo_unidade":"0411601","nome":"CM CARLOS DRUMMOND DE ANDRADE","tipo":"1","id_cre":4,"cod_territ":"4.16","logradouro":"RUA DO CAJÁ","bairro":"PENHA","cep":"21070000","fonte_geo":"unidades_unificadas"},"geometry":{"type":"Point","coordinates":[-43.287744,-22.843844]}},{"type":"Feature","properties":{"codigo_unidade":"0411602","nome":"CM TEMPO DE APRENDER","tipo":"1","id_cre":4,"cod_territ":"4.19","logradouro":"RUA FORTALEZA","bairro":"PENHA CIRCULAR","cep":"21210490","fonte_geo":"unidades_unificadas"},"geometry":{"type":"Point","coordinates":[-43.288936,-22.840212]}},{"type":"Feature","properties":{"codigo_unidade":"0411603","nome":"CM MORRO DA PAZ","tipo":"1","id_cre":4,"cod_territ":"4.19","logradouro":"RUA FREI GASPAR","bairro":"PENHA CIRCULAR","cep":"21210270","fonte_geo":"unidades_unificadas"},"geometry":{"type":"Point","coordinates":[-43.29655,-22.843652]}},{"type":"Feature","properties":{"codigo_unidade":"0411604","nome":"CM BETINHO","tipo":"1","id_cre":4,"cod_territ":"4.18","logradouro":"RUA BOM PASTOR","bairro":"PENHA","cep":"21070310","fonte_geo":"unidades_unificadas"},"geometry":{"type":"Point","coordinates":[-43.291751,-22.846304]}},{"type":"Feature","properties":{"codigo_unidade":"0411605","nome":"CM CARACOL","tipo":"1","id_cre":4,"cod_territ":"4.18","logradouro":"RUA MARAGOGI","bairro":"PENHA","cep":"21070180","fonte_geo":"unidades_unificadas"},"geometry":{"type":"Point","coordinates":[-43.289449,-22.844111]}},{"type":"Feature","properties":{"codigo_unidade":"0411607","nome":"CM MARIA ALTAMIRA C. OLEGÁRIO","tipo":"1","id_cre":4,"cod_territ":"4.2","logradouro":"RUA VICENTE CANECO","bairro":"VILA DA PENHA","cep":"21215550","fonte_geo":"unidades_unificadas"},"geometry":{"type":"Point","coordinates":[-43.298281,-22.83427]}},{"type":"Feature","properties":{"codigo_unidade":"0411609","nome":"CM TIA RUTH COSTA DOS SANTOS","tipo":"1","id_cre":4,"cod_territ":"4.13","logradouro":"RUA SANTA CAMILA PIA","bairro":"PENHA","cep":"21021060","fonte_geo":"unidades_unificadas"},"geometry":{"type":"Point","coordinates":[-43.266566,-22.837612]}},{"type":"Feature","properties":{"codigo_unidade":"0411610","nome":"CM MUSSUM - O TRAPALHÃO","tipo":"1","id_cre":4,"cod_territ":"4.19","logradouro":"RUA VIÇOSA","bairro":"PENHA CIRCULAR","cep":"21210370","fonte_geo":"unidades_unificadas"},"geometry":{"type":"Point","coordinates":[-43.2932,-22.84145]}},{"type":"Feature","properties":{"codigo_unidade":"0411801","nome":"EDI MARIANA ROCHA DE SOUZA","tipo":"1","id_cre":4,"cod_territ":"4.11","logradouro":"RUA ARQUIMEDES MEMÓRIA","bairro":"VILA DA PENHA","cep":"21210070","fonte_geo":"unidades_unificadas"},"geometry":{"type":"Point","coordinates":[-43.30474,-22.845849]}},{"type":"Feature","properties":{"codigo_unidade":"0411802","nome":"EDI JOEL LUIZ DE AZEVEDO BASTOS","tipo":"1","id_cre":4,"cod_territ":"4.19","logradouro":"\"Rua Maturacá \"","bairro":"PENHA CIRCULAR","cep":"21210360","fonte_geo":"unidades_unificadas"},"geometry":{"type":"Point","coordinates":[-43.297816,-22.846748]}},{"type":"Feature","properties":{"codigo_unidade":"0411803","nome":"EDI MARIA DE LOURDES FERREIRA","tipo":"1","id_cre":4,"cod_territ":"4.19","logradouro":"AVENIDA LOBO JÚNIOR","bairro":"PENHA CIRCULAR","cep":"21070061","fonte_geo":"unidades_unificadas"},"geometry":{"type":"Point","coordinates":[-43.288855,-22.84136]}},{"type":"Feature","properties":{"codigo_unidade":"0411803","nome":"EDI MARIA DE LOURDES FERREIRA","tipo":"3","id_cre":4,"cod_territ":"4.19","logradouro":null,"bairro":null,"cep":null,"fonte_geo":"unidades_unificadas"},"geometry":{"type":"Point","coordinates":[-43.288855,-22.84136]}},{"type":"Feature","properties":{"codigo_unidade":"0411804","nome":"EDI MORRO DA FÉ","tipo":"1","id_cre":4,"cod_territ":"4.19","logradouro":"RUA MATURACA","bairro":"VILA DA PENHA","cep":"21210360","fonte_geo":"unidades_unificadas"},"geometry":{"type":"Point","coordinates":[-43.296892,-22.84704]}},{"type":"Feature","properties":{"codigo_unidade":"0411805","nome":"EDI EDMUNDO DA LUZ PINTO","tipo":"1","id_cre":4,"cod_territ":"4.14","logradouro":"PRAÇA ESPLANADA","bairro":"PENHA CIRCULAR","cep":"21012010","fonte_geo":"unidades_unificadas"},"geometry":{"type":"Point","coordinates":[-43.27886,-22.825486]}},{"type":"Feature","properties":{"codigo_unidade":"0411806","nome":"EDI GÖETHE","tipo":"1","id_cre":4,"cod_territ":"4.14","logradouro":"RUA TABORARI","bairro":"BRÁS DE PINA","cep":"21011240","fonte_geo":"unidades_unificadas"},"geometry":{"type":"Point","coordinates":[-43.286869,-22.825803]}},{"type":"Feature","properties":{"codigo_unidade":"0411808","nome":"EDI PIONEIRAS SOCIAIS Nº12","tipo":"1","id_cre":4,"cod_territ":"4.19","logradouro":"\"RUA SALVIANO VALENTE \"","bairro":"PENHA CIRCULAR","cep":"21211000","fonte_geo":"unidades_unificadas"},"geometry":{"type":"Point","coordinates":[-43.287873,-22.835846]}},{"type":"Feature","properties":{"codigo_unidade":"0411809","nome":"EDI SÃO VICENTE","tipo":"1","id_cre":4,"cod_territ":"4.16","logradouro":"RUA IRMÃ PAULA","bairro":"PENHA","cep":"21070360","fonte_geo":"unidades_unificadas"},"geometry":{"type":"Point","coordinates":[-43.284049,-22.844037]}},{"type":"Feature","properties":{"codigo_unidade":"0420026","nome":"EM NOSSA SENHORA DO LORETO","tipo":"4","id_cre":null,"cod_territ":null,"logradouro":null,"bairro":null,"cep":null,"fonte_geo":"ausente"},"geometry":null},{"type":"Feature","properties":{"codigo_unidade":"0430001","nome":"EM PROFESSOR JOSUÉ DE CASTRO","tipo":"1","id_cre":4,"cod_territ":"4.4","logradouro":"\"RUA ADORAÇÃO \"","bairro":"MARÉ","cep":"21046575","fonte_geo":"unidades_unificadas"},"geometry":{"type":"Point","coordinates":[-43.240712,-22.873739]}},{"type":"Feature","properties":{"codigo_unidade":"0430002","nome":"EM TEOTONIO VILELA","tipo":"1","id_cre":4,"cod_territ":"4.4","logradouro":"RUA MANOEL FALCÃO ALVES MARANHÂO","bairro":"MANGUINHOS","cep":"21041615","fonte_geo":"unidades_unificadas"},"geometry":{"type":"Point","coordinates":[-43.238784,-22.876219]}},{"type":"Feature","properties":{"codigo_unidade":"0430003","nome":"EM BAHIA","tipo":"1","id_cre":4,"cod_territ":"4.7","logradouro":"AVENIDA GUILHERME MAXWELL","bairro":"BONSUCESSO","cep":"21040212","fonte_geo":"unidades_unificadas"},"geometry":{"type":"Point","coordinates":[-43.246976,-22.864459]}},{"type":"Feature","properties":{"codigo_unidade":"0430004","nome":"EM IV CENTENÁRIO","tipo":"1","id_cre":4,"cod_territ":"4.7","logradouro":"RUA NOVA JERUSALÉM","bairro":"BONSUCESSO","cep":"21040220","fonte_geo":"unidades_unificadas"},"geometry":{"type":"Point","coordinates":[-43.243387,-22.861467]}},{"type":"Feature","properties":{"codigo_unidade":"0430005","nome":"EM TENENTE GENERAL NAPION","tipo":"1","id_cre":4,"cod_territ":"4.11","logradouro":"AVENIDA ALMIRANTE FRONTIN","bairro":"RAMOS","cep":"21030040","fonte_geo":"unidades_unificadas"},"geometry":{"type":"Point","coordinates":[-43.246637,-22.846877]}},{"type":"Feature","properties":{"codigo_unidade":"0430007","nome":"EM NOVA HOLANDA","tipo":"1","id_cre":4,"cod_territ":"4.8","logradouro":"RUA PROJETADA","bairro":"MARÉ","cep":"21044771","fonte_geo":"unidades_unificadas"},"geometry":{"type":"Point","coordinates":[-43.239252,-22.855242]}},{"type":"Feature","properties":{"codigo_unidade":"0430008","nome":"CM BAIXA DO SAPATEIRO","tipo":"4","id_cre":null,"cod_territ":null,"logradouro":null,"bairro":null,"cep":null,"fonte_geo":"ausente"},"geometry":null},{"type":"Feature","properties":{"codigo_unidade":"0430009","nome":"EM PROFESSOR PAULO FREIRE","tipo":"1","id_cre":4,"cod_territ":"4.6","logradouro":"\"AVENIDA CANAL/ VIA B 1 \"","bairro":"MANGUINHOS","cep":"21040361","fonte_geo":"unidades_unificadas"},"geometry":{"type":"Point","coordinates":[-43.239043,-22.864914]}},{"type":"Feature","properties":{"codigo_unidade":"0430010","nome":"EM ESCRITOR BARTOLOMEU CAMPOS DE QUEIRÓS","tipo":"1","id_cre":4,"cod_territ":"4.7","logradouro":"\"RUA TANCREDO NEVES \"","bairro":"MARÉ","cep":"21044725","fonte_geo":"unidades_unificadas"},"geometry":{"type":"Point","coordinates":[-43.23858,-22.861217]}},{"type":"Feature","properties":{"codigo_unidade":"0430011","nome":"EM ESCRITOR LÊDO IVO","tipo":"1","id_cre":4,"cod_territ":"4.7","logradouro":"\" RUA PRAIA DE INHAUMA\"","bairro":"MARÉ","cep":"21042130","fonte_geo":"unidades_unificadas"},"geometry":{"type":"Point","coordinates":[-43.240516,-22.857271]}},{"type":"Feature","properties":{"codigo_unidade":"0430012","nome":"EM GENIVAL PEREIRA DE ALBUQUERQUE","tipo":"1","id_cre":4,"cod_territ":"4.8","logradouro":"RUA TEIXEIRA RIBEIRO","bairro":"BONSUCESSO","cep":"21044251","fonte_geo":"unidades_unificadas"},"geometry":{"type":"Point","coordinates":[-43.238649,-22.857335]}},{"type":"Feature","properties":{"codigo_unidade":"0430013","nome":"EM OSMAR PAIVA CAMELO","tipo":"1","id_cre":4,"cod_territ":"4.8","logradouro":"RUA PROJETADA","bairro":"MARÉ","cep":"21044763","fonte_geo":"unidades_unificadas"},"geometry":{"type":"Point","coordinates":[-43.239045,-22.856309]}},{"type":"Feature","properties":{"codigo_unidade":"0430014","nome":"EM LINO MARTINS DA SILVA","tipo":"1","id_cre":4,"cod_territ":"4.8","logradouro":"RUA PROJETADA","bairro":"MARÉ","cep":"21044763","fonte_geo":"unidades_unificadas"},"geometry":{"type":"Point","coordinates":[-43.23918,-22.855802]}},{"type":"Feature","properties":{"codigo_unidade":"0430015","nome":"EM ERPÍDIO CABRAL DE SOUZA (ÍNDIO DA MARÉ)","tipo":"1","id_cre":4,"cod_territ":"4.8","logradouro":"\" RUA IVANILDO ALVES \"","bairro":"BONSUCESSO","cep":"21043230","fonte_geo":"unidades_unificadas"},"geometry":{"type":"Point","coordinates":[-43.239047,-22.857419]}},{"type":"Feature","properties":{"codigo_unidade":"0430016","nome":"EM OLIMPÍADAS RIO 2016","tipo":"1","id_cre":4,"cod_territ":"4.8","logradouro":"\"RUA  IVANILDO ALVES \"","bairro":"BONSUCESSO","cep":"21043230","fonte_geo":"unidades_unificadas"},"geometry":{"type":"Point","coordinates":[-43.23893,-22.856743]}},{"type":"Feature","properties":{"codigo_unidade":"0430018","nome":"EM MEDALHISTA OLÍMPICO LUCAS SAATKAMP","tipo":"1","id_cre":4,"cod_territ":"4.5","logradouro":"\"RUA PROJETADA D \"","bairro":"MARÉ","cep":"21046425","fonte_geo":"unidades_unificadas"},"geometry":{"type":"Point","coordinates":[-43.241049,-22.85264]}},{"type":"Feature","properties":{"codigo_unidade":"0430019","nome":"EM ESCRITOR MILLÔR FERNANDES","tipo":"1","id_cre":4,"cod_territ":"4.5","logradouro":"RUA PROJETADA G","bairro":"BONSUCESSO","cep":"21046425","fonte_geo":"unidades_unificadas"},"geometry":{"type":"Point","coordinates":[-43.241257,-22.857712]}},{"type":"Feature","properties":{"codigo_unidade":"0430020","nome":"EM VEREADORA MARIELLE FRANCO","tipo":"1","id_cre":4,"cod_territ":"4.5","logradouro":"RUA PROJETADA D","bairro":"\"BONSUCESSO \"","cep":"21046410","fonte_geo":"unidades_unificadas"},"geometry":{"type":"Point","coordinates":[-43.236405,-22.872835]}},{"type":"Feature","properties":{"codigo_unidade":"0430201","nome":"CIEP MINISTRO GUSTAVO CAPANEMA","tipo":"1","id_cre":4,"cod_territ":"4.5","logradouro":"VIA A1","bairro":"MARÉ","cep":"21046035","fonte_geo":"unidades_unificadas"},"geometry":{"type":"Point","coordinates":[-43.237915,-22.869135]}},{"type":"Feature","properties":{"codigo_unidade":"0430204","nome":"CIEP OPERÁRIO VICENTE MARIANO","tipo":"1","id_cre":4,"cod_territ":"4.7","logradouro":"\" RUA PRAIA DE INHAUMA\"","bairro":"MARÉ","cep":"21042130","fonte_geo":"unidades_unificadas"},"geometry":{"type":"Point","coordinates":[-43.237929,-22.861026]}},{"type":"Feature","properties":{"codigo_unidade":"0430206","nome":"CIEP HÉLIO SMIDT","tipo":"1","id_cre":4,"cod_territ":"4.8","logradouro":"RUA TANCREDO NEVES","bairro":"MARÉ","cep":"21044725","fonte_geo":"unidades_unificadas"},"geometry":{"type":"Point","coordinates":[-43.240753,-22.852979]}},{"type":"Feature","properties":{"codigo_unidade":"0430501","nome":"CIEP PRESIDENTE SAMORA MACHEL","tipo":"1","id_cre":4,"cod_territ":"4.8","logradouro":"RUA PRINCIPAL","bairro":"MARÉ","cep":"21044170","fonte_geo":"unidades_unificadas"},"geometry":{"type":"Point","coordinates":[-43.241228,-22.857787]}},{"type":"Feature","properties":{"codigo_unidade":"0430502","nome":"CIEP ELIS REGINA","tipo":"1","id_cre":4,"cod_territ":"4.8","logradouro":"\" RUA PRINCIPAL\"","bairro":"BONSUCESSO","cep":"21044170","fonte_geo":"unidades_unificadas"},"geometry":{"type":"Point","coordinates":[-43.240452,-22.857829]}},{"type":"Feature","properties":{"codigo_unidade":"0430503","nome":"CIEP LEONEL DE MOURA BRIZOLA","tipo":"1","id_cre":4,"cod_territ":"4.11","logradouro":"AVENIDA BRASIL","bairro":"RAMOS","cep":"21030001","fonte_geo":"unidades_unificadas"},"geometry":{"type":"Point","coordinates":[-43.253378,-22.839576]}},{"type":"Feature","properties":{"codigo_unidade":"0430601","nome":"CM MENINO MALUQUINHO","tipo":"1","id_cre":4,"cod_territ":"4.5","logradouro":"RUA PROJETADA A","bairro":"MARÉ","cep":"21046400","fonte_geo":"unidades_unificadas"},"geometry":{"type":"Point","coordinates":[-43.238471,-22.871385]}},{"type":"Feature","properties":{"codigo_unidade":"0430602","nome":"CM VILA PINHEIRO","tipo":"1","id_cre":4,"cod_territ":"4.5","logradouro":"\"RUA VIA A 1 \"","bairro":"MARÉ","cep":"21046035","fonte_geo":"unidades_unificadas"},"geometry":{"type":"Point","coordinates":[-43.236586,-22.869745]}},{"type":"Feature","properties":{"codigo_unidade":"0430603","nome":"CM TIO MÁRIO","tipo":"1","id_cre":4,"cod_territ":"4.4","logradouro":"AVENIDA CANAL 2 - LADO DIREITO","bairro":"MARÉ","cep":"21046510","fonte_geo":"unidades_unificadas"},"geometry":{"type":"Point","coordinates":[-43.239545,-22.873426]}},{"type":"Feature","properties":{"codigo_unidade":"0430604","nome":"CM MONTEIRO LOBATO","tipo":"1","id_cre":4,"cod_territ":"4.8","logradouro":"RUA TATAJUBA","bairro":"MARÉ","cep":"21043500","fonte_geo":"unidades_unificadas"},"geometry":{"type":"Point","coordinates":[-43.243106,-22.856316]}},{"type":"Feature","properties":{"codigo_unidade":"0430605","nome":"CM NOVA HOLANDA","tipo":"1","id_cre":4,"cod_territ":"4.7","logradouro":"RUA SARGENTO SILVA NUNES","bairro":"RAMOS","cep":"21044242","fonte_geo":"unidades_unificadas"},"geometry":{"type":"Point","coordinates":[-43.242888,-22.854467]}},{"type":"Feature","properties":{"codigo_unidade":"0430607","nome":"CM PROFESSOR PAULO FREIRE","tipo":"1","id_cre":4,"cod_territ":"4.8","logradouro":"\"RUA B \"","bairro":"BONSUCESSO","cep":"21042510","fonte_geo":"unidades_unificadas"},"geometry":{"type":"Point","coordinates":[-43.24005,-22.859501]}},{"type":"Feature","properties":{"codigo_unidade":"0430701","nome":"CENTRO DE EDUCAÇÃO DE JOVENS E ADULTOS CEJA - MARÉ","tipo":"1","id_cre":4,"cod_territ":"4.7","logradouro":"\" RUA PRAIA DE INHAUMA\"","bairro":"MARÉ","cep":"21042130","fonte_geo":"unidades_unificadas"},"geometry":{"type":"Point","coordinates":[-43.242277,-22.866235]}},{"type":"Feature","properties":{"codigo_unidade":"0430801","nome":"\"EDI PESCADOR ISIDORO DUARTE - \"\"DORO\"\"\"","tipo":"1","id_cre":4,"cod_territ":"4.7","logradouro":"RUA PRAIA DE INHAÚMA","bairro":"MARÉ","cep":"21042130","fonte_geo":"unidades_unificadas"},"geometry":{"type":"Point","coordinates":[-43.238621,-22.862239]}},{"type":"Feature","properties":{"codigo_unidade":"0430802","nome":"EDI PROFESSORA KELITA FARIA DE PAULA","tipo":"1","id_cre":4,"cod_territ":"4.7","logradouro":"AV. GUILHERME MAXWELL","bairro":"BONSUCESSO","cep":"21040211","fonte_geo":"unidades_unificadas"},"geometry":{"type":"Point","coordinates":[-43.243179,-22.865546]}},{"type":"Feature","properties":{"codigo_unidade":"0430803","nome":"EDI PROFESSOR MOACYR DE GÓES","tipo":"1","id_cre":4,"cod_territ":"4.8","logradouro":"RUA TANCREDO NEVES","bairro":"MARÉ","cep":"21044725","fonte_geo":"unidades_unificadas"},"geometry":{"type":"Point","coordinates":[-43.239989,-22.857891]}},{"type":"Feature","properties":{"codigo_unidade":"0430804","nome":"EDI CREMILDA DA SILVA DOS SANTOS","tipo":"1","id_cre":4,"cod_territ":"4.7","logradouro":"\" R PRAIA DE INHAUMA \"","bairro":"MARÉ","cep":"21042130","fonte_geo":"unidades_unificadas"},"geometry":{"type":"Point","coordinates":[-43.23807,-22.861671]}},{"type":"Feature","properties":{"codigo_unidade":"0430805","nome":"EDI PROFESSORA SOLANGE CONCEIÇÃO TRICARICO","tipo":"1","id_cre":4,"cod_territ":"4.7","logradouro":"AV GUILHERME MAXWELL","bairro":"BONSUCESSO","cep":"21040211","fonte_geo":"unidades_unificadas"},"geometry":{"type":"Point","coordinates":[-43.242858,-22.865663]}},{"type":"Feature","properties":{"codigo_unidade":"0430805","nome":"EDI PROFESSORA SOLANGE CONCEIÇÃO TRICARICO","tipo":"3","id_cre":4,"cod_territ":"4.7","logradouro":null,"bairro":null,"cep":null,"fonte_geo":"unidades_unificadas"},"geometry":{"type":"Point","coordinates":[-43.242858,-22.865663]}},{"type":"Feature","properties":{"codigo_unidade":"0430806","nome":"EDI PROFESSORA IARA DA SILVA AMARAL","tipo":"3","id_cre":4,"cod_territ":"4.7","logradouro":null,"bairro":null,"cep":null,"fonte_geo":"unidades_unificadas"},"geometry":{"type":"Point","coordinates":[-43.241914,-22.854283]}},{"type":"Feature","properties":{"codigo_unidade":"0430806","nome":"EDI CLEIA SANTOS DE OLIVEIRA","tipo":"1","id_cre":4,"cod_territ":"4.7","logradouro":"RUA SARGENTO SILVA NUNES","bairro":"RAMOS","cep":"21044242","fonte_geo":"unidades_unificadas"},"geometry":{"type":"Point","coordinates":[-43.241914,-22.854283]}},{"type":"Feature","properties":{"codigo_unidade":"0430807","nome":"EDI MARIA AMÉLIA CASTRO E SILVA BELFORT","tipo":"1","id_cre":4,"cod_territ":"4.8","logradouro":"\" RUA TANCREDO NEVES\"","bairro":"BONSUCESSO","cep":"21044725","fonte_geo":"unidades_unificadas"},"geometry":{"type":"Point","coordinates":[-43.239377,-22.856902]}},{"type":"Feature","properties":{"codigo_unidade":"0430808","nome":"EDI AZOILDA TRINDADE (ZÔ)","tipo":"1","id_cre":4,"cod_territ":"4.8","logradouro":"\" RUA TANCREDO NEVES \"","bairro":"MARÉ","cep":"21044725","fonte_geo":"unidades_unificadas"},"geometry":{"type":"Point","coordinates":[-43.239444,-22.857599]}},{"type":"Feature","properties":{"codigo_unidade":"0430809","nome":"EDI MEDALHISTA OLÍMPICO LUIZ FELIPE MARQUES FONTELES","tipo":"1","id_cre":4,"cod_territ":"4.5","logradouro":"\"  RUA PROJETADA G \"","bairro":"MARÉ","cep":"21046425","fonte_geo":"unidades_unificadas"},"geometry":{"type":"Point","coordinates":[-43.234365,-22.87059]}},{"type":"Feature","properties":{"codigo_unidade":"0430810","nome":"EDI MEDALHISTA OLÍMPICO EVANDRO MOTTA MARCONDES GUERRA","tipo":"1","id_cre":4,"cod_territ":"4.5","logradouro":"\"  RUA PROJETADA G \"","bairro":"MARÉ","cep":"21046425","fonte_geo":"unidades_unificadas"},"geometry":{"type":"Point","coordinates":[-43.234242,-22.870255]}},{"type":"Feature","properties":{"codigo_unidade":"0430811","nome":"EDI MEDALHISTA OLÍMPICO WILLIAM PEIXOTO ARJONA","tipo":"1","id_cre":4,"cod_territ":"4.5","logradouro":"\"  RUA PROJETADA G \"","bairro":"MARÉ","cep":"21046425","fonte_geo":"unidades_unificadas"},"geometry":{"type":"Point","coordinates":[-43.234122,-22.869949]}},{"type":"Feature","properties":{"codigo_unidade":"0430812","nome":"EDI MEDALHISTA OLÍMPICO EDER FRANCIS CARBONERA","tipo":"1","id_cre":4,"cod_territ":"4.5","logradouro":"\"  RUA PROJETADA G \"","bairro":"MARÉ","cep":"21046425","fonte_geo":"unidades_unificadas"},"geometry":{"type":"Point","coordinates":[-43.23396,-22.869632]}},{"type":"Feature","properties":{"codigo_unidade":"0430813","nome":"EDI ARMANDO DE SALLES OLIVEIRA","tipo":"1","id_cre":4,"cod_territ":"4.11","logradouro":"\"RUA GERSON FERREIRA \"","bairro":"\"RAMOS \"","cep":"21030152","fonte_geo":"unidades_unificadas"},"geometry":{"type":"Point","coordinates":[-43.250621,-22.841106]}},{"type":"Feature","properties":{"codigo_unidade":"0430814","nome":"EDI JOÃO CRISÓSTOMO","tipo":"1","id_cre":4,"cod_territ":"4.8","logradouro":"RUA TANCREDO NEVES","bairro":"MARÉ","cep":"21044725","fonte_geo":"unidades_unificadas"},"geometry":{"type":"Point","coordinates":[-43.233866,-22.869396]}},{"type":"Feature","properties":{"codigo_unidade":"0430815","nome":"EDI PESCADOR ALBANO ROSA","tipo":"1","id_cre":4,"cod_territ":"4.6","logradouro":"AVENIDA BENTO RIBEIRO DANTAS","bairro":"MARÉ","cep":"21042000","fonte_geo":"unidades_unificadas"},"geometry":{"type":"Point","coordinates":[-43.23884,-22.86549]}},{"type":"Feature","properties":{"codigo_unidade":"0430901","nome":"EM SESI MARE","tipo":"4","id_cre":null,"cod_territ":null,"logradouro":null,"bairro":null,"cep":null,"fonte_geo":"ausente"},"geometry":null},{"type":"Feature","properties":{"codigo_unidade":"0431001","nome":"EM ARY BARROSO","tipo":"1","id_cre":4,"cod_territ":"4.20","logradouro":"RUA MENDOZA","bairro":"BRÁS DE PINA","cep":"21211180","fonte_geo":"unidades_unificadas"},"geometry":{"type":"Point","coordinates":[-43.306648,-22.833069]}},{"type":"Feature","properties":{"codigo_unidade":"0431002","nome":"EM DAVID PEREZ","tipo":"1","id_cre":4,"cod_territ":"4.2","logradouro":"\"RUA PACHECO JUNIOR \"","bairro":"BRÁS DE PINA","cep":"21211170","fonte_geo":"unidades_unificadas"},"geometry":{"type":"Point","coordinates":[-43.306119,-22.830074]}},{"type":"Feature","properties":{"codigo_unidade":"0431003","nome":"EM MIGUEL GUSTAVO","tipo":"1","id_cre":4,"cod_territ":"4.20","logradouro":"RUA MINDURI","bairro":"BRÁS DE PINA","cep":"21215480","fonte_geo":"unidades_unificadas"},"geometry":{"type":"Point","coordinates":[-43.302346,-22.834663]}},{"type":"Feature","properties":{"codigo_unidade":"0431004","nome":"EM ALFREDO GOMES","tipo":"1","id_cre":4,"cod_territ":"4.21","logradouro":"RUA TENENTE PALESTRINA","bairro":"CORDOVIL","cep":"21250550","fonte_geo":"unidades_unificadas"},"geometry":{"type":"Point","coordinates":[-43.304816,-22.826272]}},{"type":"Feature","properties":{"codigo_unidade":"0431006","nome":"EM SÃO JOÃO BATISTA","tipo":"1","id_cre":4,"cod_territ":"4.21","logradouro":"PRAÇA LAGUNA","bairro":"CORDOVIL","cep":"21250310","fonte_geo":"unidades_unificadas"},"geometry":{"type":"Point","coordinates":[-43.306879,-22.826379]}},{"type":"Feature","properties":{"codigo_unidade":"0431007","nome":"EM EMBAIXADOR BARROS HURTADO","tipo":"1","id_cre":4,"cod_territ":"4.21","logradouro":"RUA GENERAL CARVALHO","bairro":"CORDOVIL","cep":"21250240","fonte_geo":"unidades_unificadas"},"geometry":{"type":"Point","coordinates":[-43.306485,-22.827038]}},{"type":"Feature","properties":{"codigo_unidade":"0431008","nome":"EM ODILON BRAGA","tipo":"1","id_cre":4,"cod_territ":"4.21","logradouro":"PRAÇA LAGUNA","bairro":"CORDOVIL","cep":"21250310","fonte_geo":"unidades_unificadas"},"geometry":{"type":"Point","coordinates":[-43.30709,-22.825988]}},{"type":"Feature","properties":{"codigo_unidade":"0431009","nome":"EM RORAIMA","tipo":"1","id_cre":4,"cod_territ":"4.22","logradouro":"ESTRADA PORTO VELHO","bairro":"CORDOVIL","cep":"21012140","fonte_geo":"unidades_unificadas"},"geometry":{"type":"Point","coordinates":[-43.295461,-22.823328]}},{"type":"Feature","properties":{"codigo_unidade":"0431010","nome":"EM ARMANDO FAJARDO","tipo":"1","id_cre":4,"cod_territ":"4.22","logradouro":"RUA CINCO RIOS","bairro":"CORDOVIL","cep":"21010180","fonte_geo":"unidades_unificadas"},"geometry":{"type":"Point","coordinates":[-43.294184,-22.818005]}},{"type":"Feature","properties":{"codigo_unidade":"0431011","nome":"EM RAUL PEDERNEIRAS","tipo":"1","id_cre":4,"cod_territ":"4.22","logradouro":"RUA PONTO CHIQUE","bairro":"CORDOVIL","cep":"21010315","fonte_geo":"unidades_unificadas"},"geometry":{"type":"Point","coordinates":[-43.293336,-22.8192]}},{"type":"Feature","properties":{"codigo_unidade":"0431013","nome":"EM MONTESE","tipo":"1","id_cre":4,"cod_territ":"4.22","logradouro":"RUA MAR GRANDE","bairro":"CORDOVIL","cep":"21010290","fonte_geo":"unidades_unificadas"},"geometry":{"type":"Point","coordinates":[-43.292095,-22.815771]}},{"type":"Feature","properties":{"codigo_unidade":"0431014","nome":"EM MINISTRO LAFAYETTE DE ANDRADA","tipo":"1","id_cre":4,"cod_territ":"4.22","logradouro":"RUA POÇO CENTRAL","bairro":"CORDOVIL","cep":"21010260","fonte_geo":"unidades_unificadas"},"geometry":{"type":"Point","coordinates":[-43.292826,-22.817519]}},{"type":"Feature","properties":{"codigo_unidade":"0431015","nome":"EM JOSEPH BLOCH","tipo":"1","id_cre":4,"cod_territ":"4.21","logradouro":"RUA ÁLVARO DE MACEDO","bairro":"PARADA DE LUCAS","cep":"21250620","fonte_geo":"unidades_unificadas"},"geometry":{"type":"Point","coordinates":[-43.303586,-22.817846]}},{"type":"Feature","properties":{"codigo_unidade":"0431016","nome":"EM CRUZADA SÃO SEBASTIÃO","tipo":"1","id_cre":4,"cod_territ":"4.23","logradouro":"\" Rua da Democracia \"","bairro":"PARADA DE LUCAS","cep":"21010720","fonte_geo":"unidades_unificadas"},"geometry":{"type":"Point","coordinates":[-43.296781,-22.812962]}},{"type":"Feature","properties":{"codigo_unidade":"0431017","nome":"EM CARDEAL CÂMARA","tipo":"1","id_cre":4,"cod_territ":"4.23","logradouro":"RUA ANAMA","bairro":"VIGÁRIO GERAL","cep":"21241020","fonte_geo":"unidades_unificadas"},"geometry":{"type":"Point","coordinates":[-43.303566000000004,-22.81527]}},{"type":"Feature","properties":{"codigo_unidade":"04310171","nome":"PET CARDEAL CÂMARA","tipo":"3","id_cre":null,"cod_territ":null,"logradouro":null,"bairro":null,"cep":null,"fonte_geo":"ausente"},"geometry":null},{"type":"Feature","properties":{"codigo_unidade":"04310171","nome":"PET CARDEAL CÂMARA","tipo":"3","id_cre":null,"cod_territ":null,"logradouro":null,"bairro":null,"cep":null,"fonte_geo":"ausente"},"geometry":null},{"type":"Feature","properties":{"codigo_unidade":"0431018","nome":"EM REPÚBLICA DO LÍBANO","tipo":"1","id_cre":4,"cod_territ":"4.24","logradouro":"PRAÇA ELBA","bairro":"VIGÁRIO GERAL","cep":"21241170","fonte_geo":"unidades_unificadas"},"geometry":{"type":"Point","coordinates":[-43.309606,-22.813164]}},{"type":"Feature","properties":{"codigo_unidade":"0431019","nome":"EM JORGE DE GOUVEIA","tipo":"1","id_cre":4,"cod_territ":"4.24","logradouro":"\"RUA GREGÓRIO DE MATOS \"","bairro":"VIGÁRIO GERAL","cep":"21240670","fonte_geo":"unidades_unificadas"},"geometry":{"type":"Point","coordinates":[-43.306452,-22.805311]}},{"type":"Feature","properties":{"codigo_unidade":"0431021","nome":"EM HEITOR BELTRÃO","tipo":"1","id_cre":4,"cod_territ":"4.24","logradouro":"RUA OTRANTO","bairro":"VIGÁRIO GERAL","cep":"21241090","fonte_geo":"unidades_unificadas"},"geometry":{"type":"Point","coordinates":[-43.307559,-22.815727]}},{"type":"Feature","properties":{"codigo_unidade":"0431022","nome":"EM ENEYDA RABELLO DE ANDRADE","tipo":"1","id_cre":4,"cod_territ":"4.25","logradouro":"PRAÇA ALBERTO TORRES","bairro":"VIGÁRIO GERAL","cep":"21241350","fonte_geo":"unidades_unificadas"},"geometry":{"type":"Point","coordinates":[-43.317177,-22.806775]}},{"type":"Feature","properties":{"codigo_unidade":"0431023","nome":"EM PRESIDENTE GRONCHI","tipo":"1","id_cre":4,"cod_territ":"4.26","logradouro":"RUA JORGE LACERDA","bairro":"JARDIM AMÉRICA","cep":"21240060","fonte_geo":"unidades_unificadas"},"geometry":{"type":"Point","coordinates":[-43.322276,-22.813712]}},{"type":"Feature","properties":{"codigo_unidade":"0431024","nome":"EM ANDRADE NEVES","tipo":"1","id_cre":4,"cod_territ":"4.26","logradouro":"RUA VIANA DO CASTELO","bairro":"JARDIM AMÉRICA","cep":"21240200","fonte_geo":"unidades_unificadas"},"geometry":{"type":"Point","coordinates":[-43.326292,-22.809448]}},{"type":"Feature","properties":{"codigo_unidade":"0431026","nome":"EM HERBERT MOSES","tipo":"1","id_cre":4,"cod_territ":"4.26","logradouro":"RUA CRISTIANO MACHADO","bairro":"JARDIM AMÉRICA","cep":"21240470","fonte_geo":"unidades_unificadas"},"geometry":{"type":"Point","coordinates":[-43.321794,-22.811661]}},{"type":"Feature","properties":{"codigo_unidade":"0431027","nome":"EM ZÉLIA BRAUNE","tipo":"1","id_cre":4,"cod_territ":"4.26","logradouro":"RUA GEORGE BIZET","bairro":"JARDIM AMÉRICA","cep":"21240460","fonte_geo":"unidades_unificadas"},"geometry":{"type":"Point","coordinates":[-43.320838,-22.808983]}},{"type":"Feature","properties":{"codigo_unidade":"0431501","nome":"CIEP MESTRE CARTOLA (ANGENOR DE OLIVEIRA)","tipo":"1","id_cre":4,"cod_territ":"4.23","logradouro":"RUA DA DEMOCRACIA","bairro":"VIGÁRIO GERAL","cep":"21210720","fonte_geo":"unidades_unificadas"},"geometry":{"type":"Point","coordinates":[-43.301046,-22.808553]}},{"type":"Feature","properties":{"codigo_unidade":"0431502","nome":"CIEP GRACILIANO RAMOS","tipo":"1","id_cre":4,"cod_territ":"4.26","logradouro":"RUA JORNALISTA GERALDO ROCHA","bairro":"JARDIM AMÉRICA","cep":"21240080","fonte_geo":"unidades_unificadas"},"geometry":{"type":"Point","coordinates":[-43.322605,-22.813518]}},{"type":"Feature","properties":{"codigo_unidade":"0431601","nome":"CM LUÍS CARLOS DE OLIVEIRA CÂMARA","tipo":"1","id_cre":4,"cod_territ":"4.22","logradouro":"RUA MAR GRANDE","bairro":"CORDOVIL","cep":"21010290","fonte_geo":"unidades_unificadas"},"geometry":{"type":"Point","coordinates":[-43.290269,-22.81681]}},{"type":"Feature","properties":{"codigo_unidade":"0431602","nome":"CM BARBOSA LIMA SOBRINHO","tipo":"1","id_cre":4,"cod_territ":"4.25","logradouro":"\" RUA DIQUE \"","bairro":"JARDIM AMÉRICA","cep":"21240800","fonte_geo":"unidades_unificadas"},"geometry":{"type":"Point","coordinates":[-43.31926,-22.802662]}},{"type":"Feature","properties":{"codigo_unidade":"0431603","nome":"CM CHICO MENDES","tipo":"1","id_cre":4,"cod_territ":"4.22","logradouro":"\" RUA PONTO CHIQUE\"","bairro":"CORDOVIL","cep":"21010315","fonte_geo":"unidades_unificadas"},"geometry":{"type":"Point","coordinates":[-43.292015,-22.818898]}},{"type":"Feature","properties":{"codigo_unidade":"0431604","nome":"CM CORAÇÃO DE GENEVE","tipo":"1","id_cre":4,"cod_territ":"4.24","logradouro":"RUA MANOEL DA LUZ","bairro":"VIGÁRIO GERAL","cep":"21011774","fonte_geo":"unidades_unificadas"},"geometry":{"type":"Point","coordinates":[-43.304288,-22.807072]}},{"type":"Feature","properties":{"codigo_unidade":"0431605","nome":"CM SEMPRE VIDA DIQUE","tipo":"1","id_cre":4,"cod_territ":"4.25","logradouro":"RUA TALES DE CARVALHO","bairro":"JARDIM AMÉRICA","cep":"21240330","fonte_geo":"unidades_unificadas"},"geometry":{"type":"Point","coordinates":[-43.323902,-22.802921]}},{"type":"Feature","properties":{"codigo_unidade":"0431606","nome":"CM VISCONDE DE SABUGOSA","tipo":"1","id_cre":4,"cod_territ":"4.25","logradouro":"\" RUA JASMIM \"","bairro":"PAVUNA","cep":"21535580","fonte_geo":"unidades_unificadas"},"geometry":{"type":"Point","coordinates":[-43.331531,-22.804345]}},{"type":"Feature","properties":{"codigo_unidade":"0431607","nome":"CM ACAUÃ","tipo":"1","id_cre":4,"cod_territ":"4.24","logradouro":"RUA DOUTOR ADAUTO","bairro":"VIGÁRIO GERAL","cep":"21010770","fonte_geo":"unidades_unificadas"},"geometry":{"type":"Point","coordinates":[-43.304736,-22.801972]}},{"type":"Feature","properties":{"codigo_unidade":"0431608","nome":"CM ARI PIMENTEL","tipo":"1","id_cre":4,"cod_territ":"4.23","logradouro":"RUA LEDA SANTANA","bairro":"PARADA DE LUCAS","cep":"21010735","fonte_geo":"unidades_unificadas"},"geometry":{"type":"Point","coordinates":[-43.296036,-22.812555]}},{"type":"Feature","properties":{"codigo_unidade":"0431801","nome":"EDI CARVALHO MOURÃO","tipo":"1","id_cre":4,"cod_territ":"4.22","logradouro":"PRAÇA DOM JUSTINO","bairro":"CORDOVIL","cep":"21010640","fonte_geo":"unidades_unificadas"},"geometry":{"type":"Point","coordinates":[-43.295081,-22.819887]}},{"type":"Feature","properties":{"codigo_unidade":"0431802","nome":"EDI PROFESSOR CARLOS FALSETH","tipo":"3","id_cre":4,"cod_territ":"4.26","logradouro":null,"bairro":null,"cep":null,"fonte_geo":"unidades_unificadas"},"geometry":{"type":"Point","coordinates":[-43.321322,-22.807508]}},{"type":"Feature","properties":{"codigo_unidade":"0431802","nome":"EDI PROFESSOR CARLOS FALSETH","tipo":"1","id_cre":4,"cod_territ":"4.26","logradouro":"RUA DEBUSSY","bairro":"JARDIM AMÉRICA","cep":"21240450","fonte_geo":"unidades_unificadas"},"geometry":{"type":"Point","coordinates":[-43.321322,-22.807508]}},{"type":"Feature","properties":{"codigo_unidade":"0431803","nome":"EDI PROFESSOR EMMANUEL PEREIRA FILHO","tipo":"1","id_cre":4,"cod_territ":"4.21","logradouro":"PRAÇA LAGUNA","bairro":"CORDOVIL","cep":"21250310","fonte_geo":"unidades_unificadas"},"geometry":{"type":"Point","coordinates":[-43.309081,-22.825848]}},{"type":"Feature","properties":{"codigo_unidade":"0431804","nome":"EDI ALFREDO VALLADÃO","tipo":"1","id_cre":4,"cod_territ":"4.24","logradouro":"PRAÇA IRINEU MACHADO","bairro":"VIGÁRIO GERAL","cep":"21240700","fonte_geo":"unidades_unificadas"},"geometry":{"type":"Point","coordinates":[-43.316226,-22.809036]}},{"type":"Feature","properties":{"codigo_unidade":"0431805","nome":"EDI CÔNEGO FERNANDES PINHEIRO","tipo":"1","id_cre":4,"cod_territ":"4.26","logradouro":"RUA SEBASTIAN BACH","bairro":"JARDIM AMÉRICA","cep":"21240370","fonte_geo":"unidades_unificadas"},"geometry":{"type":"Point","coordinates":[-43.326441,-22.807343]}},{"type":"Feature","properties":{"codigo_unidade":"05001","nome":"CP ASSOCIAÇÃO AMIGOS DA CRIANÇA - CRECHE ROCHA MIRANDA","tipo":"1","id_cre":null,"cod_territ":null,"logradouro":"RUA DOS DIAMANTES","bairro":"ROCHA MIRANDA","cep":"21510003","fonte_geo":"ausente"},"geometry":null},{"type":"Feature","properties":{"codigo_unidade":"05002","nome":"CP CRECHE EFFATÁ","tipo":"1","id_cre":null,"cod_territ":null,"logradouro":"\" RUA CAROLINA AMADO \"","bairro":"IRAJÁ","cep":"21361320","fonte_geo":"ausente"},"geometry":null},{"type":"Feature","properties":{"codigo_unidade":"05003","nome":"CP CRECHE PINTINHO DOURADO","tipo":"1","id_cre":null,"cod_territ":null,"logradouro":"RUA BERNARDO GUIMARÃES","bairro":"QUINTINO BOCAIÚVA","cep":"21311310","fonte_geo":"ausente"},"geometry":null},{"type":"Feature","properties":{"codigo_unidade":"05004","nome":"CP CRECHE CASULO SÃO RAFAEL ARCANJO","tipo":"1","id_cre":null,"cod_territ":null,"logradouro":"RUA PROJETADA B","bairro":"VISTA ALEGRE","cep":"21235635","fonte_geo":"ausente"},"geometry":null},{"type":"Feature","properties":{"codigo_unidade":"05005","nome":"CP CRECHE APÓSTOLO SÃO PEDRO","tipo":"1","id_cre":null,"cod_territ":null,"logradouro":"RUA ANTONIO SARAIVA","bairro":"CAVALCANTI","cep":"21370250","fonte_geo":"ausente"},"geometry":null},{"type":"Feature","properties":{"codigo_unidade":"05006","nome":"CP CRECHE CARDEAL CÂMARA","tipo":"1","id_cre":null,"cod_territ":null,"logradouro":"RUA ANA TELES","bairro":"CAMPINHO","cep":"21341460","fonte_geo":"ausente"},"geometry":null},{"type":"Feature","properties":{"codigo_unidade":"05007","nome":"CP CENTRO COMUNITÁRIO FLOR DO AMANHÃ","tipo":"1","id_cre":null,"cod_territ":null,"logradouro":"RUA LOURENCO MARQUES","bairro":"MARECHAL HERMES","cep":"21675540","fonte_geo":"ausente"},"geometry":null},{"type":"Feature","properties":{"codigo_unidade":"05008","nome":"CP ASSOCIAÇÃO HOUSE BABY - VILA KOSMOS","tipo":"1","id_cre":null,"cod_territ":null,"logradouro":"RUA CARAJÁS","bairro":"VILA KOSMOS","cep":"21220110","fonte_geo":"ausente"},"geometry":null},{"type":"Feature","properties":{"codigo_unidade":"05009","nome":"CP ASSOCIAÇÃO CRECHE ESPERANÇA - IRAJÁ","tipo":"4","id_cre":null,"cod_territ":null,"logradouro":null,"bairro":null,"cep":null,"fonte_geo":"ausente"},"geometry":null},{"type":"Feature","properties":{"codigo_unidade":"05010","nome":"CP ASSOCIAÇÃO CENTRO EDUCACIONAL REBRAL VII","tipo":"1","id_cre":null,"cod_territ":null,"logradouro":"RUA FERNANDES GUSMÃO","bairro":"IRAJÁ","cep":"21230190","fonte_geo":"ausente"},"geometry":null},{"type":"Feature","properties":{"codigo_unidade":"05011","nome":"CP INSTITUTO GEREMÁRIO DANTAS","tipo":"4","id_cre":null,"cod_territ":null,"logradouro":null,"bairro":null,"cep":null,"fonte_geo":"ausente"},"geometry":null},{"type":"Feature","properties":{"codigo_unidade":"05012","nome":"CP ASSOCIAÇÃO CENTRO EDUCACIONAL REBRAL XI","tipo":"1","id_cre":null,"cod_territ":null,"logradouro":"\" RUA ENGENHEIRO LAFAYETE STOCKLER\"","bairro":"VILA DA PENHA","cep":"21221390","fonte_geo":"ausente"},"geometry":null},{"type":"Feature","properties":{"codigo_unidade":"05013","nome":"CP CENTRO EDUCACIONAL SOMAR","tipo":"3","id_cre":null,"cod_territ":null,"logradouro":null,"bairro":null,"cep":null,"fonte_geo":"ausente"},"geometry":null},{"type":"Feature","properties":{"codigo_unidade":"05013","nome":"CP CENTRO EDUCACIONAL SOMAR","tipo":"1","id_cre":null,"cod_territ":null,"logradouro":"RUA CAROLINA MACHADO","bairro":"BENTO RIBEIRO","cep":"21555290","fonte_geo":"ausente"},"geometry":null},{"type":"Feature","properties":{"codigo_unidade":"05014","nome":"CP AEMMAC - MARECHAL HERMES","tipo":"1","id_cre":null,"cod_territ":null,"logradouro":"RUA CAROLINA MACHADO","bairro":"MARECHAL HERMES","cep":"21557150","fonte_geo":"ausente"},"geometry":null},{"type":"Feature","properties":{"codigo_unidade":"05015","nome":"CP AEMMAC - ROCHA MIRANDA","tipo":"1","id_cre":null,"cod_territ":null,"logradouro":"AVENIDA DOS ITALIANOS","bairro":"ROCHA MIRANDA","cep":"21510102","fonte_geo":"ausente"},"geometry":null},{"type":"Feature","properties":{"codigo_unidade":"05016","nome":"CP ASSOCIAÇÃO EDUCACIONAL E CULTURAL SÃO BERNARDO - CSB","tipo":"1","id_cre":null,"cod_territ":null,"logradouro":"RUA TACARATU","bairro":"ROCHA MIRANDA","cep":"21555025","fonte_geo":"ausente"},"geometry":null},{"type":"Feature","properties":{"codigo_unidade":"05017","nome":"CP ASSOCIAÇÃO CENTRO EDUCACIONAL REBRAL VII (DUPLICADA)","tipo":"4","id_cre":null,"cod_territ":null,"logradouro":null,"bairro":null,"cep":null,"fonte_geo":"ausente"},"geometry":null},{"type":"Feature","properties":{"codigo_unidade":"05018","nome":"CP AEMMAC - COLÉGIO","tipo":"1","id_cre":null,"cod_territ":null,"logradouro":"RUA COMANDANTE MARIO LAHMEYER","bairro":"COLÉGIO","cep":"21371490","fonte_geo":"ausente"},"geometry":null},{"type":"Feature","properties":{"codigo_unidade":"05019","nome":"CP CRECHE ALPHABETO","tipo":"1","id_cre":null,"cod_territ":null,"logradouro":"RUA BARAO DO BANANAL","bairro":"CAVALCANTI","cep":"21380330","fonte_geo":"ausente"},"geometry":null},{"type":"Feature","properties":{"codigo_unidade":"05020","nome":"CP CRECHE ESCOLA ARCA DE NOÉ","tipo":"1","id_cre":null,"cod_territ":null,"logradouro":"RUA FREDERICO LIMA","bairro":"MADUREIRA","cep":"21360280","fonte_geo":"ausente"},"geometry":null},{"type":"Feature","properties":{"codigo_unidade":"0514001","nome":"EM DESEMBARGADOR MONTENEGRO","tipo":"1","id_cre":5,"cod_territ":"5.1","logradouro":"AVENIDA VICENTE DE CARVALHO","bairro":"VILA KOSMOS","cep":"21210024","fonte_geo":"unidades_unificadas"},"geometry":{"type":"Point","coordinates":[-43.304373,-22.848778]}},{"type":"Feature","properties":{"codigo_unidade":"0514002","nome":"EM CECÍLIA MEIRELES","tipo":"1","id_cre":5,"cod_territ":"5.1","logradouro":"RUA SOLDADO SERVINO MENGARDA","bairro":"VILA KOSMOS","cep":"21210840","fonte_geo":"unidades_unificadas"},"geometry":{"type":"Point","coordinates":[-43.303787,-22.84944]}},{"type":"Feature","properties":{"codigo_unidade":"0514003","nome":"EM MAESTRO PIXINGUINHA","tipo":"1","id_cre":5,"cod_territ":"5.1","logradouro":"RUA ANAMBES","bairro":"VILA KOSMOS","cep":"21220040","fonte_geo":"unidades_unificadas"},"geometry":{"type":"Point","coordinates":[-43.307718,-22.858388]}},{"type":"Feature","properties":{"codigo_unidade":"0514004","nome":"EM SERGIPE","tipo":"1","id_cre":5,"cod_territ":"5.5","logradouro":"RUA ITAPUÃ","bairro":"VICENTE DE CARVALHO","cep":"21370560","fonte_geo":"unidades_unificadas"},"geometry":{"type":"Point","coordinates":[-43.31356,-22.856364]}},{"type":"Feature","properties":{"codigo_unidade":"0514005","nome":"EM BOLÍVIA","tipo":"1","id_cre":5,"cod_territ":"5.5","logradouro":"PRAÇA COTIGI","bairro":"VICENTE DE CARVALHO","cep":"21371430","fonte_geo":"unidades_unificadas"},"geometry":{"type":"Point","coordinates":[-43.316233,-22.856838]}},{"type":"Feature","properties":{"codigo_unidade":"0514006","nome":"EM QUINTINO DO VALLE","tipo":"1","id_cre":5,"cod_territ":"5.2","logradouro":"RUA ARARAI","bairro":"VILA DA PENHA","cep":"21221280","fonte_geo":"unidades_unificadas"},"geometry":{"type":"Point","coordinates":[-43.305069,-22.842202]}},{"type":"Feature","properties":{"codigo_unidade":"0514007","nome":"EM ALBERT SABIN","tipo":"1","id_cre":5,"cod_territ":"5.2","logradouro":"PRAÇA PAULO SETÚBAL","bairro":"VILA DA PENHA","cep":"21221350","fonte_geo":"unidades_unificadas"},"geometry":{"type":"Point","coordinates":[-43.311007,-22.842136]}},{"type":"Feature","properties":{"codigo_unidade":"0514008","nome":"EM MARIA BAPTISTINA DUFFLES TEIXEIRA LOTT","tipo":"1","id_cre":5,"cod_territ":"5.3","logradouro":"RUA PONTA PORÃ","bairro":"VISTA ALEGRE","cep":"21230690","fonte_geo":"unidades_unificadas"},"geometry":{"type":"Point","coordinates":[-43.316253,-22.831887]}},{"type":"Feature","properties":{"codigo_unidade":"0514009","nome":"EM MATO GROSSO","tipo":"1","id_cre":5,"cod_territ":"5.2","logradouro":"RUA MIRANDA E BRITO","bairro":"IRAJÁ","cep":"21235130","fonte_geo":"unidades_unificadas"},"geometry":{"type":"Point","coordinates":[-43.326192,-22.842919]}},{"type":"Feature","properties":{"codigo_unidade":"0514010","nome":"EM IRÃ","tipo":"1","id_cre":5,"cod_territ":"5.3","logradouro":"RUA SÃO LEONARDO","bairro":"IRAJÁ","cep":"21231070","fonte_geo":"unidades_unificadas"},"geometry":{"type":"Point","coordinates":[-43.319452,-22.834344]}},{"type":"Feature","properties":{"codigo_unidade":"0514011","nome":"EM ALFREDO DE PAULA FREITAS","tipo":"1","id_cre":5,"cod_territ":"5.3","logradouro":"RUA GUSTAVO DE ANDRADE","bairro":"IRAJÁ","cep":"21235500","fonte_geo":"unidades_unificadas"},"geometry":{"type":"Point","coordinates":[-43.324003,-22.838509]}},{"type":"Feature","properties":{"codigo_unidade":"0514012","nome":"EM J. CARLOS","tipo":"1","id_cre":5,"cod_territ":"5.3","logradouro":"RUA RIBATEJO","bairro":"IRAJÁ","cep":"21230560","fonte_geo":"unidades_unificadas"},"geometry":{"type":"Point","coordinates":[-43.314841,-22.824717]}},{"type":"Feature","properties":{"codigo_unidade":"0514013","nome":"EM ADLAI STEVENSON","tipo":"1","id_cre":5,"cod_territ":"5.3","logradouro":"RUA BEIRA ALTA","bairro":"IRAJÁ","cep":"21230550","fonte_geo":"unidades_unificadas"},"geometry":{"type":"Point","coordinates":[-43.315453,-22.825239]}},{"type":"Feature","properties":{"codigo_unidade":"0514015","nome":"EM BARCELONA","tipo":"1","id_cre":5,"cod_territ":"5.2","logradouro":"RUA GUSTAVO MARTINS","bairro":"IRAJÁ","cep":"21220480","fonte_geo":"unidades_unificadas"},"geometry":{"type":"Point","coordinates":[-43.318535,-22.842979]}},{"type":"Feature","properties":{"codigo_unidade":"0514016","nome":"EM PIRES E ALBUQUERQUE","tipo":"1","id_cre":5,"cod_territ":"5.8","logradouro":"RUA CAIABU","bairro":"IRAJÁ","cep":"21361230","fonte_geo":"unidades_unificadas"},"geometry":{"type":"Point","coordinates":[-43.32443,-22.853017]}},{"type":"Feature","properties":{"codigo_unidade":"0514017","nome":"EM RODOLFO GARCIA","tipo":"1","id_cre":5,"cod_territ":"5.8","logradouro":"RUA CALUMBI","bairro":"IRAJÁ","cep":"21361260","fonte_geo":"unidades_unificadas"},"geometry":{"type":"Point","coordinates":[-43.323844,-22.852683]}},{"type":"Feature","properties":{"codigo_unidade":"0514018","nome":"EM RODRIGO OTÁVIO FILHO","tipo":"1","id_cre":5,"cod_territ":"5.8","logradouro":"RUA MARAMBAIA","bairro":"IRAJÁ","cep":"21361290","fonte_geo":"unidades_unificadas"},"geometry":{"type":"Point","coordinates":[-43.325323,-22.851665]}},{"type":"Feature","properties":{"codigo_unidade":"0514019","nome":"EM ROSA BETTIATO ZÁTTERA","tipo":"1","id_cre":5,"cod_territ":"5.8","logradouro":"RUA SANTO APIANO","bairro":"IRAJÁ","cep":"21361420","fonte_geo":"unidades_unificadas"},"geometry":{"type":"Point","coordinates":[-43.330794,-22.851458]}},{"type":"Feature","properties":{"codigo_unidade":"0514020","nome":"EM JOSÉ DO PATROCÍNIO","tipo":"1","id_cre":5,"cod_territ":"5.3","logradouro":"RUA GUSTAVO DE ANDRADE","bairro":"IRAJÁ","cep":"21235500","fonte_geo":"unidades_unificadas"},"geometry":{"type":"Point","coordinates":[-43.323465,-22.838159]}},{"type":"Feature","properties":{"codigo_unidade":"0514021","nome":"EM NUN' ÁLVARES PEREIRA","tipo":"1","id_cre":5,"cod_territ":"5.3","logradouro":"RUA BEIRA ALTA","bairro":"IRAJÁ","cep":"21230550","fonte_geo":"unidades_unificadas"},"geometry":{"type":"Point","coordinates":[-43.316019,-22.825406]}},{"type":"Feature","properties":{"codigo_unidade":"0514022","nome":"EM MÁRIO PAULO DE BRITO","tipo":"1","id_cre":5,"cod_territ":"5.3","logradouro":"RUA SÃO LEONARDO","bairro":"IRAJÁ","cep":"21231070","fonte_geo":"unidades_unificadas"},"geometry":{"type":"Point","coordinates":[-43.319501,-22.833984]}},{"type":"Feature","properties":{"codigo_unidade":"0514023","nome":"EM GASPAR VIANNA","tipo":"1","id_cre":5,"cod_territ":"5.3","logradouro":"RUA HERON DOMINGUES","bairro":"IRAJÁ","cep":"21230420","fonte_geo":"unidades_unificadas"},"geometry":{"type":"Point","coordinates":[-43.321018,-22.825445]}},{"type":"Feature","properties":{"codigo_unidade":"0514024","nome":"EM ALMIRANTE NEWTON BRAGA DE FARIA","tipo":"1","id_cre":5,"cod_territ":"5.2","logradouro":"\"AVENIDA MONSENHOR FELIX \"","bairro":"IRAJÁ","cep":"21235113","fonte_geo":"unidades_unificadas"},"geometry":{"type":"Point","coordinates":[-43.326131,-22.835996]}},{"type":"Feature","properties":{"codigo_unidade":"0514025","nome":"EM CONDE PEREIRA CARNEIRO","tipo":"1","id_cre":5,"cod_territ":"6.3","logradouro":"RUA MOLIÈRE","bairro":"IRAJÁ","cep":"21230045","fonte_geo":"unidades_unificadas"},"geometry":{"type":"Point","coordinates":[-43.331022,-22.823286]}},{"type":"Feature","properties":{"codigo_unidade":"0514026","nome":"EM FRANCISCO SERTORIO PORTINHO","tipo":"1","id_cre":5,"cod_territ":"5.4","logradouro":"RUA AMÂNCIO BEZERRA","bairro":"IRAJÁ","cep":"21230290","fonte_geo":"unidades_unificadas"},"geometry":{"type":"Point","coordinates":[-43.327179,-22.829812]}},{"type":"Feature","properties":{"codigo_unidade":"0514027","nome":"EM SEBASTIÃO DE LACERDA","tipo":"1","id_cre":5,"cod_territ":"6.3","logradouro":"RUA DOS CANUDOS","bairro":"IRAJÁ","cep":"21230085","fonte_geo":"unidades_unificadas"},"geometry":{"type":"Point","coordinates":[-43.334322,-22.823116]}},{"type":"Feature","properties":{"codigo_unidade":"0514028","nome":"EM TARSILA DO AMARAL","tipo":"1","id_cre":5,"cod_territ":"5.4","logradouro":"RUA HANNIBAL PORTO","bairro":"IRAJÁ","cep":"21230330","fonte_geo":"unidades_unificadas"},"geometry":{"type":"Point","coordinates":[-43.325766,-22.824846]}},{"type":"Feature","properties":{"codigo_unidade":"0514029","nome":"EM MALBA TAHAN","tipo":"1","id_cre":5,"cod_territ":"5.4","logradouro":"AV BRASIL","bairro":"IRAJÁ","cep":"21230043","fonte_geo":"unidades_unificadas"},"geometry":{"type":"Point","coordinates":[-43.326703,-22.824182]}},{"type":"Feature","properties":{"codigo_unidade":"0514030","nome":"EM OLIMPIA DO COUTO","tipo":"1","id_cre":5,"cod_territ":"6.3","logradouro":"RUA DOS CANUDOS","bairro":"IRAJÁ","cep":"21230085","fonte_geo":"unidades_unificadas"},"geometry":{"type":"Point","coordinates":[-43.334493,-22.823393]}},{"type":"Feature","properties":{"codigo_unidade":"0514031","nome":"EM CLÁUDIO IGNÁCIO DE OLIVEIRA","tipo":"1","id_cre":5,"cod_territ":"5.2","logradouro":"\"estrada coronel vieira \"","bairro":"IRAJÁ","cep":"21220310","fonte_geo":"unidades_unificadas"},"geometry":{"type":"Point","coordinates":[-43.319891,-22.847823]}},{"type":"Feature","properties":{"codigo_unidade":"0514032","nome":"EM MENDES VIANA","tipo":"1","id_cre":5,"cod_territ":"5.4","logradouro":"ESTRADA DO COLEGIO","bairro":"COLÉGIO","cep":"21235280","fonte_geo":"unidades_unificadas"},"geometry":{"type":"Point","coordinates":[-43.330213,-22.835253]}},{"type":"Feature","properties":{"codigo_unidade":"0514033","nome":"EM PAULA FONSECA","tipo":"1","id_cre":5,"cod_territ":"5.9","logradouro":"PRAÇA ZUINARA","bairro":"COLÉGIO","cep":"21545330","fonte_geo":"unidades_unificadas"},"geometry":{"type":"Point","coordinates":[-43.342961,-22.838287]}},{"type":"Feature","properties":{"codigo_unidade":"0514035","nome":"EM AMAPÁ","tipo":"1","id_cre":5,"cod_territ":"5.9","logradouro":"RUA TORIBA","bairro":"COLÉGIO","cep":"21545260","fonte_geo":"unidades_unificadas"},"geometry":{"type":"Point","coordinates":[-43.338924,-22.845011]}},{"type":"Feature","properties":{"codigo_unidade":"0514501","nome":"CIEP DOM OSCAR ROMERO","tipo":"1","id_cre":5,"cod_territ":"5.4","logradouro":"ESTRADA DO COLÉGIO","bairro":"COLÉGIO","cep":"21235280","fonte_geo":"unidades_unificadas"},"geometry":{"type":"Point","coordinates":[-43.330928,-22.834911]}},{"type":"Feature","properties":{"codigo_unidade":"0514601","nome":"CM TIO SEBASTIÃO XAVIER","tipo":"1","id_cre":5,"cod_territ":"5.1","logradouro":"RUA SOLDADO SERVINO MENGARDA","bairro":"VILA KOSMOS","cep":"21021210","fonte_geo":"unidades_unificadas"},"geometry":{"type":"Point","coordinates":[-43.303981,-22.849085]}},{"type":"Feature","properties":{"codigo_unidade":"0514602","nome":"CM JECIÁ DE FREITAS FERREIRA","tipo":"1","id_cre":5,"cod_territ":"5.3","logradouro":"PRAÇA NOSSA SENHORA DA APRESENTAÇÃO","bairro":"IRAJÁ","cep":"21231220","fonte_geo":"unidades_unificadas"},"geometry":{"type":"Point","coordinates":[-43.327411,-22.831074]}},{"type":"Feature","properties":{"codigo_unidade":"0514603","nome":"CM AMÁLIA FERNANDEZ CONDE","tipo":"1","id_cre":5,"cod_territ":"5.3","logradouro":"RUA HANNIBAL PORTO","bairro":"IRAJÁ","cep":"21230330","fonte_geo":"unidades_unificadas"},"geometry":{"type":"Point","coordinates":[-43.321511,-22.821755]}},{"type":"Feature","properties":{"codigo_unidade":"0514604","nome":"CM ESTRELINHA DOURADA","tipo":"1","id_cre":5,"cod_territ":"5.4","logradouro":"RUA JOÃO ADIL DE OLIVEIRA","bairro":"IRAJÁ","cep":"21230175","fonte_geo":"unidades_unificadas"},"geometry":{"type":"Point","coordinates":[-43.326431,-22.824322]}},{"type":"Feature","properties":{"codigo_unidade":"0514605","nome":"CM O SONHO DE RAMON PASCUAL","tipo":"1","id_cre":5,"cod_territ":"5.8","logradouro":"RUA PLÁCIDO FERREIRA","bairro":"COLÉGIO","cep":"21361580","fonte_geo":"unidades_unificadas"},"geometry":{"type":"Point","coordinates":[-43.336467,-22.85155]}},{"type":"Feature","properties":{"codigo_unidade":"0514606","nome":"CM ACALANTO","tipo":"1","id_cre":5,"cod_territ":"5.5","logradouro":"AV PASTOR MARTIN LUTHER KING JR","bairro":"VICENTE DE CARVALHO","cep":"21370540","fonte_geo":"unidades_unificadas"},"geometry":{"type":"Point","coordinates":[-43.307537,-22.860794]}},{"type":"Feature","properties":{"codigo_unidade":"0514607","nome":"CM SEMENTINHA","tipo":"1","id_cre":5,"cod_territ":"5.5","logradouro":"\" RUA CARNEIRO DE MENDONÇA\"","bairro":"VICENTE DE CARVALHO","cep":"21371160","fonte_geo":"unidades_unificadas"},"geometry":{"type":"Point","coordinates":[-43.318375,-22.860325]}},{"type":"Feature","properties":{"codigo_unidade":"0514607","nome":"C.M. SEMENTINHA","tipo":"3","id_cre":5,"cod_territ":"5.5","logradouro":null,"bairro":null,"cep":null,"fonte_geo":"unidades_unificadas"},"geometry":{"type":"Point","coordinates":[-43.318375,-22.860325]}},{"type":"Feature","properties":{"codigo_unidade":"0514608","nome":"CM JOSEPH BARBERA","tipo":"1","id_cre":5,"cod_territ":"3.16","logradouro":"\" RUA SILVA VALE \"","bairro":"TOMÁS COELHO","cep":"21370455","fonte_geo":"unidades_unificadas"},"geometry":{"type":"Point","coordinates":[-43.309801,-22.867977]}},{"type":"Feature","properties":{"codigo_unidade":"0514609","nome":"CM PARQUE BOM MENINO","tipo":"1","id_cre":5,"cod_territ":"5.8","logradouro":"Avenida Monsenhor Felix","bairro":"Irajá","cep":"21235111","fonte_geo":"unidades_unificadas"},"geometry":{"type":"Point","coordinates":[-43.324973,-22.849166]}},{"type":"Feature","properties":{"codigo_unidade":"0514801","nome":"EDI DEPUTADO PEDRO FERNANDES","tipo":"1","id_cre":5,"cod_territ":"5.3","logradouro":"RUA SOLDADO TEODORO RIBEIRO","bairro":"IRAJÁ","cep":"21230480","fonte_geo":"unidades_unificadas"},"geometry":{"type":"Point","coordinates":[-43.320473,-22.823514]}},{"type":"Feature","properties":{"codigo_unidade":"0514802","nome":"EDI LUXEMBURGO","tipo":"1","id_cre":5,"cod_territ":"5.3","logradouro":"RUA AVEIRO","bairro":"IRAJÁ","cep":"21230540","fonte_geo":"unidades_unificadas"},"geometry":{"type":"Point","coordinates":[-43.316319,-22.822981]}},{"type":"Feature","properties":{"codigo_unidade":"0514803","nome":"EDI JOSÉ ALPOIM","tipo":"1","id_cre":5,"cod_territ":"5.8","logradouro":"AV. PASTOR MARTIN LUTHER KING JR","bairro":"\"VICENTE DE CARVALHO \"","cep":"21371312","fonte_geo":"unidades_unificadas"},"geometry":{"type":"Point","coordinates":[-43.331615,-22.843475]}},{"type":"Feature","properties":{"codigo_unidade":"0514804","nome":"EDI VICENTE DE CARVALHO","tipo":"1","id_cre":5,"cod_territ":"5.1","logradouro":"RUA SOLDADO SERVINO MENGARDA","bairro":"VILA KOSMOS","cep":"21210840","fonte_geo":"unidades_unificadas"},"geometry":{"type":"Point","coordinates":[-43.304025,-22.8493]}},{"type":"Feature","properties":{"codigo_unidade":"0515001","nome":"EM PARÁ","tipo":"1","id_cre":5,"cod_territ":"5.10","logradouro":"AVENIDA DOS ITALIANOS","bairro":"ROCHA MIRANDA","cep":"21510103","fonte_geo":"unidades_unificadas"},"geometry":{"type":"Point","coordinates":[-43.34949,-22.851963]}},{"type":"Feature","properties":{"codigo_unidade":"0515002","nome":"EM ITÁLIA","tipo":"1","id_cre":5,"cod_territ":"5.9","logradouro":"AVENIDA DOS ITALIANOS","bairro":"ROCHA MIRANDA","cep":"21510103","fonte_geo":"unidades_unificadas"},"geometry":{"type":"Point","coordinates":[-43.34916,-22.840992]}},{"type":"Feature","properties":{"codigo_unidade":"0515003","nome":"EM OLEGÁRIO MARIANO","tipo":"1","id_cre":5,"cod_territ":"5.11","logradouro":"PRAÇA DAS ESMERALDAS","bairro":"ROCHA MIRANDA","cep":"21510030","fonte_geo":"unidades_unificadas"},"geometry":{"type":"Point","coordinates":[-43.351665,-22.845534]}},{"type":"Feature","properties":{"codigo_unidade":"0515004","nome":"EM LUÍS DE CAMÕES","tipo":"1","id_cre":5,"cod_territ":"5.9","logradouro":"ESTRADA DO BARRO VERMELHO","bairro":"ROCHA MIRANDA","cep":"21540499","fonte_geo":"unidades_unificadas"},"geometry":{"type":"Point","coordinates":[-43.338668,-22.846044]}},{"type":"Feature","properties":{"codigo_unidade":"0515005","nome":"EM OSWALDO ARANHA","tipo":"1","id_cre":5,"cod_territ":"5.10","logradouro":"PRAÇA CARLOS TOLEDO","bairro":"ROCHA MIRANDA","cep":"21540540","fonte_geo":"unidades_unificadas"},"geometry":{"type":"Point","coordinates":[-43.343506,-22.851424]}},{"type":"Feature","properties":{"codigo_unidade":"0515007","nome":"EM FRANCISCO FRIAS DE MESQUITA","tipo":"1","id_cre":5,"cod_territ":"5.9","logradouro":"RUA FAIA","bairro":"ROCHA MIRANDA","cep":"21545110","fonte_geo":"unidades_unificadas"},"geometry":{"type":"Point","coordinates":[-43.344568,-22.846577]}},{"type":"Feature","properties":{"codigo_unidade":"0515009","nome":"EM VELINDA MAURÍCIO DA FONSECA","tipo":"1","id_cre":5,"cod_territ":"5.9","logradouro":"RUA MARUPIARA","bairro":"ROCHA MIRANDA","cep":"21510210","fonte_geo":"unidades_unificadas"},"geometry":{"type":"Point","coordinates":[-43.348487,-22.841069]}},{"type":"Feature","properties":{"codigo_unidade":"0515010","nome":"EM PROFESSOR ALFREDO RUSSELL","tipo":"1","id_cre":5,"cod_territ":"5.9","logradouro":"RUA ARISTÓTELES","bairro":"ROCHA MIRANDA","cep":"21510170","fonte_geo":"unidades_unificadas"},"geometry":{"type":"Point","coordinates":[-43.34446,-22.843163]}},{"type":"Feature","properties":{"codigo_unidade":"0515011","nome":"EM EMBAIXADOR JOÃO NEVES DA FONTOURA","tipo":"1","id_cre":5,"cod_territ":"5.11","logradouro":"PRAÇA DAS ESMERALDAS","bairro":"ROCHA MIRANDA","cep":"21510030","fonte_geo":"unidades_unificadas"},"geometry":{"type":"Point","coordinates":[-43.351225,-22.845594]}},{"type":"Feature","properties":{"codigo_unidade":"0515012","nome":"EM MÁRIO PENNA DA ROCHA","tipo":"1","id_cre":5,"cod_territ":"5.14","logradouro":"RUA AMÉRICO DA ROCHA","bairro":"HONÓRIO GURGEL","cep":"21555300","fonte_geo":"unidades_unificadas"},"geometry":{"type":"Point","coordinates":[-43.358916,-22.849812]}},{"type":"Feature","properties":{"codigo_unidade":"0515013","nome":"EM SILVIO ROMERO","tipo":"1","id_cre":5,"cod_territ":"5.11","logradouro":"RUA PORTO FELIZ","bairro":"HONÓRIO GURGEL","cep":"21511210","fonte_geo":"unidades_unificadas"},"geometry":{"type":"Point","coordinates":[-43.358686,-22.846533]}},{"type":"Feature","properties":{"codigo_unidade":"0515014","nome":"EM FORNOVO","tipo":"1","id_cre":5,"cod_territ":"5.11","logradouro":"RUA GENTIL DE ALMEIDA","bairro":"HONÓRIO GURGEL","cep":"21511110","fonte_geo":"unidades_unificadas"},"geometry":{"type":"Point","coordinates":[-43.357566,-22.842469]}},{"type":"Feature","properties":{"codigo_unidade":"0515015","nome":"EM PADRE DEHON","tipo":"1","id_cre":5,"cod_territ":"5.17","logradouro":"RUA MARIA JOSÉ","bairro":"OSWALDO CRUZ","cep":"21340140","fonte_geo":"unidades_unificadas"},"geometry":{"type":"Point","coordinates":[-43.351898,-22.879152]}},{"type":"Feature","properties":{"codigo_unidade":"0515016","nome":"EM RAJA GABAGLIA","tipo":"1","id_cre":5,"cod_territ":"5.13","logradouro":"RUA SOUSA CALDAS","bairro":"OSWALDO CRUZ","cep":"21550160","fonte_geo":"unidades_unificadas"},"geometry":{"type":"Point","coordinates":[-43.348938,-22.863772]}},{"type":"Feature","properties":{"codigo_unidade":"0515017","nome":"EM MARIA DAS DORES NEGRÃO","tipo":"1","id_cre":5,"cod_territ":"5.17","logradouro":"RUA MARQUES DE AGUIAR","bairro":"OSWALDO CRUZ","cep":"21340220","fonte_geo":"unidades_unificadas"},"geometry":{"type":"Point","coordinates":[-43.355418,-22.870606]}},{"type":"Feature","properties":{"codigo_unidade":"0515018","nome":"EM VIRIATO CORRÊA","tipo":"1","id_cre":5,"cod_territ":"5.13","logradouro":"RUA GUARAREMA","bairro":"OSWALDO CRUZ","cep":"21550170","fonte_geo":"unidades_unificadas"},"geometry":{"type":"Point","coordinates":[-43.349564,-22.864189]}},{"type":"Feature","properties":{"codigo_unidade":"0515019","nome":"EM WALDEMIRO POTSCH","tipo":"1","id_cre":5,"cod_territ":"5.17","logradouro":"RUA RIACHO DOCE","bairro":"OSWALDO CRUZ","cep":"21340340","fonte_geo":"unidades_unificadas"},"geometry":{"type":"Point","coordinates":[-43.354984,-22.870548]}},{"type":"Feature","properties":{"codigo_unidade":"0515020","nome":"EM WALDEMAR FALCÃO","tipo":"1","id_cre":5,"cod_territ":"5.17","logradouro":"PRAÇA JAGUARÉ","bairro":"OSWALDO CRUZ","cep":"21340420","fonte_geo":"unidades_unificadas"},"geometry":{"type":"Point","coordinates":[-43.355093,-22.875924]}},{"type":"Feature","properties":{"codigo_unidade":"0515021","nome":"EM MOZART LAGO","tipo":"1","id_cre":5,"cod_territ":"5.17","logradouro":"RUA JOSÉ CARVALHO SALGADO","bairro":"OSWALDO CRUZ","cep":"21340300","fonte_geo":"unidades_unificadas"},"geometry":{"type":"Point","coordinates":[-43.350334,-22.872211]}},{"type":"Feature","properties":{"codigo_unidade":"0515022","nome":"EM JOSÉ EMYGDIO DE OLIVEIRA","tipo":"1","id_cre":5,"cod_territ":"5.17","logradouro":"RUA CÂNDIDO PORTINARI","bairro":"CAMPINHO","cep":"21341790","fonte_geo":"unidades_unificadas"},"geometry":{"type":"Point","coordinates":[-43.352414,-22.879016]}},{"type":"Feature","properties":{"codigo_unidade":"0515023","nome":"EM CONDE AFONSO CELSO","tipo":"1","id_cre":5,"cod_territ":"5.13","logradouro":"RUA IVINHEIMA","bairro":"BENTO RIBEIRO","cep":"21550390","fonte_geo":"unidades_unificadas"},"geometry":{"type":"Point","coordinates":[-43.357244,-22.859539]}},{"type":"Feature","properties":{"codigo_unidade":"0515024","nome":"EM CERVANTES","tipo":"1","id_cre":5,"cod_territ":"5.18","logradouro":"RUA ABÍLIO DOS SANTOS","bairro":"BENTO RIBEIRO","cep":"21331290","fonte_geo":"unidades_unificadas"},"geometry":{"type":"Point","coordinates":[-43.365952,-22.86459]}},{"type":"Feature","properties":{"codigo_unidade":"0515025","nome":"EM FRANCISCO PALHETA","tipo":"1","id_cre":5,"cod_territ":"5.18","logradouro":"RUA ABÍLIO DOS SANTOS","bairro":"BENTO RIBEIRO","cep":"21331290","fonte_geo":"unidades_unificadas"},"geometry":{"type":"Point","coordinates":[-43.366351,-22.864317]}},{"type":"Feature","properties":{"codigo_unidade":"0515026","nome":"EM PARAGUAI","tipo":"1","id_cre":5,"cod_territ":"5.14","logradouro":"PRAÇA LAUTARO","bairro":"MARECHAL HERMES","cep":"21555280","fonte_geo":"unidades_unificadas"},"geometry":{"type":"Point","coordinates":[-43.366169,-22.86245]}},{"type":"Feature","properties":{"codigo_unidade":"0515027","nome":"EM SANTOS DUMONT","tipo":"1","id_cre":5,"cod_territ":"5.18","logradouro":"PRAÇA QUINZE DE NOVEMBRO","bairro":"MARECHAL HERMES","cep":"21610490","fonte_geo":"unidades_unificadas"},"geometry":{"type":"Point","coordinates":[-43.372057,-22.86338]}},{"type":"Feature","properties":{"codigo_unidade":"0515028","nome":"EM EVANGELINA DUARTE BATISTA","tipo":"1","id_cre":5,"cod_territ":"5.18","logradouro":"PRAÇA QUINZE DE NOVEMBRO","bairro":"MARECHAL HERMES","cep":"21610490","fonte_geo":"unidades_unificadas"},"geometry":{"type":"Point","coordinates":[-43.372858,-22.862986]}},{"type":"Feature","properties":{"codigo_unidade":"0515029","nome":"EM PROFESSOR CARNEIRO FELIPE","tipo":"1","id_cre":5,"cod_territ":"5.14","logradouro":"RUA JURIARI","bairro":"MARECHAL HERMES","cep":"21557100","fonte_geo":"unidades_unificadas"},"geometry":{"type":"Point","coordinates":[-43.373931,-22.857846]}},{"type":"Feature","properties":{"codigo_unidade":"0515030","nome":"EM IRINEU MARINHO","tipo":"1","id_cre":5,"cod_territ":"5.14","logradouro":"RUA AMÉRICO ROCHA","bairro":"MARECHAL HERMES","cep":"21555300","fonte_geo":"unidades_unificadas"},"geometry":{"type":"Point","coordinates":[-43.363136,-22.855195]}},{"type":"Feature","properties":{"codigo_unidade":"0515032","nome":"EM LEONOR POSADA","tipo":"1","id_cre":5,"cod_territ":"5.14","logradouro":"RUA BELIZE","bairro":"MARECHAL HERMES","cep":"21555310","fonte_geo":"unidades_unificadas"},"geometry":{"type":"Point","coordinates":[-43.367083,-22.860161]}},{"type":"Feature","properties":{"codigo_unidade":"0515033","nome":"EM OSWALDO GOELDI","tipo":"1","id_cre":5,"cod_territ":"6.16","logradouro":"Rua Luis Coutinho Cavalcanti","bairro":"Marechal Hermes","cep":"21675310","fonte_geo":"unidades_unificadas"},"geometry":{"type":"Point","coordinates":[-43.369784,-22.849669]}},{"type":"Feature","properties":{"codigo_unidade":"0515034","nome":"EM BARÃO DE ITARARÉ","tipo":"1","id_cre":5,"cod_territ":"5.14","logradouro":"RUA MARAPENDI","bairro":"MARECHAL HERMES","cep":"21557130","fonte_geo":"unidades_unificadas"},"geometry":{"type":"Point","coordinates":[-43.373569,-22.857561]}},{"type":"Feature","properties":{"codigo_unidade":"0515035","nome":"EM BARÃO DO AMPARO","tipo":"1","id_cre":5,"cod_territ":"5.17","logradouro":"RUA ANA TELES","bairro":"CAMPINHO","cep":"21341460","fonte_geo":"unidades_unificadas"},"geometry":{"type":"Point","coordinates":[-43.353606,-22.883482]}},{"type":"Feature","properties":{"codigo_unidade":"0515037","nome":"EM HAITI","tipo":"1","id_cre":5,"cod_territ":"5.15","logradouro":"RUA DUARTE TEIXEIRA","bairro":"QUINTINO BOCAIÚVA","cep":"21311330","fonte_geo":"unidades_unificadas"},"geometry":{"type":"Point","coordinates":[-43.321174,-22.88922]}},{"type":"Feature","properties":{"codigo_unidade":"0515038","nome":"EM FRANÇA","tipo":"1","id_cre":5,"cod_territ":"5.12","logradouro":"RUA PADRE MANUEL DA NÓBREGA","bairro":"QUINTINO BOCAIÚVA","cep":"21381009","fonte_geo":"unidades_unificadas"},"geometry":{"type":"Point","coordinates":[-43.314224,-22.879862]}},{"type":"Feature","properties":{"codigo_unidade":"0515039","nome":"EM QUINTINO BOCAIUVA","tipo":"1","id_cre":5,"cod_territ":"5.15","logradouro":"RUA VITAL","bairro":"QUINTINO BOCAIÚVA","cep":"21380210","fonte_geo":"unidades_unificadas"},"geometry":{"type":"Point","coordinates":[-43.3189,-22.887279]}},{"type":"Feature","properties":{"codigo_unidade":"0515040","nome":"EM PROFESSOR SOUZA DA SILVEIRA","tipo":"1","id_cre":5,"cod_territ":"5.12","logradouro":"RUA AMÁLIA","bairro":"QUINTINO BOCAIÚVA","cep":"21380400","fonte_geo":"unidades_unificadas"},"geometry":{"type":"Point","coordinates":[-43.315249,-22.880642]}},{"type":"Feature","properties":{"codigo_unidade":"0515041","nome":"EM OSWALDO TEIXEIRA","tipo":"1","id_cre":5,"cod_territ":"5.15","logradouro":"RUA MILÃO","bairro":"QUINTINO BOCAIÚVA","cep":"21311430","fonte_geo":"unidades_unificadas"},"geometry":{"type":"Point","coordinates":[-43.321811,-22.894881]}},{"type":"Feature","properties":{"codigo_unidade":"0515042","nome":"EEM MAURÍCIO DE MEDEIROS","tipo":"1","id_cre":5,"cod_territ":"3.8","logradouro":"RUA EMÍLIO DE MENESES","bairro":"QUINTINO BOCAIÚVA","cep":"21380270","fonte_geo":"unidades_unificadas"},"geometry":{"type":"Point","coordinates":[-43.312777,-22.886429]}},{"type":"Feature","properties":{"codigo_unidade":"0515043","nome":"EM PREFEITO FILADELFO AZEVEDO","tipo":"1","id_cre":5,"cod_territ":"5.12","logradouro":"RUA GRAÇA MELO","bairro":"CAVALCANTI","cep":"21381300","fonte_geo":"unidades_unificadas"},"geometry":{"type":"Point","coordinates":[-43.31115,-22.873408]}},{"type":"Feature","properties":{"codigo_unidade":"0515044","nome":"EM ESPIRITO SANTO","tipo":"1","id_cre":5,"cod_territ":"5.12","logradouro":"RUA HERCULANO PENA","bairro":"CAVALCANTI","cep":"21381410","fonte_geo":"unidades_unificadas"},"geometry":{"type":"Point","coordinates":[-43.314719,-22.874299]}},{"type":"Feature","properties":{"codigo_unidade":"0515045","nome":"EM JAIME COSTA","tipo":"1","id_cre":5,"cod_territ":"5.12","logradouro":"RUA MUCIO TEIXEIRA","bairro":"CAVALCANTI","cep":"21381330","fonte_geo":"unidades_unificadas"},"geometry":{"type":"Point","coordinates":[-43.314394,-22.874531]}},{"type":"Feature","properties":{"codigo_unidade":"0515046","nome":"EM ADELMAR TAVARES","tipo":"1","id_cre":5,"cod_territ":"5.12","logradouro":"RUA AUGUSTO FRANCO","bairro":"CAVALCANTI","cep":"21381320","fonte_geo":"unidades_unificadas"},"geometry":{"type":"Point","coordinates":[-43.314848,-22.877798]}},{"type":"Feature","properties":{"codigo_unidade":"0515047","nome":"EM FREI LEOPOLDO","tipo":"1","id_cre":5,"cod_territ":"5.12","logradouro":"RUA HERCULANO PENA","bairro":"CAVALCANTI","cep":"21381410","fonte_geo":"unidades_unificadas"},"geometry":{"type":"Point","coordinates":[-43.314024,-22.873952]}},{"type":"Feature","properties":{"codigo_unidade":"0515048","nome":"EM ROSTHAM PEDRO DE FARIAS","tipo":"1","id_cre":5,"cod_territ":"5.6","logradouro":"RUA DOS LÍRIOS","bairro":"CAVALCANTI","cep":"21370340","fonte_geo":"unidades_unificadas"},"geometry":{"type":"Point","coordinates":[-43.314687,-22.868853]}},{"type":"Feature","properties":{"codigo_unidade":"0515049","nome":"EM CINCO DE JULHO","tipo":"1","id_cre":5,"cod_territ":"5.12","logradouro":"RUA CAETANO DA SILVA","bairro":"CASCADURA","cep":"21381370","fonte_geo":"unidades_unificadas"},"geometry":{"type":"Point","coordinates":[-43.323202,-22.876953]}},{"type":"Feature","properties":{"codigo_unidade":"0515050","nome":"EM PARANÁ","tipo":"1","id_cre":5,"cod_territ":"5.16","logradouro":"AVENIDA ERNANI CARDOSO","bairro":"CASCADURA","cep":"21310310","fonte_geo":"unidades_unificadas"},"geometry":{"type":"Point","coordinates":[-43.338111,-22.882408]}},{"type":"Feature","properties":{"codigo_unidade":"0515051","nome":"EM RUY CARNEIRO DA CUNHA","tipo":"1","id_cre":5,"cod_territ":"5.16","logradouro":"RUA ITUNA","bairro":"CASCADURA","cep":"21311240","fonte_geo":"unidades_unificadas"},"geometry":{"type":"Point","coordinates":[-43.331683,-22.889116]}},{"type":"Feature","properties":{"codigo_unidade":"0515052","nome":"EM AZEVEDO JUNIOR","tipo":"1","id_cre":5,"cod_territ":"5.12","logradouro":"RUA SILVA GOMES","bairro":"CASCADURA","cep":"21350080","fonte_geo":"unidades_unificadas"},"geometry":{"type":"Point","coordinates":[-43.327344,-22.880376]}},{"type":"Feature","properties":{"codigo_unidade":"0515053","nome":"EM SENADOR FRANCISCO GALLOTTI","tipo":"1","id_cre":5,"cod_territ":"5.15","logradouro":"RUA MOISÉS LILENBAUM","bairro":"CASCADURA","cep":"21380140","fonte_geo":"unidades_unificadas"},"geometry":{"type":"Point","coordinates":[-43.322462,-22.883904]}},{"type":"Feature","properties":{"codigo_unidade":"0515054","nome":"EM CARDEAL ARCOVERDE","tipo":"1","id_cre":5,"cod_territ":"5.17","logradouro":"RUA AGOSTINHO BARBALHO","bairro":"MADUREIRA","cep":"21310130","fonte_geo":"unidades_unificadas"},"geometry":{"type":"Point","coordinates":[-43.343369,-22.876082]}},{"type":"Feature","properties":{"codigo_unidade":"0515055","nome":"EM MINISTRO EDGARD ROMERO","tipo":"1","id_cre":5,"cod_territ":"5.13","logradouro":"AVENIDA MINISTRO EDGARD ROMERO","bairro":"MADUREIRA","cep":"21350301","fonte_geo":"unidades_unificadas"},"geometry":{"type":"Point","coordinates":[-43.33811,-22.875277]}},{"type":"Feature","properties":{"codigo_unidade":"0515056","nome":"EM LUÍS CARLOS DA FONSECA","tipo":"1","id_cre":5,"cod_territ":"5.7","logradouro":"RUA LEOPOLDINO DE OLIVEIRA","bairro":"MADUREIRA","cep":"21360060","fonte_geo":"unidades_unificadas"},"geometry":{"type":"Point","coordinates":[-43.335616,-22.865644]}},{"type":"Feature","properties":{"codigo_unidade":"0515057","nome":"EM RUGENDAS","tipo":"1","id_cre":5,"cod_territ":"5.16","logradouro":"RUA PADRE MANSO","bairro":"MADUREIRA","cep":"21310260","fonte_geo":"unidades_unificadas"},"geometry":{"type":"Point","coordinates":[-43.338118,-22.881842]}},{"type":"Feature","properties":{"codigo_unidade":"0515058","nome":"EM ASTOLFO REZENDE","tipo":"1","id_cre":5,"cod_territ":"5.7","logradouro":"AVENIDA MINISTRO EDGARD ROMERO","bairro":"MADUREIRA","cep":"21360201","fonte_geo":"unidades_unificadas"},"geometry":{"type":"Point","coordinates":[-43.334775,-22.866341]}},{"type":"Feature","properties":{"codigo_unidade":"0515059","nome":"EM REPÚBLICA DOMINICANA","tipo":"1","id_cre":5,"cod_territ":"5.7","logradouro":"RUA COMPOSITOR SILAS DE OLIVEIRA","bairro":"MADUREIRA","cep":"21360340","fonte_geo":"unidades_unificadas"},"geometry":{"type":"Point","coordinates":[-43.330201,-22.864967]}},{"type":"Feature","properties":{"codigo_unidade":"0515060","nome":"EM IRMÃ ZÉLIA","tipo":"1","id_cre":5,"cod_territ":"5.8","logradouro":"AVENIDA MINISTRO EDGARD ROMERO","bairro":"MADUREIRA","cep":"21360202","fonte_geo":"unidades_unificadas"},"geometry":{"type":"Point","coordinates":[-43.329602,-22.858206]}},{"type":"Feature","properties":{"codigo_unidade":"0515061","nome":"EM ASPIRANTE CARLOS ALFREDO","tipo":"1","id_cre":5,"cod_territ":"5.10","logradouro":"RUA IBIA","bairro":"TURIAÇU","cep":"21540070","fonte_geo":"unidades_unificadas"},"geometry":{"type":"Point","coordinates":[-43.34455,-22.860846]}},{"type":"Feature","properties":{"codigo_unidade":"0515062","nome":"EM FIGUEIREDO PIMENTEL","tipo":"1","id_cre":5,"cod_territ":"5.7","logradouro":"PRAÇA MIRANDA RIBEIRO","bairro":"TURIAÇU","cep":"21540220","fonte_geo":"unidades_unificadas"},"geometry":{"type":"Point","coordinates":[-43.34092,-22.863714]}},{"type":"Feature","properties":{"codigo_unidade":"0515063","nome":"EM PADRE JOSÉ MAURÍCIO TOMÁS","tipo":"1","id_cre":5,"cod_territ":"5.10","logradouro":"RUA IBIA","bairro":"TURIAÇU","cep":"21540070","fonte_geo":"unidades_unificadas"},"geometry":{"type":"Point","coordinates":[-43.342107,-22.859156]}},{"type":"Feature","properties":{"codigo_unidade":"0515064","nome":"EM MESTRE DARCY DO JONGO","tipo":"1","id_cre":5,"cod_territ":"5.7","logradouro":"\"PRAÇA BARBOSA DE OLIVEIRA \"","bairro":"MADUREIRA","cep":"21360420","fonte_geo":"unidades_unificadas"},"geometry":{"type":"Point","coordinates":[-43.329074,-22.864996]}},{"type":"Feature","properties":{"codigo_unidade":"0515501","nome":"CIEP AUGUSTO PINHEIRO DE CARVALHO","tipo":"1","id_cre":5,"cod_territ":"5.18","logradouro":"RUA XAVIER CURADO","bairro":"MARECHAL HERMES","cep":"21610330","fonte_geo":"unidades_unificadas"},"geometry":{"type":"Point","coordinates":[-43.377995,-22.861625]}},{"type":"Feature","properties":{"codigo_unidade":"0515502","nome":"CIEP PROFESSOR MANOEL MAURÍCIO DE ALBUQUERQUE","tipo":"1","id_cre":5,"cod_territ":"5.16","logradouro":"RUA FERRAZ","bairro":"CASCADURA","cep":"21311060","fonte_geo":"unidades_unificadas"},"geometry":{"type":"Point","coordinates":[-43.328552,-22.886056]}},{"type":"Feature","properties":{"codigo_unidade":"0515503","nome":"CIEP METALÚRGICO BENEDITO CERQUEIRA","tipo":"1","id_cre":5,"cod_territ":"5.12","logradouro":"RUA SIDÔNIO PAÍS","bairro":"CASCADURA","cep":"21350031","fonte_geo":"unidades_unificadas"},"geometry":{"type":"Point","coordinates":[-43.325708,-22.877129]}},{"type":"Feature","properties":{"codigo_unidade":"0515601","nome":"CM OLGA BENÁRIO","tipo":"1","id_cre":5,"cod_territ":"5.10","logradouro":"RUA PÃO DE AÇÚCAR","bairro":"ROCHA MIRANDA","cep":"21540530","fonte_geo":"unidades_unificadas"},"geometry":{"type":"Point","coordinates":[-43.339342,-22.853399]}},{"type":"Feature","properties":{"codigo_unidade":"0515602","nome":"CM SÃO MIGUEL ARCANJO","tipo":"1","id_cre":5,"cod_territ":"5.8","logradouro":"AVENIDA MINISTRO EDGARD ROMERO","bairro":"MADUREIRA","cep":"21360201","fonte_geo":"unidades_unificadas"},"geometry":{"type":"Point","coordinates":[-43.331741,-22.860679]}},{"type":"Feature","properties":{"codigo_unidade":"0515604","nome":"CM GERCINDA ROSA FONSECA","tipo":"1","id_cre":5,"cod_territ":"5.16","logradouro":"RUA SÃO FERNANDO","bairro":"CASCADURA","cep":"21311220","fonte_geo":"unidades_unificadas"},"geometry":{"type":"Point","coordinates":[-43.332498,-22.88969]}},{"type":"Feature","properties":{"codigo_unidade":"0515605","nome":"CM JOSÉ RAIMUNDO DE SOUZA ALVES","tipo":"1","id_cre":5,"cod_territ":"5.10","logradouro":"RUA CORIMBO","bairro":"ROCHA MIRANDA","cep":"21540490","fonte_geo":"unidades_unificadas"},"geometry":{"type":"Point","coordinates":[-43.341821,-22.855144]}},{"type":"Feature","properties":{"codigo_unidade":"0515606","nome":"CM JOSUÉ DE CASTRO","tipo":"1","id_cre":5,"cod_territ":"5.16","logradouro":"TRAVESSA SAGRADO CORAÇÃO","bairro":"CAMPINHO","cep":"21310430","fonte_geo":"unidades_unificadas"},"geometry":{"type":"Point","coordinates":[-43.339707,-22.885981]}},{"type":"Feature","properties":{"codigo_unidade":"0515607","nome":"CM MANÉ GARRINCHA I","tipo":"1","id_cre":5,"cod_territ":"5.18","logradouro":"\"RUA FREI SAMPAIO \"","bairro":"MARECHAL HERMES","cep":"21610440","fonte_geo":"unidades_unificadas"},"geometry":{"type":"Point","coordinates":[-43.374677,-22.869303]}},{"type":"Feature","properties":{"codigo_unidade":"0515608","nome":"CM MARIA JOSÉ DE PAULA DE JESUS","tipo":"1","id_cre":5,"cod_territ":"5.8","logradouro":"RUA MANUEL MACHADO","bairro":"VAZ LOBO","cep":"21361090","fonte_geo":"unidades_unificadas"},"geometry":{"type":"Point","coordinates":[-43.334689,-22.857199]}},{"type":"Feature","properties":{"codigo_unidade":"0515610","nome":"CM SEMPRE VIDA PALMEIRINHA","tipo":"1","id_cre":5,"cod_territ":"6.16","logradouro":"RUA DO ENCANAMENTO","bairro":"MARECHAL HERMES","cep":"21675539","fonte_geo":"unidades_unificadas"},"geometry":{"type":"Point","coordinates":[-43.363966,-22.849063]}},{"type":"Feature","properties":{"codigo_unidade":"0515611","nome":"CM VOVÓ MARIA JOANA","tipo":"1","id_cre":5,"cod_territ":"5.7","logradouro":"RUA COMPOSITOR SILAS DE OLIVEIRA","bairro":"MADUREIRA","cep":"21360340","fonte_geo":"unidades_unificadas"},"geometry":{"type":"Point","coordinates":[-43.329916,-22.864671]}},{"type":"Feature","properties":{"codigo_unidade":"0515612","nome":"CM TIA MARIA DO JONGO","tipo":"1","id_cre":5,"cod_territ":"5.6","logradouro":"RUA DOUTOR JOVINIANO","bairro":"MADUREIRA","cep":"21360310","fonte_geo":"unidades_unificadas"},"geometry":{"type":"Point","coordinates":[-43.329101,-22.868144]}},{"type":"Feature","properties":{"codigo_unidade":"0515613","nome":"CM MANOEL DA ROCHA APRISCO","tipo":"1","id_cre":5,"cod_territ":"5.6","logradouro":"RUA  PRIMAVERA","bairro":"CAVALCANTI","cep":"21370650","fonte_geo":"unidades_unificadas"},"geometry":{"type":"Point","coordinates":[-43.316545,-22.868759]}},{"type":"Feature","properties":{"codigo_unidade":"0515801","nome":"EDI KARINE LORRAINE CHAGAS DE OLIVEIRA","tipo":"1","id_cre":5,"cod_territ":"5.11","logradouro":"RUA URURAÍ","bairro":"COELHO NETO","cep":"21511000","fonte_geo":"unidades_unificadas"},"geometry":{"type":"Point","coordinates":[-43.356108,-22.839458]}},{"type":"Feature","properties":{"codigo_unidade":"0515802","nome":"EDI GUSTAVO LESSA","tipo":"1","id_cre":5,"cod_territ":"5.9","logradouro":"RUA MARUPIARA","bairro":"ROCHA MIRANDA","cep":"21510210","fonte_geo":"unidades_unificadas"},"geometry":{"type":"Point","coordinates":[-43.347547,-22.841024]}},{"type":"Feature","properties":{"codigo_unidade":"0515803","nome":"EDI PIO XII","tipo":"1","id_cre":5,"cod_territ":"5.11","logradouro":"RUA DOS RUBIS","bairro":"ROCHA MIRANDA","cep":"21510014","fonte_geo":"unidades_unificadas"},"geometry":{"type":"Point","coordinates":[-43.351168,-22.845923]}},{"type":"Feature","properties":{"codigo_unidade":"0515804","nome":"EDI FERNÃO DIAS","tipo":"1","id_cre":5,"cod_territ":"5.14","logradouro":"RUA MARAPENDI","bairro":"MARECHAL HERMES","cep":"21557130","fonte_geo":"unidades_unificadas"},"geometry":{"type":"Point","coordinates":[-43.373658,-22.857065]}},{"type":"Feature","properties":{"codigo_unidade":"0515805","nome":"EDI ROCHA POMBO","tipo":"1","id_cre":5,"cod_territ":"3.8","logradouro":"RUA LIMA BARRETO","bairro":"QUINTINO BOCAIÚVA","cep":"21380310","fonte_geo":"unidades_unificadas"},"geometry":{"type":"Point","coordinates":[-43.312269,-22.886506]}},{"type":"Feature","properties":{"codigo_unidade":"0515807","nome":"EDI BURITI CONGONHAS","tipo":"1","id_cre":5,"cod_territ":"5.8","logradouro":"RUA BURITI","bairro":"MADUREIRA","cep":"21360080","fonte_geo":"unidades_unificadas"},"geometry":{"type":"Point","coordinates":[-43.334597,-22.860399]}},{"type":"Feature","properties":{"codigo_unidade":"0515808","nome":"EDI GUARACIARA RODRIGUES DINIZ","tipo":"1","id_cre":5,"cod_territ":"5.7","logradouro":"RUA MANOEL JOSÉ DANIEL","bairro":"MADUREIRA","cep":"21360120","fonte_geo":"unidades_unificadas"},"geometry":{"type":"Point","coordinates":[-43.335166,-22.863852]}},{"type":"Feature","properties":{"codigo_unidade":"0515809","nome":"EDI PROFESSOR UBIRAJARA DE PAULA CASTRO","tipo":"1","id_cre":5,"cod_territ":"6.16","logradouro":"\"RUA LOURENÇO MARQUES \"","bairro":"MARECHAL HERMES","cep":"21675540","fonte_geo":"unidades_unificadas"},"geometry":{"type":"Point","coordinates":[-43.361544,-22.848431]}},{"type":"Feature","properties":{"codigo_unidade":"0515809","nome":"EDI PROFESSOR UBIRAJARA DE PAULA CASTRO","tipo":"3","id_cre":5,"cod_territ":"6.16","logradouro":null,"bairro":null,"cep":null,"fonte_geo":"unidades_unificadas"},"geometry":{"type":"Point","coordinates":[-43.361544,-22.848431]}},{"type":"Feature","properties":{"codigo_unidade":"0515810","nome":"PROFESSORA TEREZINHA SARDOX HENRIQUES","tipo":"3","id_cre":5,"cod_territ":"5.16","logradouro":null,"bairro":null,"cep":null,"fonte_geo":"unidades_unificadas"},"geometry":{"type":"Point","coordinates":[-43.330231,-22.888526]}},{"type":"Feature","properties":{"codigo_unidade":"0515810","nome":"EDI PROFESSORA TEREZINHA SARDOUX HENRIQUES","tipo":"1","id_cre":5,"cod_territ":"5.16","logradouro":"RUA JAUAPERI","bairro":"CASCADURA","cep":"21311260","fonte_geo":"unidades_unificadas"},"geometry":{"type":"Point","coordinates":[-43.330231,-22.888526]}},{"type":"Feature","properties":{"codigo_unidade":"06001","nome":"CP ESCOLA PATRONATO NOSSA SENHORA DE NAZARÉ","tipo":"1","id_cre":null,"cod_territ":null,"logradouro":"RUA JOSÉ LOURENÇO","bairro":"ANCHIETA","cep":"21645340","fonte_geo":"ausente"},"geometry":null},{"type":"Feature","properties":{"codigo_unidade":"06002","nome":"CP CRECHE GUADALUPE","tipo":"1","id_cre":null,"cod_territ":null,"logradouro":"RUA DELEGADO SILVIO TERRA","bairro":"BARROS FILHO","cep":"21665300","fonte_geo":"ausente"},"geometry":null},{"type":"Feature","properties":{"codigo_unidade":"06003","nome":"CP CRECHE NOSSO LAR","tipo":"1","id_cre":null,"cod_territ":null,"logradouro":"RUA JOSÉ LOURENÇO","bairro":"ANCHIETA","cep":"21645340","fonte_geo":"ausente"},"geometry":null},{"type":"Feature","properties":{"codigo_unidade":"06004","nome":"CP CENTRO COMUNITÁRIO PARQUE UNIDOS DE ACARI","tipo":"1","id_cre":null,"cod_territ":null,"logradouro":"RUA PADRE LIMA","bairro":"PAVUNA","cep":"21535080","fonte_geo":"ausente"},"geometry":null},{"type":"Feature","properties":{"codigo_unidade":"06005","nome":"CP CRECHE DON GUANELLA","tipo":"1","id_cre":null,"cod_territ":null,"logradouro":"RUA CACAREMA","bairro":"ANCHIETA","cep":"21645110","fonte_geo":"ausente"},"geometry":null},{"type":"Feature","properties":{"codigo_unidade":"06006","nome":"CP CRECHE ESCOLA COMUNITÁRIA TIO PATINHAS","tipo":"1","id_cre":null,"cod_territ":null,"logradouro":"PRAÇA ROBERTO CARLOS","bairro":"ACARI","cep":"21531590","fonte_geo":"ausente"},"geometry":null},{"type":"Feature","properties":{"codigo_unidade":"06007","nome":"CP CRECHE ABRINDO PORTAS","tipo":"1","id_cre":null,"cod_territ":null,"logradouro":"RUA IPUERA","bairro":"ACARI","cep":"21530330","fonte_geo":"ausente"},"geometry":null},{"type":"Feature","properties":{"codigo_unidade":"06008","nome":"CP SOMA","tipo":"4","id_cre":null,"cod_territ":null,"logradouro":null,"bairro":null,"cep":null,"fonte_geo":"ausente"},"geometry":null},{"type":"Feature","properties":{"codigo_unidade":"06009","nome":"CP CENTRO EDUCACIONAL NOSSA SENHORA APARECIDA","tipo":"1","id_cre":null,"cod_territ":null,"logradouro":"RUA FASUTINO LINS","bairro":"ANCHIETA","cep":"21645210","fonte_geo":"ausente"},"geometry":null},{"type":"Feature","properties":{"codigo_unidade":"06010","nome":"CP CENTRO EDUCACIONAL NOSSA SENHORA APARECIDA (DUPLICADA)","tipo":"4","id_cre":null,"cod_territ":null,"logradouro":null,"bairro":null,"cep":null,"fonte_geo":"ausente"},"geometry":null},{"type":"Feature","properties":{"codigo_unidade":"06011","nome":"CP CRECHE ESCOLA ROSA DOMINGOS","tipo":"4","id_cre":null,"cod_territ":null,"logradouro":null,"bairro":null,"cep":null,"fonte_geo":"ausente"},"geometry":null},{"type":"Feature","properties":{"codigo_unidade":"06012","nome":"CP ASSOCIAÇÃO CRESCÊNCIO","tipo":"1","id_cre":null,"cod_territ":null,"logradouro":"RUA  LEOCÁDIO  FIGUEIREDO","bairro":"GUADALUPE","cep":"21675090","fonte_geo":"ausente"},"geometry":null},{"type":"Feature","properties":{"codigo_unidade":"06013","nome":"CP CRECHE COMUNITÁRIA AQUARELA","tipo":"1","id_cre":null,"cod_territ":null,"logradouro":"RUA ELZO FERREIRA","bairro":"PARQUE ANCHIETA","cep":"21635170","fonte_geo":"ausente"},"geometry":null},{"type":"Feature","properties":{"codigo_unidade":"06014","nome":"CP ASSOCIAÇÃO CRECHE ESPERANÇA - RICARDO DE ALBUQUERQUE","tipo":"4","id_cre":null,"cod_territ":null,"logradouro":null,"bairro":null,"cep":null,"fonte_geo":"ausente"},"geometry":null},{"type":"Feature","properties":{"codigo_unidade":"06015","nome":"CP AEMMAC - PAVUNA","tipo":"1","id_cre":null,"cod_territ":null,"logradouro":"PRAÇA NOSSA SENHORA DAS DORES","bairro":"PAVUNA","cep":"21520300","fonte_geo":"ausente"},"geometry":null},{"type":"Feature","properties":{"codigo_unidade":"06016","nome":"CP CRECHE NOSSO LAR II","tipo":"1","id_cre":null,"cod_territ":null,"logradouro":"AVENIDA DE NAZARÉ","bairro":"RICARDO DE ALBUQUERQUE","cep":"21640010","fonte_geo":"ausente"},"geometry":null},{"type":"Feature","properties":{"codigo_unidade":"06016","nome":"CP CRECHE NOSSO LAR","tipo":"3","id_cre":null,"cod_territ":null,"logradouro":null,"bairro":null,"cep":null,"fonte_geo":"ausente"},"geometry":null},{"type":"Feature","properties":{"codigo_unidade":"06017","nome":"CP CRECHE JOÃO E MARIA","tipo":"1","id_cre":null,"cod_territ":null,"logradouro":"RUA MATRICARIA","bairro":"GUADALUPE","cep":"21670420","fonte_geo":"ausente"},"geometry":null},{"type":"Feature","properties":{"codigo_unidade":"06018","nome":"CP ASSOCIAÇÃO CRECHE ESPERANÇA - COELHO NETO","tipo":"4","id_cre":null,"cod_territ":null,"logradouro":null,"bairro":null,"cep":null,"fonte_geo":"ausente"},"geometry":null},{"type":"Feature","properties":{"codigo_unidade":"06019","nome":"CP AEMMAC - COELHO NETO","tipo":"1","id_cre":null,"cod_territ":null,"logradouro":"RUA THEREMIN","bairro":"COELHO NETO","cep":"21530290","fonte_geo":"ausente"},"geometry":null},{"type":"Feature","properties":{"codigo_unidade":"06020","nome":"\"CP COLÉGIO MERCEDÁRIO PIO XII \"","tipo":"1","id_cre":null,"cod_territ":null,"logradouro":"RUA MATIOLA","bairro":"GUADALUPE","cep":"21670410","fonte_geo":"ausente"},"geometry":null},{"type":"Feature","properties":{"codigo_unidade":"06021","nome":"CP COLÉGIO MERCEDÁRIO PIO XII MERCÊS","tipo":"1","id_cre":null,"cod_territ":null,"logradouro":"\"RUA FRANCISCO PORTELA \"","bairro":"GUADALUPE","cep":"21660010","fonte_geo":"ausente"},"geometry":null},{"type":"Feature","properties":{"codigo_unidade":"06022","nome":"CP ASSOCIAÇÃO CRECHE AMOR E FÉ - UNIDADE EXTERNA  I","tipo":"1","id_cre":null,"cod_territ":null,"logradouro":null,"bairro":null,"cep":null,"fonte_geo":"ausente"},"geometry":null},{"type":"Feature","properties":{"codigo_unidade":"0622001","nome":"EM GUILHERME TELL","tipo":"1","id_cre":6,"cod_territ":"6.18","logradouro":"RUA ROMEU CASAGRANDE","bairro":"PARQUE ANCHIETA","cep":"21625380","fonte_geo":"unidades_unificadas"},"geometry":{"type":"Point","coordinates":[-43.405187,-22.831849]}},{"type":"Feature","properties":{"codigo_unidade":"0622002","nome":"EM ANTÔNIO MACEO","tipo":"1","id_cre":6,"cod_territ":"6.17","logradouro":"RUA BANISTERIA","bairro":"PARQUE ANCHIETA","cep":"21620100","fonte_geo":"unidades_unificadas"},"geometry":{"type":"Point","coordinates":[-43.408367,-22.837229]}},{"type":"Feature","properties":{"codigo_unidade":"0622004","nome":"EM PARAÍBA","tipo":"1","id_cre":6,"cod_territ":"6.18","logradouro":"ESTRADA MARECHAL ALENCASTRO","bairro":"ANCHIETA","cep":"21625001","fonte_geo":"unidades_unificadas"},"geometry":{"type":"Point","coordinates":[-43.402883,-22.826363]}},{"type":"Feature","properties":{"codigo_unidade":"0622005","nome":"EM CYRO MONTEIRO","tipo":"1","id_cre":6,"cod_territ":"6.18","logradouro":"RUA DO ANTÚRIO","bairro":"PARQUE ANCHIETA","cep":"21625100","fonte_geo":"unidades_unificadas"},"geometry":{"type":"Point","coordinates":[-43.40322,-22.826954]}},{"type":"Feature","properties":{"codigo_unidade":"0622006","nome":"EM ANTENOR NASCENTES","tipo":"1","id_cre":6,"cod_territ":"6.18","logradouro":"RUA ROMEU CASAGRANDE","bairro":"PARQUE ANCHIETA","cep":"21625380","fonte_geo":"unidades_unificadas"},"geometry":{"type":"Point","coordinates":[-43.405212,-22.831543]}},{"type":"Feature","properties":{"codigo_unidade":"0622007","nome":"EM ALEXANDRE FARAH","tipo":"1","id_cre":6,"cod_territ":"6.17","logradouro":"PRAÇA VICENTE DE OLIVEIRA E SILVA","bairro":"RICARDO DE ALBUQUERQUE","cep":"21620620","fonte_geo":"unidades_unificadas"},"geometry":{"type":"Point","coordinates":[-43.396572,-22.835959]}},{"type":"Feature","properties":{"codigo_unidade":"0622008","nome":"EM NARBAL FONTES","tipo":"1","id_cre":6,"cod_territ":"6.17","logradouro":"RUA UMBUZEIRO","bairro":"RICARDO DE ALBUQUERQUE","cep":"21620610","fonte_geo":"unidades_unificadas"},"geometry":{"type":"Point","coordinates":[-43.398822,-22.837055]}},{"type":"Feature","properties":{"codigo_unidade":"0622009","nome":"EM COELHO NETO","tipo":"1","id_cre":6,"cod_territ":"6.17","logradouro":"RUA UMBUZEIRO","bairro":"RICARDO DE ALBUQUERQUE","cep":"21620610","fonte_geo":"unidades_unificadas"},"geometry":{"type":"Point","coordinates":[-43.399397,-22.837278]}},{"type":"Feature","properties":{"codigo_unidade":"0622011","nome":"EM PROFESSOR ZITUO YONESHIGUE","tipo":"1","id_cre":6,"cod_territ":"6.13","logradouro":"RUA MORAIS PINHEIRO","bairro":"RICARDO DE ALBUQUERQUE","cep":"21640260","fonte_geo":"unidades_unificadas"},"geometry":{"type":"Point","coordinates":[-43.39041,-22.833999]}},{"type":"Feature","properties":{"codigo_unidade":"0622012","nome":"EM PROFESSOR ÁLVARO ESPINHEIRA","tipo":"1","id_cre":6,"cod_territ":"6.15","logradouro":"RUA NELSON MEIRELES NETO","bairro":"GUADALUPE","cep":"21660520","fonte_geo":"unidades_unificadas"},"geometry":{"type":"Point","coordinates":[-43.371297,-22.836788]}},{"type":"Feature","properties":{"codigo_unidade":"0622014","nome":"EM BÉLGICA","tipo":"1","id_cre":6,"cod_territ":"6.15","logradouro":"RUA FRANCOLIM","bairro":"GUADALUPE","cep":"21660130","fonte_geo":"unidades_unificadas"},"geometry":{"type":"Point","coordinates":[-43.380457,-22.840353]}},{"type":"Feature","properties":{"codigo_unidade":"0622016","nome":"EM PIAUÍ","tipo":"1","id_cre":6,"cod_territ":"6.15","logradouro":"AVENIDA BRASIL","bairro":"GUADALUPE","cep":"21660000","fonte_geo":"unidades_unificadas"},"geometry":{"type":"Point","coordinates":[-43.37852,-22.845415]}},{"type":"Feature","properties":{"codigo_unidade":"0622017","nome":"EM LIA BRAGA DE FARIA","tipo":"1","id_cre":6,"cod_territ":"6.16","logradouro":"RUA NOVA TRENTO","bairro":"GUADALUPE","cep":"21670440","fonte_geo":"unidades_unificadas"},"geometry":{"type":"Point","coordinates":[-43.37637,-22.846614]}},{"type":"Feature","properties":{"codigo_unidade":"0622018","nome":"EM BADEN POWELL","tipo":"1","id_cre":6,"cod_territ":"6.16","logradouro":"RUA NOVA TRENTO","bairro":"GUADALUPE","cep":"21670440","fonte_geo":"unidades_unificadas"},"geometry":{"type":"Point","coordinates":[-43.376538,-22.846425]}},{"type":"Feature","properties":{"codigo_unidade":"0622019","nome":"EM EMILIO CARLOS","tipo":"1","id_cre":6,"cod_territ":"6.16","logradouro":"RUA PINHEIRO BITTENCOURT","bairro":"GUADALUPE","cep":"21675130","fonte_geo":"unidades_unificadas"},"geometry":{"type":"Point","coordinates":[-43.365825,-22.844309]}},{"type":"Feature","properties":{"codigo_unidade":"0622020","nome":"EM MAURICE MAETERLINCK","tipo":"1","id_cre":6,"cod_territ":"6.15","logradouro":"RUA BETULA","bairro":"GUADALUPE","cep":"21660100","fonte_geo":"unidades_unificadas"},"geometry":{"type":"Point","coordinates":[-43.380129,-22.840289]}},{"type":"Feature","properties":{"codigo_unidade":"0622021","nome":"EM ISAIAS ALVES","tipo":"1","id_cre":6,"cod_territ":"6.16","logradouro":"RUA DOM JOSÉ DE SOUSA","bairro":"GUADALUPE","cep":"21675040","fonte_geo":"unidades_unificadas"},"geometry":{"type":"Point","coordinates":[-43.365407,-22.844376]}},{"type":"Feature","properties":{"codigo_unidade":"0622022","nome":"EM ROSE KLABIN","tipo":"1","id_cre":6,"cod_territ":"6.16","logradouro":"RUA REGINÓPOLIS","bairro":"GUADALUPE","cep":"21675440","fonte_geo":"unidades_unificadas"},"geometry":{"type":"Point","coordinates":[-43.372466,-22.846549]}},{"type":"Feature","properties":{"codigo_unidade":"0622023","nome":"EM GILBERTO AMADO","tipo":"1","id_cre":6,"cod_territ":"6.15","logradouro":"RUA PROFESSOR VALDEMAR RAYTHER","bairro":"GUADALUPE","cep":"21665285","fonte_geo":"unidades_unificadas"},"geometry":{"type":"Point","coordinates":[-43.373261,-22.835028]}},{"type":"Feature","properties":{"codigo_unidade":"0622024","nome":"EM MARIO PIRAGIBE","tipo":"1","id_cre":6,"cod_territ":"6.13","logradouro":"RUA ALCOBAÇA","bairro":"ANCHIETA","cep":"21645001","fonte_geo":"unidades_unificadas"},"geometry":{"type":"Point","coordinates":[-43.392076,-22.825581]}},{"type":"Feature","properties":{"codigo_unidade":"0622025","nome":"EM LÚCIO DE MENDONÇA","tipo":"1","id_cre":6,"cod_territ":"6.12","logradouro":"RUA ITAJACE","bairro":"ANCHIETA","cep":"21645310","fonte_geo":"unidades_unificadas"},"geometry":{"type":"Point","coordinates":[-43.400247,-22.817537]}},{"type":"Feature","properties":{"codigo_unidade":"0622026","nome":"EM CLÁUDIO GANNS","tipo":"1","id_cre":6,"cod_territ":"6.18","logradouro":"RUA JAGUARA","bairro":"ANCHIETA","cep":"21630200","fonte_geo":"unidades_unificadas"},"geometry":{"type":"Point","coordinates":[-43.416071,-22.827735]}},{"type":"Feature","properties":{"codigo_unidade":"0622027","nome":"EM HILDEGARDO DE NORONHA","tipo":"1","id_cre":6,"cod_territ":"6.12","logradouro":"RUA NAGOIA","bairro":"ANCHIETA","cep":"21655540","fonte_geo":"unidades_unificadas"},"geometry":{"type":"Point","coordinates":[-43.386453,-22.820717]}},{"type":"Feature","properties":{"codigo_unidade":"0622201","nome":"CIEP POETA FERNANDO PESSOA","tipo":"1","id_cre":6,"cod_territ":"6.18","logradouro":"RUA SILVESTRE FILIPPI","bairro":"PARQUE ANCHIETA","cep":"21635430","fonte_geo":"unidades_unificadas"},"geometry":{"type":"Point","coordinates":[-43.418431,-22.829468]}},{"type":"Feature","properties":{"codigo_unidade":"0622202","nome":"CIEP GENERAL AUGUSTO CESAR SANDINO","tipo":"1","id_cre":6,"cod_territ":"6.18","logradouro":"OTACILIO PEDRO VASCO","bairro":"PARQUE ANCHIETA","cep":"21635380","fonte_geo":"unidades_unificadas"},"geometry":{"type":"Point","coordinates":[-43.415077,-22.835096]}},{"type":"Feature","properties":{"codigo_unidade":"0622203","nome":"CIEP OSWALD DE ANDRADE","tipo":"1","id_cre":6,"cod_territ":"6.17","logradouro":"PRAÇA ZELMA PEREIRA PAZ","bairro":"PARQUE ANCHIETA","cep":"21625460","fonte_geo":"unidades_unificadas"},"geometry":{"type":"Point","coordinates":[-43.398738,-22.832686]}},{"type":"Feature","properties":{"codigo_unidade":"0622204","nome":"CIEP JOÃO DO RIO","tipo":"1","id_cre":6,"cod_territ":"6.16","logradouro":"RUA PINHEIRO BITTENCOURT","bairro":"GUADALUPE","cep":"21675130","fonte_geo":"unidades_unificadas"},"geometry":{"type":"Point","coordinates":[-43.365558,-22.845029]}},{"type":"Feature","properties":{"codigo_unidade":"0622601","nome":"CM JOSÉ GOULART","tipo":"1","id_cre":6,"cod_territ":"6.13","logradouro":"RUA LUIZ CARLOS PRESTES","bairro":"ANCHIETA","cep":"21645370","fonte_geo":"unidades_unificadas"},"geometry":{"type":"Point","coordinates":[-43.394719,-22.827194]}},{"type":"Feature","properties":{"codigo_unidade":"0622602","nome":"CM SILVIO AMANCIO","tipo":"1","id_cre":6,"cod_territ":"6.14","logradouro":"RUA SEVERINO DE OLIVEIRA","bairro":"ANCHIETA","cep":"21645560","fonte_geo":"unidades_unificadas"},"geometry":{"type":"Point","coordinates":[-43.389133,-22.825833]}},{"type":"Feature","properties":{"codigo_unidade":"0622603","nome":"CM YARA AMARAL","tipo":"1","id_cre":6,"cod_territ":"6.12","logradouro":"RUA JOÃO ALFREDO DE FREITAS","bairro":"ANCHIETA","cep":"21655430","fonte_geo":"unidades_unificadas"},"geometry":{"type":"Point","coordinates":[-43.386506,-22.820067]}},{"type":"Feature","properties":{"codigo_unidade":"0622801","nome":"EDI ERNANI CARDOSO","tipo":"1","id_cre":6,"cod_territ":"6.15","logradouro":"RUA FRANCOLIM","bairro":"GUADALUPE","cep":"21660130","fonte_geo":"unidades_unificadas"},"geometry":{"type":"Point","coordinates":[-43.380765,-22.84031]}},{"type":"Feature","properties":{"codigo_unidade":"0622802","nome":"EDI PROFESSORA MILTOLINA DA SILVA","tipo":"1","id_cre":6,"cod_territ":"6.16","logradouro":"RUA JORNALISTA HERMANO REQUIÃO","bairro":"GUADALUPE","cep":"21670360","fonte_geo":"unidades_unificadas"},"geometry":{"type":"Point","coordinates":[-43.375531,-22.850418]}},{"type":"Feature","properties":{"codigo_unidade":"0622804","nome":"EDI MEDALHISTA PARALÍMPICO DANIEL MARTINS","tipo":"1","id_cre":6,"cod_territ":"6.13","logradouro":"RUA GENOVA","bairro":"RICARDO DE ALBUQUERQUE","cep":"21640190","fonte_geo":"unidades_unificadas"},"geometry":{"type":"Point","coordinates":[-43.393545,-22.834977]}},{"type":"Feature","properties":{"codigo_unidade":"0622805","nome":"EDI MEDALHISTA OLÍMPICO MAURÍCIO LUIZ DE SOUZA","tipo":"1","id_cre":6,"cod_territ":"6.18","logradouro":"RUA LEOPOLDINA BORGES","bairro":"ANCHIETA","cep":"21630240","fonte_geo":"unidades_unificadas"},"geometry":{"type":"Point","coordinates":[-43.41374,-22.822348]}},{"type":"Feature","properties":{"codigo_unidade":"0622809","nome":"EDI NORONHA SANTOS","tipo":"1","id_cre":6,"cod_territ":"6.17","logradouro":"RUA UMBUZEIRO","bairro":"RICARDO DE ALBUQUERQUE","cep":"21620610","fonte_geo":"unidades_unificadas"},"geometry":{"type":"Point","coordinates":[-43.40338,-22.8356]}},{"type":"Feature","properties":{"codigo_unidade":"0622810","nome":"EDI ANTÔNIO FRANCISCO LISBOA","tipo":"1","id_cre":6,"cod_territ":"6.15","logradouro":"RUA ENÉAS MARTINS","bairro":"GUADALUPE","cep":"21660320","fonte_geo":"unidades_unificadas"},"geometry":{"type":"Point","coordinates":[-43.376768,-22.832775]}},{"type":"Feature","properties":{"codigo_unidade":"0622811","nome":"EDI ABRAHAM LINCOLN","tipo":"1","id_cre":6,"cod_territ":"6.18","logradouro":"ESTRADA MARECHAL ALENCASTRO","bairro":"ANCHIETA","cep":"21625001","fonte_geo":"unidades_unificadas"},"geometry":{"type":"Point","coordinates":[-43.400039,-22.828934]}},{"type":"Feature","properties":{"codigo_unidade":"0625001","nome":"EM ALÍPIO MIRANDA RIBEIRO","tipo":"1","id_cre":6,"cod_territ":"6.11","logradouro":"RUA AGENOR PORTO","bairro":"COELHO NETO","cep":"21511490","fonte_geo":"unidades_unificadas"},"geometry":{"type":"Point","coordinates":[-43.358884,-22.836362]}},{"type":"Feature","properties":{"codigo_unidade":"0625003","nome":"EM MONTE CASTELO","tipo":"1","id_cre":6,"cod_territ":"6.7","logradouro":"RUA OUSELEY","bairro":"COELHO NETO","cep":"21530170","fonte_geo":"unidades_unificadas"},"geometry":{"type":"Point","coordinates":[-43.348729,-22.829413]}},{"type":"Feature","properties":{"codigo_unidade":"0625004","nome":"EM GENERAL OSÓRIO","tipo":"1","id_cre":6,"cod_territ":"6.7","logradouro":"AVENIDA BRASIL","bairro":"COELHO NETO","cep":"21530000","fonte_geo":"unidades_unificadas"},"geometry":{"type":"Point","coordinates":[-43.346603,-22.829025]}},{"type":"Feature","properties":{"codigo_unidade":"0625005","nome":"EM CHARLES ANDERSON WEAVER","tipo":"1","id_cre":6,"cod_territ":"6.7","logradouro":"RUA CARLOS PACHECO ÁVILA","bairro":"COELHO NETO","cep":"21530150","fonte_geo":"unidades_unificadas"},"geometry":{"type":"Point","coordinates":[-43.352312,-22.828761]}},{"type":"Feature","properties":{"codigo_unidade":"0625006","nome":"EM ERICO VERÍSSIMO","tipo":"1","id_cre":6,"cod_territ":"6.7","logradouro":"RUA BRIGADEIRO OVÍDIO BERALDO","bairro":"COELHO NETO","cep":"21530130","fonte_geo":"unidades_unificadas"},"geometry":{"type":"Point","coordinates":[-43.351839,-22.825035]}},{"type":"Feature","properties":{"codigo_unidade":"0625008","nome":"EM VIRGILIO FRANCISCO MONTEIRO","tipo":"1","id_cre":6,"cod_territ":"6.7","logradouro":"RUA ENDER","bairro":"COELHO NETO","cep":"21530160","fonte_geo":"unidades_unificadas"},"geometry":{"type":"Point","coordinates":[-43.353012,-22.826914]}},{"type":"Feature","properties":{"codigo_unidade":"0625009","nome":"EM CORNÉLIO PENA","tipo":"1","id_cre":6,"cod_territ":"6.3","logradouro":"AVENIDA BRASIL","bairro":"COELHO NETO","cep":"21530000","fonte_geo":"unidades_unificadas"},"geometry":{"type":"Point","coordinates":[-43.339425,-22.825856]}},{"type":"Feature","properties":{"codigo_unidade":"0625010","nome":"CM PIONEIRAS SOCIAIS 04","tipo":"4","id_cre":null,"cod_territ":null,"logradouro":null,"bairro":null,"cep":null,"fonte_geo":"ausente"},"geometry":null},{"type":"Feature","properties":{"codigo_unidade":"0625011","nome":"EM PROFESSOR ESCRAGNOLLE DÓRIA","tipo":"1","id_cre":6,"cod_territ":"6.6","logradouro":"RUA GIL EANES","bairro":"PAVUNA","cep":"21532210","fonte_geo":"unidades_unificadas"},"geometry":{"type":"Point","coordinates":[-43.361901,-22.820878]}},{"type":"Feature","properties":{"codigo_unidade":"0625013","nome":"EM FERNANDO RODRIGUES DA SILVEIRA","tipo":"1","id_cre":6,"cod_territ":"6.10","logradouro":"RUA JOSÉ DA CRUZ RAJO","bairro":"BARROS FILHO","cep":"21650220","fonte_geo":"unidades_unificadas"},"geometry":{"type":"Point","coordinates":[-43.370807,-22.82702]}},{"type":"Feature","properties":{"codigo_unidade":"0625014","nome":"EM ALBERTO JOSÉ SAMPAIO","tipo":"1","id_cre":6,"cod_territ":"6.4","logradouro":"RUA INHUMAI","bairro":"PAVUNA","cep":"21520250","fonte_geo":"unidades_unificadas"},"geometry":{"type":"Point","coordinates":[-43.372344,-22.808085]}},{"type":"Feature","properties":{"codigo_unidade":"0625015","nome":"EM MAX FLEIUSS","tipo":"1","id_cre":6,"cod_territ":"6.4","logradouro":"PRAÇA NOSSA SENHORA DAS DORES","bairro":"PAVUNA","cep":"21520300","fonte_geo":"unidades_unificadas"},"geometry":{"type":"Point","coordinates":[-43.37045,-22.808779]}},{"type":"Feature","properties":{"codigo_unidade":"0625016","nome":"EM MESTRE VALENTIM","tipo":"1","id_cre":6,"cod_territ":"6.4","logradouro":"RUA JORNALISTA MÁRIO LISBOA","bairro":"ANCHIETA","cep":"21655460","fonte_geo":"unidades_unificadas"},"geometry":{"type":"Point","coordinates":[-43.386055,-22.817116]}},{"type":"Feature","properties":{"codigo_unidade":"0625017","nome":"EM GRANDJEAN DE MONTIGNY","tipo":"1","id_cre":6,"cod_territ":"6.4","logradouro":"PRAÇA UCRANIANOS","bairro":"PAVUNA","cep":"21650480","fonte_geo":"unidades_unificadas"},"geometry":{"type":"Point","coordinates":[-43.373926,-22.81389]}},{"type":"Feature","properties":{"codigo_unidade":"0625018","nome":"EM COMANDANTE ARNALDO VARELLA","tipo":"1","id_cre":6,"cod_territ":"6.4","logradouro":"AVENIDA CHRISÓSTOMO PIMENTEL DE OLIVEIRA","bairro":"PAVUNA","cep":"21650001","fonte_geo":"unidades_unificadas"},"geometry":{"type":"Point","coordinates":[-43.376635,-22.81322]}},{"type":"Feature","properties":{"codigo_unidade":"0625019","nome":"EM ESCULTOR LEÃO VELLOSO","tipo":"1","id_cre":6,"cod_territ":"6.5","logradouro":"RUA DOUTOR JOSÉ THOMAS","bairro":"PAVUNA","cep":"21520020","fonte_geo":"unidades_unificadas"},"geometry":{"type":"Point","coordinates":[-43.360953,-22.81617]}},{"type":"Feature","properties":{"codigo_unidade":"0625020","nome":"EM ARTUR AZEVEDO","tipo":"1","id_cre":6,"cod_territ":"6.1","logradouro":"AVENIDA SARGENTO ANTÔNIO ERNESTO","bairro":"PAVUNA","cep":"21520460","fonte_geo":"unidades_unificadas"},"geometry":{"type":"Point","coordinates":[-43.356661,-22.810246]}},{"type":"Feature","properties":{"codigo_unidade":"0625021","nome":"EM OCTAVIO TARQUINIO DE SOUZA","tipo":"1","id_cre":6,"cod_territ":"6.1","logradouro":"RUA SARGENTO ANTONIO ERNESTO","bairro":"PAVUNA","cep":"21520460","fonte_geo":"unidades_unificadas"},"geometry":{"type":"Point","coordinates":[-43.357211,-22.810432]}},{"type":"Feature","properties":{"codigo_unidade":"0625022","nome":"EM MANUEL DE ABREU","tipo":"1","id_cre":6,"cod_territ":"6.1","logradouro":"RUA AUTA DE SOUSA","bairro":"PAVUNA","cep":"21525530","fonte_geo":"unidades_unificadas"},"geometry":{"type":"Point","coordinates":[-43.357022,-22.803602]}},{"type":"Feature","properties":{"codigo_unidade":"0625023","nome":"EM THOMAS JEFFERSON","tipo":"1","id_cre":6,"cod_territ":"6.2","logradouro":"AVENIDA PST MARTIN L K JR","bairro":"ACARI","cep":"21530014","fonte_geo":"unidades_unificadas"},"geometry":{"type":"Point","coordinates":[-43.352399,-22.819797]}},{"type":"Feature","properties":{"codigo_unidade":"0625024","nome":"EM ALEXANDRE DE GUSMÃO","tipo":"1","id_cre":6,"cod_territ":"6.2","logradouro":"RUA FAUSTO E CASTRO","bairro":"PARQUE COLÚMBIA","cep":"21535130","fonte_geo":"unidades_unificadas"},"geometry":{"type":"Point","coordinates":[-43.33965,-22.816277]}},{"type":"Feature","properties":{"codigo_unidade":"0625025","nome":"EM OTÁVIO KELLY","tipo":"1","id_cre":6,"cod_territ":"6.1","logradouro":"PRAÇA ENIO","bairro":"PAVUNA","cep":"21520410","fonte_geo":"unidades_unificadas"},"geometry":{"type":"Point","coordinates":[-43.358059,-22.807948]}},{"type":"Feature","properties":{"codigo_unidade":"0625026","nome":"EM EUGENIA DUTRA HAMANN","tipo":"1","id_cre":6,"cod_territ":"6.1","logradouro":"RUA BELÉM DA CACHOEIRA","bairro":"PAVUNA","cep":"21521330","fonte_geo":"unidades_unificadas"},"geometry":{"type":"Point","coordinates":[-43.352625,-22.817215]}},{"type":"Feature","properties":{"codigo_unidade":"0625027","nome":"EM ANDREA FONTES PEIXOTO","tipo":"1","id_cre":6,"cod_territ":"6.2","logradouro":"RUA FAUSTO E CASTRO","bairro":"PARQUE COLÚMBIA","cep":"21535130","fonte_geo":"unidades_unificadas"},"geometry":{"type":"Point","coordinates":[-43.340149,-22.81631]}},{"type":"Feature","properties":{"codigo_unidade":"0625028","nome":"EM DEPUTADO HILTON GAMA","tipo":"1","id_cre":6,"cod_territ":"6.1","logradouro":"PRAÇA ÊNIO","bairro":"PAVUNA","cep":"21520410","fonte_geo":"unidades_unificadas"},"geometry":{"type":"Point","coordinates":[-43.357756,-22.807806]}},{"type":"Feature","properties":{"codigo_unidade":"0625029","nome":"EM JOSÉ PEDRO VARELA","tipo":"1","id_cre":6,"cod_territ":"6.5","logradouro":"PRAÇA CAMPOS DO JORDÃO","bairro":"PAVUNA","cep":"21532140","fonte_geo":"unidades_unificadas"},"geometry":{"type":"Point","coordinates":[-43.360742,-22.81878]}},{"type":"Feature","properties":{"codigo_unidade":"0625030","nome":"EM TELÊMACO GONÇALVES MAIA","tipo":"1","id_cre":6,"cod_territ":"6.1","logradouro":"PRAÇA ENIO","bairro":"PAVUNA","cep":"21520410","fonte_geo":"unidades_unificadas"},"geometry":{"type":"Point","coordinates":[-43.358655,-22.806871]}},{"type":"Feature","properties":{"codigo_unidade":"0625031","nome":"EM LEVY MIRANDA","tipo":"1","id_cre":6,"cod_territ":"6.4","logradouro":"RUA IGUABA GRANDE","bairro":"PAVUNA","cep":"21655340","fonte_geo":"unidades_unificadas"},"geometry":{"type":"Point","coordinates":[-43.377622,-22.815324]}},{"type":"Feature","properties":{"codigo_unidade":"0625032","nome":"EM ALZIRO ZARUR","tipo":"1","id_cre":6,"cod_territ":"6.4","logradouro":"RUA DORES DO TURVO","bairro":"PAVUNA","cep":"21655220","fonte_geo":"unidades_unificadas"},"geometry":{"type":"Point","coordinates":[-43.378914,-22.817344]}},{"type":"Feature","properties":{"codigo_unidade":"0625033","nome":"EM ZILDA NUNES DA COSTA","tipo":"1","id_cre":6,"cod_territ":"6.8","logradouro":"RUA IGUABA GRANDE","bairro":"PAVUNA","cep":"21655340","fonte_geo":"unidades_unificadas"},"geometry":{"type":"Point","coordinates":[-43.372764,-22.817743]}},{"type":"Feature","properties":{"codigo_unidade":"0625034","nome":"EM MOTORISTA PASCHOAL ANDRÉ","tipo":"1","id_cre":6,"cod_territ":"6.8","logradouro":"PRAÇA SOLDADO RUBEM GALVÃO","bairro":"PAVUNA","cep":"21650490","fonte_geo":"unidades_unificadas"},"geometry":{"type":"Point","coordinates":[-43.377465,-22.820066]}},{"type":"Feature","properties":{"codigo_unidade":"0625035","nome":"EM PREFEITO MARCOS TAMOYO","tipo":"1","id_cre":6,"cod_territ":"6.5","logradouro":"RUA ARY VILLAR","bairro":"PAVUNA","cep":"21520860","fonte_geo":"unidades_unificadas"},"geometry":{"type":"Point","coordinates":[-43.364677,-22.815695]}},{"type":"Feature","properties":{"codigo_unidade":"0625041","nome":"EM JORNALISTA E ESCRITOR DANIEL PIZA","tipo":"1","id_cre":6,"cod_territ":"6.7","logradouro":"AV . PREFEITO SÁ LESSA","bairro":"COELHO NETO","cep":"21530140","fonte_geo":"unidades_unificadas"},"geometry":{"type":"Point","coordinates":[-43.353629,-22.823838]}},{"type":"Feature","properties":{"codigo_unidade":"0625042","nome":"EM TEMISTOCLES DALMÁCIO PEREIRA","tipo":"1","id_cre":6,"cod_territ":"6.10","logradouro":"\" ESTRADA ALMIRANTE SANTIAGO DANTAS \"","bairro":"BARROS FILHO","cep":"21665210","fonte_geo":"unidades_unificadas"},"geometry":{"type":"Point","coordinates":[-43.367946,-22.833294]}},{"type":"Feature","properties":{"codigo_unidade":"0625204","nome":"CIEP RUBENS GOMES","tipo":"1","id_cre":6,"cod_territ":"6.10","logradouro":"RUA MESTRE MACEDO","bairro":"COSTA BARROS","cep":"21650310","fonte_geo":"unidades_unificadas"},"geometry":{"type":"Point","coordinates":[-43.368571,-22.826164]}},{"type":"Feature","properties":{"codigo_unidade":"0625205","nome":"CIEP ANTONIO CANDEIA FILHO","tipo":"1","id_cre":6,"cod_territ":"5.4","logradouro":"AVENIDA BRASIL","bairro":"COELHO NETO","cep":"21530000","fonte_geo":"unidades_unificadas"},"geometry":{"type":"Point","coordinates":[-43.344307,-22.828922]}},{"type":"Feature","properties":{"codigo_unidade":"0625206","nome":"CIEP ANTON MAKARENKO","tipo":"1","id_cre":6,"cod_territ":"6.5","logradouro":"ESTRADA DE BOTAFOGO","bairro":"COSTA BARROS","cep":"21532200","fonte_geo":"unidades_unificadas"},"geometry":{"type":"Point","coordinates":[-43.368899,-22.821543]}},{"type":"Feature","properties":{"codigo_unidade":"0625501","nome":"CIEP DOUTOR ADÃO PEREIRA NUNES","tipo":"1","id_cre":6,"cod_territ":"6.3","logradouro":"AVENIDA BRASIL","bairro":"IRAJÁ","cep":"21530000","fonte_geo":"unidades_unificadas"},"geometry":{"type":"Point","coordinates":[-43.337397,-22.825423]}},{"type":"Feature","properties":{"codigo_unidade":"0625502","nome":"CIEP ZUMBI DOS PALMARES","tipo":"1","id_cre":6,"cod_territ":"6.7","logradouro":"RUA ARNALDO GUINLE","bairro":"COELHO NETO","cep":"21530020","fonte_geo":"unidades_unificadas"},"geometry":{"type":"Point","coordinates":[-43.356111,-22.826621]}},{"type":"Feature","properties":{"codigo_unidade":"0625503","nome":"CIEP GLAUBER ROCHA","tipo":"1","id_cre":6,"cod_territ":"6.1","logradouro":"RUA FREI VICENTE","bairro":"PAVUNA","cep":"21520470","fonte_geo":"unidades_unificadas"},"geometry":{"type":"Point","coordinates":[-43.354101,-22.810605]}},{"type":"Feature","properties":{"codigo_unidade":"0625601","nome":"CM OS SABIDINHOS","tipo":"1","id_cre":6,"cod_territ":"6.2","logradouro":"RUA ALFONSO ORTIZ TIRADO","bairro":"PARQUE COLÚMBIA","cep":"21535320","fonte_geo":"unidades_unificadas"},"geometry":{"type":"Point","coordinates":[-43.344044,-22.812409]}},{"type":"Feature","properties":{"codigo_unidade":"0625602","nome":"CM PROFESSORA JUREMA GOMES SAMPAIO DELFIM","tipo":"1","id_cre":6,"cod_territ":"6.6","logradouro":"Rua Rainha da Paz","bairro":"COSTA BARROS","cep":"21531991","fonte_geo":"unidades_unificadas"},"geometry":{"type":"Point","coordinates":[-43.35957,-22.822051]}},{"type":"Feature","properties":{"codigo_unidade":"0625603","nome":"CM DR. ALBERT SABIN","tipo":"1","id_cre":6,"cod_territ":"6.10","logradouro":"\"ESTRADA DO CAMBOATA \"","bairro":"COSTA BARROS","cep":"21650100","fonte_geo":"unidades_unificadas"},"geometry":{"type":"Point","coordinates":[-43.370787,-22.829398]}},{"type":"Feature","properties":{"codigo_unidade":"0625604","nome":"CM HERBERT DE SOUZA - BETINHO","tipo":"1","id_cre":6,"cod_territ":"6.7","logradouro":"RUA MACABU","bairro":"COELHO NETO","cep":"21510540","fonte_geo":"unidades_unificadas"},"geometry":{"type":"Point","coordinates":[-43.348239,-22.83664]}},{"type":"Feature","properties":{"codigo_unidade":"0625605","nome":"CM LUÍS CARLOS PRESTES","tipo":"1","id_cre":6,"cod_territ":"6.4","logradouro":"RUA BRITÂNIA","bairro":"PAVUNA","cep":"21655140","fonte_geo":"unidades_unificadas"},"geometry":{"type":"Point","coordinates":[-43.379834,-22.818729]}},{"type":"Feature","properties":{"codigo_unidade":"0625606","nome":"CM LUÍS DE SOUZA DA COSTA BARROS","tipo":"1","id_cre":6,"cod_territ":"6.5","logradouro":"ESTRADA DE BOTAFOGO","bairro":"COSTA BARROS","cep":"21532200","fonte_geo":"unidades_unificadas"},"geometry":{"type":"Point","coordinates":[-43.365549,-22.820707]}},{"type":"Feature","properties":{"codigo_unidade":"0625607","nome":"CM LUIZA DE BARROS DE SÁ FREIRE","tipo":"1","id_cre":6,"cod_territ":"6.6","logradouro":"\"ESTR DE BOTAFOGO \"","bairro":"COSTA BARROS","cep":"21525000","fonte_geo":"unidades_unificadas"},"geometry":{"type":"Point","coordinates":[-43.361921,-22.81981]}},{"type":"Feature","properties":{"codigo_unidade":"0625608","nome":"CM MAJOR CELESTINO R. DOS SANTOS","tipo":"1","id_cre":6,"cod_territ":"6.3","logradouro":"\" AVENIDA BRASIL\"","bairro":"COELHO NETO","cep":"21530000","fonte_geo":"unidades_unificadas"},"geometry":{"type":"Point","coordinates":[-43.338803,-22.826122]}},{"type":"Feature","properties":{"codigo_unidade":"0625609","nome":"CM SÔNIA MARIA DE M. ANGEL JONES","tipo":"1","id_cre":6,"cod_territ":"6.1","logradouro":"ACESSO CALDENSE","bairro":"PAVUNA","cep":"21520710","fonte_geo":"unidades_unificadas"},"geometry":{"type":"Point","coordinates":[-43.353119,-22.813466]}},{"type":"Feature","properties":{"codigo_unidade":"0625610","nome":"CM ZUZU ANGEL","tipo":"1","id_cre":6,"cod_territ":"5.9","logradouro":"\"PRAÇA  ZUINARA                         \"","bairro":"COLÉGIO","cep":"21545330","fonte_geo":"unidades_unificadas"},"geometry":{"type":"Point","coordinates":[-43.343128,-22.838585]}},{"type":"Feature","properties":{"codigo_unidade":"0625611","nome":"CM ZILKA SALABERRY","tipo":"1","id_cre":6,"cod_territ":"6.19","logradouro":"RUA PIRACAMBU","bairro":"ACARI","cep":"21535020","fonte_geo":"unidades_unificadas"},"geometry":{"type":"Point","coordinates":[-43.345692,-22.824265]}},{"type":"Feature","properties":{"codigo_unidade":"0625612","nome":"CM YEDDA MARQUES LAMOUNIER DE ANDRADE MACIEL","tipo":"1","id_cre":6,"cod_territ":"6.19","logradouro":"RUA OLARIA","bairro":"ACARI","cep":"21531090","fonte_geo":"unidades_unificadas"},"geometry":{"type":"Point","coordinates":[-43.34295,-22.826136]}},{"type":"Feature","properties":{"codigo_unidade":"0625613","nome":"CM BERÇO DO FUTURO","tipo":"4","id_cre":null,"cod_territ":null,"logradouro":null,"bairro":null,"cep":null,"fonte_geo":"ausente"},"geometry":null},{"type":"Feature","properties":{"codigo_unidade":"0625614","nome":"CM SIMONE DE BEAUVOIR","tipo":"1","id_cre":6,"cod_territ":"6.5","logradouro":"\" RUA SERGIO DE SIQUEIRA MACEDO\"","bairro":"PAVUNA","cep":"21510640","fonte_geo":"unidades_unificadas"},"geometry":{"type":"Point","coordinates":[-43.367493,-22.814685]}},{"type":"Feature","properties":{"codigo_unidade":"0625615","nome":"CM EDNA LOTTE","tipo":"1","id_cre":6,"cod_territ":"6.3","logradouro":"RUA COMPOSITOR MANOEL EUZÉBIO","bairro":"ACARI","cep":"21531302","fonte_geo":"unidades_unificadas"},"geometry":{"type":"Point","coordinates":[-43.339125,-22.823514]}},{"type":"Feature","properties":{"codigo_unidade":"0625616","nome":"CM PROFESSOR ROGÉRIO PEDRO BATISTA","tipo":"1","id_cre":6,"cod_territ":"6.7","logradouro":"RUA CRISTÓVÃO XAVIER LOPES","bairro":"COELHO NETO","cep":"21530120","fonte_geo":"unidades_unificadas"},"geometry":{"type":"Point","coordinates":[-43.352297,-22.825477]}},{"type":"Feature","properties":{"codigo_unidade":"0625701","nome":"CENTRO DE EDUCAÇÃO DE JOVENS E ADULTOS CEJA - ACARI","tipo":"1","id_cre":6,"cod_territ":"6.7","logradouro":"RUA OUSELEY","bairro":"COELHO NETO","cep":"21530170","fonte_geo":"unidades_unificadas"},"geometry":{"type":"Point","coordinates":[-43.349227,-22.828684]}},{"type":"Feature","properties":{"codigo_unidade":"0625801","nome":"EDI PROFESSORA ROSENICE ROCHA ROQUE","tipo":"1","id_cre":6,"cod_territ":"6.10","logradouro":"RUA MARGEM DA LINHA","bairro":"BARROS FILHO","cep":"21660500","fonte_geo":"unidades_unificadas"},"geometry":{"type":"Point","coordinates":[-43.367654,-22.838141]}},{"type":"Feature","properties":{"codigo_unidade":"0625802","nome":"EDI WESLEY GUILBER RODRIGUES DE ANDRADE","tipo":"1","id_cre":6,"cod_territ":"6.5","logradouro":"\"ESTRADA DE BOTAFOGO \"","bairro":"COSTA BARROS","cep":"21532200","fonte_geo":"unidades_unificadas"},"geometry":{"type":"Point","coordinates":[-43.368983,-22.820877]}},{"type":"Feature","properties":{"codigo_unidade":"0625803","nome":"EDI PROFESSORA BEATRIZ DE SOUZA MADEIRA","tipo":"1","id_cre":6,"cod_territ":"6.9","logradouro":"\" RUA DARWIN BRANDÃO\"","bairro":"COSTA BARROS","cep":"21515210","fonte_geo":"unidades_unificadas"},"geometry":{"type":"Point","coordinates":[-43.361693,-22.823882]}},{"type":"Feature","properties":{"codigo_unidade":"0625804","nome":"EDI PROFESSORA HELIA LÚCIA MORENO FERREIRA","tipo":"1","id_cre":6,"cod_territ":"6.6","logradouro":"\"RUA GIL EANES \"","bairro":"PAVUNA","cep":"21532210","fonte_geo":"unidades_unificadas"},"geometry":{"type":"Point","coordinates":[-43.361933,-22.821307]}},{"type":"Feature","properties":{"codigo_unidade":"0625805","nome":"EDI FIRMINO COSTA","tipo":"1","id_cre":6,"cod_territ":"6.11","logradouro":"PRAÇA ROCHA VAZ","bairro":"COELHO NETO","cep":"21511480","fonte_geo":"unidades_unificadas"},"geometry":{"type":"Point","coordinates":[-43.359633,-22.835748]}},{"type":"Feature","properties":{"codigo_unidade":"0625806","nome":"EDI ANA DE BARROS CÂMARA","tipo":"1","id_cre":6,"cod_territ":"6.7","logradouro":"RUA THEREMIN","bairro":"COELHO NETO","cep":"21530290","fonte_geo":"unidades_unificadas"},"geometry":{"type":"Point","coordinates":[-43.348681,-22.82858]}},{"type":"Feature","properties":{"codigo_unidade":"0625807","nome":"EDI FROTA PESSOA","tipo":"1","id_cre":6,"cod_territ":"6.8","logradouro":"RUA ACATAIA","bairro":"COSTA BARROS","cep":"21650510","fonte_geo":"unidades_unificadas"},"geometry":{"type":"Point","coordinates":[-43.373274,-22.823909]}},{"type":"Feature","properties":{"codigo_unidade":"0625808","nome":"EDI DEPUTADO PEDRO FERNANDES FILHO","tipo":"1","id_cre":6,"cod_territ":"6.7","logradouro":"RUA ENDER","bairro":"COELHO NETO","cep":"21530160","fonte_geo":"unidades_unificadas"},"geometry":{"type":"Point","coordinates":[-43.352911,-22.827186]}},{"type":"Feature","properties":{"codigo_unidade":"0625809","nome":"EDI SEBASTIÃO TAVARES DO NASCIMENTO","tipo":"1","id_cre":6,"cod_territ":"6.6","logradouro":"RUA RUA NOSSA SENHORA DO AMPARO","bairro":"PAVUNA","cep":"21532680","fonte_geo":"unidades_unificadas"},"geometry":{"type":"Point","coordinates":[-43.360768,-22.821493]}},{"type":"Feature","properties":{"codigo_unidade":"0625810","nome":"EDI PROFESSORA MARISE GARCIA MIRANDA","tipo":"1","id_cre":6,"cod_territ":"6.1","logradouro":"ALAMEDA 26 DOS CANÁRIOS","bairro":"PAVUNA","cep":"21521380","fonte_geo":"unidades_unificadas"},"geometry":{"type":"Point","coordinates":[-43.354086,-22.817137]}},{"type":"Feature","properties":{"codigo_unidade":"0625811","nome":"EDI ANA MARIA CRISTINA MARQUES RIBEIRO","tipo":"1","id_cre":6,"cod_territ":"6.7","logradouro":"RUA GENÉSIO PIRES","bairro":"COELHO NETO","cep":"21530060","fonte_geo":"unidades_unificadas"},"geometry":{"type":"Point","coordinates":[-43.352448,-22.829418]}},{"type":"Feature","properties":{"codigo_unidade":"0625812","nome":"EDI AMARELINHO","tipo":"1","id_cre":6,"cod_territ":"6.3","logradouro":"AVENIDA BRASIL","bairro":"COELHO NETO","cep":"21530000","fonte_geo":"unidades_unificadas"},"geometry":{"type":"Point","coordinates":[-43.339274,-22.826098]}},{"type":"Feature","properties":{"codigo_unidade":"0625813","nome":"EDI PROFESSORA GRACÍLIA ROSA DE BELÉM MAYOR","tipo":"1","id_cre":6,"cod_territ":"6.5","logradouro":"\"RUA CAPITÃO GOUVEIA \"","bairro":"PAVUNA","cep":"21520030","fonte_geo":"unidades_unificadas"},"geometry":{"type":"Point","coordinates":[-43.364913,-22.812382]}},{"type":"Feature","properties":{"codigo_unidade":"0625813","nome":"EDI PROFESSORA GRACÍLIA ROSA DE BELÉM MAYOR","tipo":"3","id_cre":6,"cod_territ":"6.5","logradouro":null,"bairro":null,"cep":null,"fonte_geo":"unidades_unificadas"},"geometry":{"type":"Point","coordinates":[-43.364913,-22.812382]}},{"type":"Feature","properties":{"codigo_unidade":"0625814","nome":"EDI PROFESSORA ROSEANE VASCONCELOS","tipo":"1","id_cre":6,"cod_territ":"6.10","logradouro":"\" ESTRADA ALMIRANTE SANTIAGO DANTAS \"","bairro":"BARROS FILHO","cep":"21665210","fonte_geo":"unidades_unificadas"},"geometry":{"type":"Point","coordinates":[-43.367418,-22.83288]}},{"type":"Feature","properties":{"codigo_unidade":"0625815","nome":"EDI PROFESSORA KRISTINA ROMOLO KIFFER","tipo":"1","id_cre":6,"cod_territ":"6.7","logradouro":"RUA PROJETADA","bairro":"ACARI","cep":"21530180","fonte_geo":"unidades_unificadas"},"geometry":{"type":"Point","coordinates":[-43.353838,-22.823448]}},{"type":"Feature","properties":{"codigo_unidade":"0625816","nome":"EDI PROFESSORA REGINA CELI RABELO DE ALMEIDA","tipo":"1","id_cre":6,"cod_territ":"6.1","logradouro":"RUA JOSE JOAQUIM  FERREIRA","bairro":"PAVUNA","cep":"21525830","fonte_geo":"unidades_unificadas"},"geometry":{"type":"Point","coordinates":[-43.355257,-22.814742]}},{"type":"Feature","properties":{"codigo_unidade":"0625817","nome":"EDI PROFESSORA DANIELE SIMÕES DE SOUZA LOPES","tipo":"1","id_cre":6,"cod_territ":"6.7","logradouro":"\" AV. PASTOR MARTIN LUTHER KING JUNIOR\"","bairro":"PAVUNA","cep":"21520001","fonte_geo":"unidades_unificadas"},"geometry":{"type":"Point","coordinates":[-43.35212,-22.820559]}},{"type":"Feature","properties":{"codigo_unidade":"0625818","nome":"EDI MARIA EUGENIA CANELHAS","tipo":"1","id_cre":6,"cod_territ":"6.8","logradouro":"R MONSENHOR LADEIRA","bairro":"\"PAVUNA \"","cep":"21650330","fonte_geo":"unidades_unificadas"},"geometry":{"type":"Point","coordinates":[-43.372226,-22.816734]}},{"type":"Feature","properties":{"codigo_unidade":"0625819","nome":"EDI MARIZA ALVES PIMENTA","tipo":"1","id_cre":6,"cod_territ":"6.8","logradouro":"RUA TOCANTINS","bairro":"PAVUNA","cep":"21650330","fonte_geo":"unidades_unificadas"},"geometry":{"type":"Point","coordinates":[-43.377041,-22.81986]}},{"type":"Feature","properties":{"codigo_unidade":"0625820","nome":"EDI BETH CARVALHO","tipo":"1","id_cre":6,"cod_territ":"6.5","logradouro":"RUA BRÁS CUBAS","bairro":"PAVUNA","cep":"21520051","fonte_geo":"unidades_unificadas"},"geometry":{"type":"Point","coordinates":[-43.36713,-22.81084]}},{"type":"Feature","properties":{"codigo_unidade":"07001","nome":"CP CRECHE NOVO PALMARES","tipo":"1","id_cre":null,"cod_territ":null,"logradouro":"\"RUA IPÊ MIRIM \"","bairro":"VARGRM PEQUENA","cep":"22783409","fonte_geo":"ausente"},"geometry":null},{"type":"Feature","properties":{"codigo_unidade":"07002","nome":"CP CRECHE CANTINHO FELIZ","tipo":"1","id_cre":null,"cod_territ":null,"logradouro":"\"ESTR VEREADOR ALCEU DE CARVALHO \"","bairro":"VARGEM GRANDE","cep":"22787620","fonte_geo":"ausente"},"geometry":null},{"type":"Feature","properties":{"codigo_unidade":"07003","nome":"CP CRECHE ESCOLA MÃE ASTÉRIA","tipo":"1","id_cre":null,"cod_territ":null,"logradouro":"ESTRADA DA BOIÚNA","bairro":"BOIÚNA/TAQUARA","cep":"22723021","fonte_geo":"ausente"},"geometry":null},{"type":"Feature","properties":{"codigo_unidade":"07004","nome":"CP CASA EMILIEN LACAY","tipo":"1","id_cre":null,"cod_territ":null,"logradouro":"RUA EDGARD WERNECK","bairro":"FREGUESIA (JACAREPAGUÁ)","cep":"22763197","fonte_geo":"ausente"},"geometry":null},{"type":"Feature","properties":{"codigo_unidade":"07005","nome":"CP VILA AMIZADE","tipo":"4","id_cre":null,"cod_territ":null,"logradouro":null,"bairro":null,"cep":null,"fonte_geo":"ausente"},"geometry":null},{"type":"Feature","properties":{"codigo_unidade":"07006","nome":"CP PADRE GILSON","tipo":"4","id_cre":null,"cod_territ":null,"logradouro":null,"bairro":null,"cep":null,"fonte_geo":"ausente"},"geometry":null},{"type":"Feature","properties":{"codigo_unidade":"07007","nome":"CP SEMENTE DE AMOR","tipo":"1","id_cre":null,"cod_territ":null,"logradouro":"RUA EDGARD WERNECK","bairro":"FREGUESIA/JACAREPAGUÁ","cep":"22763167","fonte_geo":"ausente"},"geometry":null},{"type":"Feature","properties":{"codigo_unidade":"07008","nome":"CP CRECHE SÃO PAULO APÓSTOLO","tipo":"1","id_cre":null,"cod_territ":null,"logradouro":"\"RUA 1 \"","bairro":"PRAÇA SECA","cep":"22733000","fonte_geo":"ausente"},"geometry":null},{"type":"Feature","properties":{"codigo_unidade":"07009","nome":"CP LAR PEDRO RICHARD","tipo":"4","id_cre":null,"cod_territ":null,"logradouro":null,"bairro":null,"cep":null,"fonte_geo":"ausente"},"geometry":null},{"type":"Feature","properties":{"codigo_unidade":"07010","nome":"CP CRECHE NOVA ESPERANÇA","tipo":"1","id_cre":null,"cod_territ":null,"logradouro":"RUA TIROL","bairro":"FREGUESIA (JACAREPAGUÁ)","cep":"22750002","fonte_geo":"ausente"},"geometry":null},{"type":"Feature","properties":{"codigo_unidade":"07011","nome":"CP CRECHE RITA ALEXANDRINA FERREIRA","tipo":"1","id_cre":null,"cod_territ":null,"logradouro":"RUA SERVIDÃO","bairro":"RECREIO DOS BANDEIRANTES","cep":"22796360","fonte_geo":"ausente"},"geometry":null},{"type":"Feature","properties":{"codigo_unidade":"07012","nome":"CP CASA DE SÃO FRANCISCO - IBISS","tipo":"4","id_cre":null,"cod_territ":null,"logradouro":null,"bairro":null,"cep":null,"fonte_geo":"ausente"},"geometry":null},{"type":"Feature","properties":{"codigo_unidade":"07013","nome":"CP ESPAÇO DE EDUCAÇÃO INFANTIL CIDADE DE DEUS","tipo":"1","id_cre":null,"cod_territ":null,"logradouro":"\" AV CIDADE DE DEUS\"","bairro":"CIDADE DE DEUS","cep":"22773200","fonte_geo":"ausente"},"geometry":null},{"type":"Feature","properties":{"codigo_unidade":"07014","nome":"CP CENTRO INTEGRADO SÃO JOSÉ","tipo":"1","id_cre":null,"cod_territ":null,"logradouro":"\" R. EDGARD WERNECK\"","bairro":"CIDADE DE DEUS","cep":"22763011","fonte_geo":"ausente"},"geometry":null},{"type":"Feature","properties":{"codigo_unidade":"07015","nome":"CP CRECHE CANTINHO FELIZ II","tipo":"1","id_cre":null,"cod_territ":null,"logradouro":"PRAÇA VARGEM GRANDE","bairro":"VARGEM GRANDE","cep":"22785620","fonte_geo":"ausente"},"geometry":null},{"type":"Feature","properties":{"codigo_unidade":"07016","nome":"CP PARÓQUIA DE SÃO MARCOS","tipo":"4","id_cre":null,"cod_territ":null,"logradouro":null,"bairro":null,"cep":null,"fonte_geo":"ausente"},"geometry":null},{"type":"Feature","properties":{"codigo_unidade":"07017","nome":"CP CRECHE RAIMUNDA NONATA DA SILVA","tipo":"1","id_cre":null,"cod_territ":null,"logradouro":"\"AV CELIA RIBEIRO DA SILVA MENDES \"","bairro":"RECREIO DOS BANDEIRANTES","cep":"22790711","fonte_geo":"ausente"},"geometry":null},{"type":"Feature","properties":{"codigo_unidade":"07018","nome":"CP CRECHE SANT ANA IRMÃ ANCILA","tipo":"1","id_cre":null,"cod_territ":null,"logradouro":"\" RUA GODOFREDO VIANA\"","bairro":"TANQUE","cep":"22730020","fonte_geo":"ausente"},"geometry":null},{"type":"Feature","properties":{"codigo_unidade":"07019","nome":"CP JARDIM ESCOLA TURMINHA DA ARCA - JETA","tipo":"1","id_cre":null,"cod_territ":null,"logradouro":"AV. ISABEL DOMINGUES","bairro":"GARDENIA AZUL","cep":"22763627","fonte_geo":"ausente"},"geometry":null},{"type":"Feature","properties":{"codigo_unidade":"07020","nome":"CP JARDIM ESCOLA CRESCENDO E APRENDENDO","tipo":"1","id_cre":null,"cod_territ":null,"logradouro":"AV DAS LAGOAS","bairro":"GARDENIA AZUL","cep":"22765455","fonte_geo":"ausente"},"geometry":null},{"type":"Feature","properties":{"codigo_unidade":"07021","nome":"CP CENTRO EDUCACIONAL DIAS FERREIRA","tipo":"4","id_cre":null,"cod_territ":null,"logradouro":null,"bairro":null,"cep":null,"fonte_geo":"ausente"},"geometry":null},{"type":"Feature","properties":{"codigo_unidade":"07022","nome":"CP CRECHE SOCIAL ESTRELINHA","tipo":"4","id_cre":null,"cod_territ":null,"logradouro":null,"bairro":null,"cep":null,"fonte_geo":"ausente"},"geometry":null},{"type":"Feature","properties":{"codigo_unidade":"07023","nome":"CP CRECHE E PRÉ-ESCOLA MARIA MANUELA","tipo":"4","id_cre":null,"cod_territ":null,"logradouro":null,"bairro":null,"cep":null,"fonte_geo":"ausente"},"geometry":null},{"type":"Feature","properties":{"codigo_unidade":"07024","nome":"CP EDUQUE - VAL","tipo":"4","id_cre":null,"cod_territ":null,"logradouro":null,"bairro":null,"cep":null,"fonte_geo":"ausente"},"geometry":null},{"type":"Feature","properties":{"codigo_unidade":"07025","nome":"CP CENTRO EDUCACIONAL DIAS FERREIRA","tipo":"3","id_cre":null,"cod_territ":null,"logradouro":null,"bairro":null,"cep":null,"fonte_geo":"ausente"},"geometry":null},{"type":"Feature","properties":{"codigo_unidade":"07025","nome":"CP INSTITUTO CONSUELO PINHEIRO","tipo":"1","id_cre":null,"cod_territ":null,"logradouro":"\"RUA MOISÉS \"","bairro":"CIDADE DE DEUS","cep":"22763275","fonte_geo":"ausente"},"geometry":null},{"type":"Feature","properties":{"codigo_unidade":"07026","nome":"CP INSTITUTO RECRIANDO","tipo":"4","id_cre":null,"cod_territ":null,"logradouro":null,"bairro":null,"cep":null,"fonte_geo":"ausente"},"geometry":null},{"type":"Feature","properties":{"codigo_unidade":"07027","nome":"CP CRECHE MUNDO MÁGICO I","tipo":"1","id_cre":null,"cod_territ":null,"logradouro":"\" RUA MARIA ALICE\"","bairro":"ITANHANGÁ","cep":"22641370","fonte_geo":"ausente"},"geometry":null},{"type":"Feature","properties":{"codigo_unidade":"07028","nome":"CP EDUQUE - VAL (DUPLICADA)","tipo":"4","id_cre":null,"cod_territ":null,"logradouro":null,"bairro":null,"cep":null,"fonte_geo":"ausente"},"geometry":null},{"type":"Feature","properties":{"codigo_unidade":"07029","nome":"CP EDUQUE - VAG","tipo":"4","id_cre":null,"cod_territ":null,"logradouro":null,"bairro":null,"cep":null,"fonte_geo":"ausente"},"geometry":null},{"type":"Feature","properties":{"codigo_unidade":"07030","nome":"CP EDUQUE - COL","tipo":"4","id_cre":null,"cod_territ":null,"logradouro":null,"bairro":null,"cep":null,"fonte_geo":"ausente"},"geometry":null},{"type":"Feature","properties":{"codigo_unidade":"07031","nome":"CP CEPREMM - TAQ","tipo":"4","id_cre":null,"cod_territ":null,"logradouro":null,"bairro":null,"cep":null,"fonte_geo":"ausente"},"geometry":null},{"type":"Feature","properties":{"codigo_unidade":"07032","nome":"CP CEPREMM - BAR","tipo":"4","id_cre":null,"cod_territ":null,"logradouro":null,"bairro":null,"cep":null,"fonte_geo":"ausente"},"geometry":null},{"type":"Feature","properties":{"codigo_unidade":"07033","nome":"CP CEPREMM - FGS","tipo":"4","id_cre":null,"cod_territ":null,"logradouro":null,"bairro":null,"cep":null,"fonte_geo":"ausente"},"geometry":null},{"type":"Feature","properties":{"codigo_unidade":"07034","nome":"CP INSTITUTO EDUCACIONAL DIVA ALVES","tipo":"1","id_cre":null,"cod_territ":null,"logradouro":"RUA DO CASTOR","bairro":"CURICICA","cep":"22780794","fonte_geo":"ausente"},"geometry":null},{"type":"Feature","properties":{"codigo_unidade":"07034","nome":"INSTITUTO EDUCACIONAL DIVA ALVES (RECRIANDO)","tipo":"3","id_cre":null,"cod_territ":null,"logradouro":null,"bairro":null,"cep":null,"fonte_geo":"ausente"},"geometry":null},{"type":"Feature","properties":{"codigo_unidade":"07035","nome":"CP AEMMAC - ANIL","tipo":"1","id_cre":null,"cod_territ":null,"logradouro":"AVENIDA TENENTE-CORONEL MUNIZ DE ARAGÃO","bairro":"ANIL","cep":"22765003","fonte_geo":"ausente"},"geometry":null},{"type":"Feature","properties":{"codigo_unidade":"07036","nome":"CP CAAD UNIVERSO ENCANTADO","tipo":"1","id_cre":null,"cod_territ":null,"logradouro":"RUA MAMORE","bairro":"FREGUESIA (JACAREPAGUÁ)","cep":"22760080","fonte_geo":"ausente"},"geometry":null},{"type":"Feature","properties":{"codigo_unidade":"07037","nome":"CP CAAD UNIVERSO DA CRIANÇA","tipo":"1","id_cre":null,"cod_territ":null,"logradouro":"RUA BELO VALE","bairro":"TANQUE","cep":"22735200","fonte_geo":"ausente"},"geometry":null},{"type":"Feature","properties":{"codigo_unidade":"07037","nome":"23.07037 - CP CAAD UNIVERSO DA CRIANÇA","tipo":"3","id_cre":null,"cod_territ":null,"logradouro":null,"bairro":null,"cep":null,"fonte_geo":"ausente"},"geometry":null},{"type":"Feature","properties":{"codigo_unidade":"07037","nome":"23.07037 - CP CAAD UNIVERSO DA CRIANÇA","tipo":"3","id_cre":null,"cod_territ":null,"logradouro":null,"bairro":null,"cep":null,"fonte_geo":"ausente"},"geometry":null},{"type":"Feature","properties":{"codigo_unidade":"07038","nome":"CP CAAD UNIVERSO DAS FLORES","tipo":"1","id_cre":null,"cod_territ":null,"logradouro":"RUA LUIZ BELTRAO","bairro":"VILA VALQUEIRE","cep":"21321230","fonte_geo":"ausente"},"geometry":null},{"type":"Feature","properties":{"codigo_unidade":"07039","nome":"CP CRECHE JARDIM CLARICE","tipo":"1","id_cre":null,"cod_territ":null,"logradouro":"AVENIDA AFFONSO DA SILVEIRA FILHO","bairro":"ANIL","cep":"22753400","fonte_geo":"ausente"},"geometry":null},{"type":"Feature","properties":{"codigo_unidade":"07040","nome":"CP CRECHE VALE DO SOL PRAÇA SECA","tipo":"1","id_cre":null,"cod_territ":null,"logradouro":"RUA BARÃO","bairro":"PRAÇA SECA","cep":"21321624","fonte_geo":"ausente"},"geometry":null},{"type":"Feature","properties":{"codigo_unidade":"07040","nome":"CRECHE VALE DO SOL PRAÇA SECA","tipo":"3","id_cre":null,"cod_territ":null,"logradouro":null,"bairro":null,"cep":null,"fonte_geo":"ausente"},"geometry":null},{"type":"Feature","properties":{"codigo_unidade":"07041","nome":"CP CRECHE VALE DO SOL TAQUARA","tipo":"1","id_cre":null,"cod_territ":null,"logradouro":"RUA IRIQUITIÁ","bairro":"TAQUARA","cep":"22730150","fonte_geo":"ausente"},"geometry":null},{"type":"Feature","properties":{"codigo_unidade":"07042","nome":"CP INSTITUTO EDUCACIONAL DIVA ALVES II","tipo":"1","id_cre":null,"cod_territ":null,"logradouro":"\" RUA SAMPAIO CORREA \"","bairro":"TAQUARA","cep":"22713560","fonte_geo":"ausente"},"geometry":null},{"type":"Feature","properties":{"codigo_unidade":"07042","nome":"CP INSTITUTO EDUCACIONAL DIVA ALVEZ II","tipo":"3","id_cre":null,"cod_territ":null,"logradouro":null,"bairro":null,"cep":null,"fonte_geo":"ausente"},"geometry":null},{"type":"Feature","properties":{"codigo_unidade":"07043","nome":"CP CRECHE CANTINHO FELIZ II - VARGEM GRANDE","tipo":"3","id_cre":null,"cod_territ":null,"logradouro":null,"bairro":null,"cep":null,"fonte_geo":"ausente"},"geometry":null},{"type":"Feature","properties":{"codigo_unidade":"07043","nome":"CP ESPAÇO DE EDUCAÇÃO INFANTIL PEQUENO APRENDIZ","tipo":"1","id_cre":null,"cod_territ":null,"logradouro":"\" ESTRADA DOS BANDEIRANTES\"","bairro":"VARGEM PEQUENA","cep":"22783117","fonte_geo":"ausente"},"geometry":null},{"type":"Feature","properties":{"codigo_unidade":"07044","nome":"CP CRECHE AMOR DE MÃE","tipo":"1","id_cre":null,"cod_territ":null,"logradouro":"AVENIDA GENARO DE CARVALHO","bairro":"RECREIO DOS BANDEIRANTES","cep":"22795077","fonte_geo":"ausente"},"geometry":null},{"type":"Feature","properties":{"codigo_unidade":"07045","nome":"CP JARDIM ESCOLA TURMINHA DA ARCA - JETA II","tipo":"1","id_cre":null,"cod_territ":null,"logradouro":"\"AVENIDA DOMINGUES \"","bairro":"GARDENIA AZUL","cep":"22763627","fonte_geo":"ausente"},"geometry":null},{"type":"Feature","properties":{"codigo_unidade":"07046","nome":"CP ASSOCIAÇÃO CRECHE ESCOLA SILVINA VIRGÍNIA","tipo":"4","id_cre":null,"cod_territ":null,"logradouro":null,"bairro":null,"cep":null,"fonte_geo":"ausente"},"geometry":null},{"type":"Feature","properties":{"codigo_unidade":"07047","nome":"CP INDEF - INSTITUTO NERCY DE FREITAS","tipo":"1","id_cre":null,"cod_territ":null,"logradouro":"ESTRADA DO OUTEIRO SANTO","bairro":"JACAREPAGUÁ","cep":"22713169","fonte_geo":"ausente"},"geometry":null},{"type":"Feature","properties":{"codigo_unidade":"07048","nome":"CP CENTRO EDUCACIONAL CRIANÇA FUTURO E ADOLESCÊNCIA","tipo":"1","id_cre":null,"cod_territ":null,"logradouro":"RUA NOE","bairro":"CIDADE DE DEUS","cep":"22773410","fonte_geo":"ausente"},"geometry":null},{"type":"Feature","properties":{"codigo_unidade":"07049","nome":"CP CEEA - CENTRO EDUCACIONAL ESTRELINHA DO AMANHÃ","tipo":"1","id_cre":null,"cod_territ":null,"logradouro":"AVENIDA GEREMÁRIO DANTAS","bairro":"TANQUE","cep":"22735015","fonte_geo":"ausente"},"geometry":null},{"type":"Feature","properties":{"codigo_unidade":"07050","nome":"CP ASSOCIAÇÃO CRESCÊNCIO - UNIDADE IV","tipo":"1","id_cre":null,"cod_territ":null,"logradouro":null,"bairro":null,"cep":null,"fonte_geo":"ausente"},"geometry":null},{"type":"Feature","properties":{"codigo_unidade":"07051","nome":"CP CEAM","tipo":"1","id_cre":null,"cod_territ":null,"logradouro":null,"bairro":null,"cep":null,"fonte_geo":"ausente"},"geometry":null},{"type":"Feature","properties":{"codigo_unidade":"07052","nome":"CP CRECHE VALE DO SOL CURICICA","tipo":"1","id_cre":null,"cod_territ":null,"logradouro":null,"bairro":null,"cep":null,"fonte_geo":"ausente"},"geometry":null},{"type":"Feature","properties":{"codigo_unidade":"07053","nome":"CP CRECHE NINHO DO SABER","tipo":"1","id_cre":null,"cod_territ":null,"logradouro":null,"bairro":null,"cep":null,"fonte_geo":"ausente"},"geometry":null},{"type":"Feature","properties":{"codigo_unidade":"07054","nome":"CP INSTITUTO COLÔNIA","tipo":"1","id_cre":null,"cod_territ":null,"logradouro":null,"bairro":null,"cep":null,"fonte_geo":"ausente"},"geometry":null},{"type":"Feature","properties":{"codigo_unidade":"07055","nome":"CP CRECHE COMUNITÁRIA CASTELINHO DOS SONHOS","tipo":"1","id_cre":null,"cod_territ":null,"logradouro":null,"bairro":null,"cep":null,"fonte_geo":"ausente"},"geometry":null},{"type":"Feature","properties":{"codigo_unidade":"0716001","nome":"EM FRANCIS HIME","tipo":"1","id_cre":7,"cod_territ":"7.8","logradouro":"ESTRADA PAU DA FOME","bairro":"TAQUARA","cep":"22723497","fonte_geo":"unidades_unificadas"},"geometry":{"type":"Point","coordinates":[-43.41625,-22.918831]}},{"type":"Feature","properties":{"codigo_unidade":"0716002","nome":"EM LUIZ CAMILLO","tipo":"1","id_cre":7,"cod_territ":"7.4","logradouro":"\" ESTRADA DO RIO PEQUENO \"","bairro":"SANTA MARIA/TAQUARA","cep":"22723195","fonte_geo":"unidades_unificadas"},"geometry":{"type":"Point","coordinates":[-43.421798,-22.91465]}},{"type":"Feature","properties":{"codigo_unidade":"0716003","nome":"EM JORNALISTA CAMPOS RIBEIRO","tipo":"1","id_cre":7,"cod_territ":"7.27","logradouro":"RUA HUGO THOMPSON NOGUEIRA","bairro":"CAMORIM","cep":"22780290","fonte_geo":"unidades_unificadas"},"geometry":{"type":"Point","coordinates":[-43.408448,-22.96357]}},{"type":"Feature","properties":{"codigo_unidade":"0716004","nome":"EM JULIANO MOREIRA","tipo":"1","id_cre":7,"cod_territ":"7.8","logradouro":"\"ESTRADA RODRIGUES CALDAS \"","bairro":"TAQUARA","cep":"22713375","fonte_geo":"unidades_unificadas"},"geometry":{"type":"Point","coordinates":[-43.3945,-22.933253]}},{"type":"Feature","properties":{"codigo_unidade":"0716005","nome":"EM ADALGISA MONTEIRO","tipo":"1","id_cre":7,"cod_territ":"7.22","logradouro":"ESTADA DO BOUGANVILLE","bairro":"RIO DAS PEDRAS","cep":"22753210","fonte_geo":"unidades_unificadas"},"geometry":{"type":"Point","coordinates":[-43.327545,-22.972795]}},{"type":"Feature","properties":{"codigo_unidade":"0716006","nome":"EM DESEMBARGADOR NEY PALMEIRO","tipo":"1","id_cre":7,"cod_territ":"7.27","logradouro":"RUA IGARAPE - AÇU","bairro":"CAMORIM","cep":"22783140","fonte_geo":"unidades_unificadas"},"geometry":{"type":"Point","coordinates":[-43.412846,-22.968917]}},{"type":"Feature","properties":{"codigo_unidade":"0716007","nome":"EM FINLÂNDIA","tipo":"1","id_cre":7,"cod_territ":"7.27","logradouro":"AVENIDA DO CANAL DO RIO CAÇAMBÊ","bairro":"CAMORIM","cep":"22783020","fonte_geo":"unidades_unificadas"},"geometry":{"type":"Point","coordinates":[-43.410113,-22.971988]}},{"type":"Feature","properties":{"codigo_unidade":"0716008","nome":"EM MANO DÉCIO DA VIOLA","tipo":"1","id_cre":7,"cod_territ":"7.12","logradouro":"RUA ZUMBA","bairro":"TAQUARA","cep":"22775505","fonte_geo":"unidades_unificadas"},"geometry":{"type":"Point","coordinates":[-43.378172,-22.951667]}},{"type":"Feature","properties":{"codigo_unidade":"0716009","nome":"EM DENISE MARIA TORRES","tipo":"1","id_cre":7,"cod_territ":"7.8","logradouro":"\"RUA DAS PASTORINHAS \"","bairro":"TAQUARA","cep":"22723260","fonte_geo":"unidades_unificadas"},"geometry":{"type":"Point","coordinates":[-43.408197,-22.920873]}},{"type":"Feature","properties":{"codigo_unidade":"0716010","nome":"EM MARIA FLORINDA PAIVA DA CRUZ","tipo":"1","id_cre":7,"cod_territ":"7.18","logradouro":"RUA OSCAR LOPES","bairro":"ANIL","cep":"22755140","fonte_geo":"unidades_unificadas"},"geometry":{"type":"Point","coordinates":[-43.333181,-22.952008]}},{"type":"Feature","properties":{"codigo_unidade":"0716011","nome":"EM MARECHAL CANROBERT PEREIRA DA COSTA","tipo":"1","id_cre":7,"cod_territ":"7.18","logradouro":"ESTRADA DO ENGENHO D'AGUA","bairro":"ANIL","cep":"22765240","fonte_geo":"unidades_unificadas"},"geometry":{"type":"Point","coordinates":[-43.340896,-22.9558]}},{"type":"Feature","properties":{"codigo_unidade":"0716012","nome":"EM VICTOR HUGO","tipo":"1","id_cre":7,"cod_territ":"7.18","logradouro":"RUA DOM CASMURRO","bairro":"ANIL","cep":"22753390","fonte_geo":"unidades_unificadas"},"geometry":{"type":"Point","coordinates":[-43.338594,-22.963825]}},{"type":"Feature","properties":{"codigo_unidade":"0716013","nome":"EM NATURALISTA AUGUSTO RUSCHI","tipo":"1","id_cre":7,"cod_territ":"7.18","logradouro":"RUA SOLDADO LUÍS GONZAGA","bairro":"ANIL","cep":"22765350","fonte_geo":"unidades_unificadas"},"geometry":{"type":"Point","coordinates":[-43.341482,-22.955593]}},{"type":"Feature","properties":{"codigo_unidade":"0716014","nome":"EM PROFESSORA HELENA LOPES ABRANCHES","tipo":"1","id_cre":7,"cod_territ":"7.17","logradouro":"RUA ACAPORI","bairro":"GARDÊNIA AZUL","cep":"22765650","fonte_geo":"unidades_unificadas"},"geometry":{"type":"Point","coordinates":[-43.353437,-22.96072]}},{"type":"Feature","properties":{"codigo_unidade":"0716025","nome":"EM EDGARD WERNECK","tipo":"1","id_cre":7,"cod_territ":"7.7","logradouro":"RUA MAMORÉ","bairro":"FREGUESIA (JACAREPAGUÁ)","cep":"22760080","fonte_geo":"unidades_unificadas"},"geometry":{"type":"Point","coordinates":[-43.342457,-22.93861]}},{"type":"Feature","properties":{"codigo_unidade":"0716026","nome":"EM MENEZES CORTES","tipo":"1","id_cre":7,"cod_territ":"7.7","logradouro":"PRAÇA JOSÉ ALVES DE AZEVEDO","bairro":"FREGUESIA (JACAREPAGUÁ)","cep":"22755190","fonte_geo":"unidades_unificadas"},"geometry":{"type":"Point","coordinates":[-43.338969,-22.942655]}},{"type":"Feature","properties":{"codigo_unidade":"0716027","nome":"EM 25 DE ABRIL","tipo":"1","id_cre":7,"cod_territ":"7.7","logradouro":"RUA MAMORÉ","bairro":"FREGUESIA (JACAREPAGUÁ)","cep":"22760080","fonte_geo":"unidades_unificadas"},"geometry":{"type":"Point","coordinates":[-43.342579,-22.938165]}},{"type":"Feature","properties":{"codigo_unidade":"0716028","nome":"EM PAROQUIAL NOSSA SENHORA DO LORETO","tipo":"1","id_cre":7,"cod_territ":"7.7","logradouro":"LADEIRA DA FREGUESIA","bairro":"FREGUESIA (JACAREPAGUÁ)","cep":"22760090","fonte_geo":"unidades_unificadas"},"geometry":{"type":"Point","coordinates":[-43.347926,-22.93885]}},{"type":"Feature","properties":{"codigo_unidade":"0716029","nome":"EM VIRGILIO VÁRZEA","tipo":"1","id_cre":7,"cod_territ":"7.6","logradouro":"\" JOSÉ SILVA\"","bairro":"PECHINCHA","cep":"22743080","fonte_geo":"unidades_unificadas"},"geometry":{"type":"Point","coordinates":[-43.35113,-22.93253]}},{"type":"Feature","properties":{"codigo_unidade":"0716030","nome":"EM DORCELINA GOMES DA COSTA","tipo":"1","id_cre":7,"cod_territ":"7.14","logradouro":"RUA MINISTRO GABRIEL DE PIZA","bairro":"CIDADE DE DEUS","cep":"22770360","fonte_geo":"unidades_unificadas"},"geometry":{"type":"Point","coordinates":[-43.360377,-22.941555]}},{"type":"Feature","properties":{"codigo_unidade":"0716031","nome":"EM GENERAL JOÃO MENDONÇA LIMA","tipo":"1","id_cre":7,"cod_territ":"7.6","logradouro":"RUA ALBERTO PASQUALINI","bairro":"PECHINCHA","cep":"22740250","fonte_geo":"unidades_unificadas"},"geometry":{"type":"Point","coordinates":[-43.354573,-22.92354]}},{"type":"Feature","properties":{"codigo_unidade":"0716032","nome":"EM COMPOSITOR LUIZ GONZAGA","tipo":"1","id_cre":7,"cod_territ":"7.16","logradouro":"RUA UBALDO SOARES FILHO","bairro":"FREGUESIA (JACAREPAGUÁ)","cep":"22763100","fonte_geo":"unidades_unificadas"},"geometry":{"type":"Point","coordinates":[-43.349633,-22.949615]}},{"type":"Feature","properties":{"codigo_unidade":"0716033","nome":"EM RIO DAS PEDRAS","tipo":"1","id_cre":7,"cod_territ":"7.22","logradouro":"\" ESTRADA DE JACAREPAGUÁ\"","bairro":"RIO DAS PEDRAS","cep":"22753212","fonte_geo":"unidades_unificadas"},"geometry":{"type":"Point","coordinates":[-43.329561,-22.9732]}},{"type":"Feature","properties":{"codigo_unidade":"0716034","nome":"EM ALINA DE BRITTO","tipo":"1","id_cre":7,"cod_territ":"7.11","logradouro":"\"ESTRADA DOS BANDEIRANTES \"","bairro":"CURICICA","cep":"22775114","fonte_geo":"unidades_unificadas"},"geometry":{"type":"Point","coordinates":[-43.382957,-22.958213]}},{"type":"Feature","properties":{"codigo_unidade":"0716035","nome":"EM SILVEIRA SAMPAIO","tipo":"1","id_cre":7,"cod_territ":"7.9","logradouro":"RUA JOSÉ PERROTA","bairro":"CURICICA","cep":"22710440","fonte_geo":"unidades_unificadas"},"geometry":{"type":"Point","coordinates":[-43.390568,-22.950553]}},{"type":"Feature","properties":{"codigo_unidade":"0716036","nome":"EM LINCOLN BICALHO ROQUE","tipo":"1","id_cre":7,"cod_territ":"7.11","logradouro":"RUA IPERO","bairro":"CURICICA","cep":"22710200","fonte_geo":"unidades_unificadas"},"geometry":{"type":"Point","coordinates":[-43.384374,-22.943762]}},{"type":"Feature","properties":{"codigo_unidade":"0716037","nome":"EM JULIO VERNE","tipo":"1","id_cre":7,"cod_territ":"7.5","logradouro":"RUA DO RADIALISTA","bairro":"TAQUARA","cep":"22740150","fonte_geo":"unidades_unificadas"},"geometry":{"type":"Point","coordinates":[-43.363559,-22.930473]}},{"type":"Feature","properties":{"codigo_unidade":"0716038","nome":"EM PEDRO AMÉRICO","tipo":"1","id_cre":7,"cod_territ":"7.1","logradouro":"PRAÇA SENTINELA","bairro":"TAQUARA","cep":"22715040","fonte_geo":"unidades_unificadas"},"geometry":{"type":"Point","coordinates":[-43.383717,-22.924901]}},{"type":"Feature","properties":{"codigo_unidade":"0716039","nome":"EM VÍTOR MEIRELES","tipo":"1","id_cre":7,"cod_territ":"7.13","logradouro":"RUA JOAQUIM INÁCIO FILHO","bairro":"TAQUARA","cep":"22770620","fonte_geo":"unidades_unificadas"},"geometry":{"type":"Point","coordinates":[-43.368383,-22.936115]}},{"type":"Feature","properties":{"codigo_unidade":"0716040","nome":"EM EUNICE WEAVER","tipo":"1","id_cre":7,"cod_territ":"7.1","logradouro":"RUA TRIBUNA","bairro":"TAQUARA","cep":"22715120","fonte_geo":"unidades_unificadas"},"geometry":{"type":"Point","coordinates":[-43.384045,-22.924442]}},{"type":"Feature","properties":{"codigo_unidade":"0716041","nome":"EM BARÃO DA TAQUARA","tipo":"1","id_cre":7,"cod_territ":"7.5","logradouro":"AVENIDA NELSON CARDOSO","bairro":"TAQUARA","cep":"22730001","fonte_geo":"unidades_unificadas"},"geometry":{"type":"Point","coordinates":[-43.37147,-22.922346]}},{"type":"Feature","properties":{"codigo_unidade":"0716042","nome":"EM MARECHAL THAUMATURGO DE AZEVEDO","tipo":"1","id_cre":7,"cod_territ":"7.1","logradouro":"RUA SALINÓPOLIS","bairro":"TAQUARA","cep":"22720000","fonte_geo":"unidades_unificadas"},"geometry":{"type":"Point","coordinates":[-43.38685,-22.917327]}},{"type":"Feature","properties":{"codigo_unidade":"0716043","nome":"EM GASTÃO MONTEIRO MOUTINHO","tipo":"1","id_cre":7,"cod_territ":"7.4","logradouro":"RUA DOS FÍSICOS","bairro":"TAQUARA","cep":"22723545","fonte_geo":"unidades_unificadas"},"geometry":{"type":"Point","coordinates":[-43.391332,-22.911687]}},{"type":"Feature","properties":{"codigo_unidade":"0716044","nome":"EM JUAN MONTALVO","tipo":"1","id_cre":7,"cod_territ":"7.5","logradouro":"AVENIDA NELSON CARDOSO","bairro":"TAQUARA","cep":"22730001","fonte_geo":"unidades_unificadas"},"geometry":{"type":"Point","coordinates":[-43.371391,-22.922747]}},{"type":"Feature","properties":{"codigo_unidade":"0716045","nome":"EM GENERAL CARLOS CAETANO MIRAGAYA","tipo":"1","id_cre":7,"cod_territ":"7.1","logradouro":"RUA SALINÓPOLIS","bairro":"TAQUARA","cep":"22720000","fonte_geo":"unidades_unificadas"},"geometry":{"type":"Point","coordinates":[-43.386818,-22.917675]}},{"type":"Feature","properties":{"codigo_unidade":"0716046","nome":"EM PROFESSORA FELICIDADE DE MOURA CASTRO","tipo":"1","id_cre":7,"cod_territ":"7.5","logradouro":"RUA MOACIR CAMPOS","bairro":"TAQUARA","cep":"22740190","fonte_geo":"unidades_unificadas"},"geometry":{"type":"Point","coordinates":[-43.365471,-22.931884]}},{"type":"Feature","properties":{"codigo_unidade":"0716047","nome":"EM GOVERNADOR CARLOS LACERDA","tipo":"1","id_cre":7,"cod_territ":"7.13","logradouro":"RUA NACIONAL","bairro":"TAQUARA","cep":"22710092","fonte_geo":"unidades_unificadas"},"geometry":{"type":"Point","coordinates":[-43.372353,-22.929185]}},{"type":"Feature","properties":{"codigo_unidade":"0716048","nome":"EM NELSON RODRIGUES","tipo":"1","id_cre":7,"cod_territ":"7.13","logradouro":"RUA FREI LUIZ ALEVATO","bairro":"TAQUARA","cep":"22710325","fonte_geo":"unidades_unificadas"},"geometry":{"type":"Point","coordinates":[-43.369728,-22.935328]}},{"type":"Feature","properties":{"codigo_unidade":"0716049","nome":"EM RENATO LEITE","tipo":"1","id_cre":7,"cod_territ":"7.13","logradouro":"RUA CARLOS PALUT","bairro":"TAQUARA","cep":"22710310","fonte_geo":"unidades_unificadas"},"geometry":{"type":"Point","coordinates":[-43.369297,-22.933509]}},{"type":"Feature","properties":{"codigo_unidade":"0716051","nome":"EM PROFESSOR AUGUSTO CONY","tipo":"1","id_cre":7,"cod_territ":"7.5","logradouro":"AVENIDA NELSON CARDOSO","bairro":"TANQUE","cep":"22730000","fonte_geo":"unidades_unificadas"},"geometry":{"type":"Point","coordinates":[-43.364711,-22.918017]}},{"type":"Feature","properties":{"codigo_unidade":"0716052","nome":"EM ROSA DO POVO","tipo":"1","id_cre":7,"cod_territ":"7.4","logradouro":"RUA BOGARI","bairro":"TAQUARA","cep":"22723625","fonte_geo":"unidades_unificadas"},"geometry":{"type":"Point","coordinates":[-43.380279,-22.913823]}},{"type":"Feature","properties":{"codigo_unidade":"0716053","nome":"EM PROFESSORA DYLA SYLVIA DE SÁ","tipo":"1","id_cre":7,"cod_territ":"7.14","logradouro":"RUA PAULO MOREIRA DA SILVA","bairro":"TAQUARA","cep":"22770210","fonte_geo":"unidades_unificadas"},"geometry":{"type":"Point","coordinates":[-43.364402,-22.937439]}},{"type":"Feature","properties":{"codigo_unidade":"0716054","nome":"EM PIO X","tipo":"1","id_cre":7,"cod_territ":"7.6","logradouro":"RUA SERRA NEGRA","bairro":"TANQUE","cep":"22735270","fonte_geo":"unidades_unificadas"},"geometry":{"type":"Point","coordinates":[-43.362175,-22.922982]}},{"type":"Feature","properties":{"codigo_unidade":"0716055","nome":"EM MAESTRO LORENZO FERNANDES","tipo":"1","id_cre":7,"cod_territ":"7.5","logradouro":"RUA SÃO CALISTO","bairro":"TANQUE","cep":"22725640","fonte_geo":"unidades_unificadas"},"geometry":{"type":"Point","coordinates":[-43.37195,-22.913503]}},{"type":"Feature","properties":{"codigo_unidade":"0716056","nome":"EM NOEL NUTELS","tipo":"1","id_cre":7,"cod_territ":"7.5","logradouro":"RUA SÃO CALISTO","bairro":"TANQUE","cep":"22725640","fonte_geo":"unidades_unificadas"},"geometry":{"type":"Point","coordinates":[-43.371683,-22.913201]}},{"type":"Feature","properties":{"codigo_unidade":"0716057","nome":"EM EMBAIXADOR DIAS CARNEIRO","tipo":"1","id_cre":7,"cod_territ":"7.6","logradouro":"\" ESTRADA DA COVANCA \"","bairro":"TANQUE","cep":"22735020","fonte_geo":"unidades_unificadas"},"geometry":{"type":"Point","coordinates":[-43.360271,-22.919089]}},{"type":"Feature","properties":{"codigo_unidade":"0716059","nome":"EM HONDURAS","tipo":"1","id_cre":7,"cod_territ":"7.2","logradouro":"\"PRAÇA SECA \"","bairro":"PRAÇA SECA","cep":"21321010","fonte_geo":"unidades_unificadas"},"geometry":{"type":"Point","coordinates":[-43.352667,-22.896931]}},{"type":"Feature","properties":{"codigo_unidade":"0716060","nome":"EM DOM ARMANDO LOMBARDI","tipo":"1","id_cre":7,"cod_territ":"7.2","logradouro":"PRAÇA SECA","bairro":"PRAÇA SECA","cep":"21321010","fonte_geo":"unidades_unificadas"},"geometry":{"type":"Point","coordinates":[-43.351983,-22.89846]}},{"type":"Feature","properties":{"codigo_unidade":"0716061","nome":"EM MORVAN DE FIGUEIREDO","tipo":"1","id_cre":7,"cod_territ":"7.3","logradouro":"RUA BARÃO","bairro":"PRAÇA SECA","cep":"21321620","fonte_geo":"unidades_unificadas"},"geometry":{"type":"Point","coordinates":[-43.346681,-22.903198]}},{"type":"Feature","properties":{"codigo_unidade":"0716062","nome":"EM JOSÉ JOAQUIM DE QUEIROZ JUNIOR","tipo":"1","id_cre":7,"cod_territ":"7.2","logradouro":"RUA GUARAPES","bairro":"PRAÇA SECA","cep":"21330780","fonte_geo":"unidades_unificadas"},"geometry":{"type":"Point","coordinates":[-43.355004,-22.890467]}},{"type":"Feature","properties":{"codigo_unidade":"0716063","nome":"EM SOBRAL PINTO","tipo":"1","id_cre":7,"cod_territ":"7.2","logradouro":"RUA BARÃO","bairro":"PRAÇA SECA","cep":"21321624","fonte_geo":"unidades_unificadas"},"geometry":{"type":"Point","coordinates":[-43.354075,-22.897147]}},{"type":"Feature","properties":{"codigo_unidade":"0716065","nome":"EM CARLOS DE LAET","tipo":"1","id_cre":7,"cod_territ":"7.1","logradouro":"RUA DAS CAMÉLIAS","bairro":"VILA VALQUEIRE","cep":"21330200","fonte_geo":"unidades_unificadas"},"geometry":{"type":"Point","coordinates":[-43.366876,-22.880075]}},{"type":"Feature","properties":{"codigo_unidade":"0716066","nome":"EM JOSÉ ENRIQUE RODÓ","tipo":"1","id_cre":7,"cod_territ":"7.1","logradouro":"RUA POÇOS DE CALDAS","bairro":"VILA VALQUEIRE","cep":"21321570","fonte_geo":"unidades_unificadas"},"geometry":{"type":"Point","coordinates":[-43.36723,-22.886838]}},{"type":"Feature","properties":{"codigo_unidade":"0716067","nome":"EM CÂNDIDO CAMPOS","tipo":"1","id_cre":7,"cod_territ":"7.1","logradouro":"RUA ARICANGA","bairro":"VILA VALQUEIRE","cep":"21330130","fonte_geo":"unidades_unificadas"},"geometry":{"type":"Point","coordinates":[-43.368247,-22.882]}},{"type":"Feature","properties":{"codigo_unidade":"0716068","nome":"EM MARIA DA SILVA FRANÇA","tipo":"1","id_cre":7,"cod_territ":"7.1","logradouro":"RUA ANTÕNIO CARLOS PARANHOS","bairro":"VILA VALQUEIRE","cep":"21321340","fonte_geo":"unidades_unificadas"},"geometry":{"type":"Point","coordinates":[-43.366804,-22.895327]}},{"type":"Feature","properties":{"codigo_unidade":"0716069","nome":"EM JORGE AMADO","tipo":"1","id_cre":7,"cod_territ":"7.23","logradouro":"\" ESTRADA DE JACAREPAGUÁ\"","bairro":"RIO DAS PEDRAS","cep":"22753212","fonte_geo":"unidades_unificadas"},"geometry":{"type":"Point","coordinates":[-43.32862,-22.975677]}},{"type":"Feature","properties":{"codigo_unidade":"0716070","nome":"EEM PROFESSORA MARIA THEREZINHA DE CARVALHO MACHADO","tipo":"1","id_cre":7,"cod_territ":"7.2","logradouro":"RUA BARÃO","bairro":"PRAÇA SECA","cep":"21321624","fonte_geo":"unidades_unificadas"},"geometry":{"type":"Point","coordinates":[-43.335375,-22.943691]}},{"type":"Feature","properties":{"codigo_unidade":"0716071","nome":"EM POETA MÁRIO QUINTANA","tipo":"1","id_cre":7,"cod_territ":"7.18","logradouro":"AVENIDA TENENTE CORONEL MUNIZ ARAGÃO","bairro":"GARDÊNIA","cep":"22765005","fonte_geo":"unidades_unificadas"},"geometry":{"type":"Point","coordinates":[-43.346675,-22.953029]}},{"type":"Feature","properties":{"codigo_unidade":"0716072","nome":"EM MADRE TEREZA DE CALCUTÁ","tipo":"1","id_cre":7,"cod_territ":"7.12","logradouro":"RUA CAUNGULA","bairro":"TAQUARA","cep":"22775410","fonte_geo":"unidades_unificadas"},"geometry":{"type":"Point","coordinates":[-43.376799,-22.953203]}},{"type":"Feature","properties":{"codigo_unidade":"0716073","nome":"EM ROBERTO BURLE MARX","tipo":"1","id_cre":7,"cod_territ":"7.27","logradouro":"RUA FRANZ WEISSMAN","bairro":"BARRA OLIMPICA","cep":"22775051","fonte_geo":"unidades_unificadas"},"geometry":{"type":"Point","coordinates":[-43.389868,-22.968623]}},{"type":"Feature","properties":{"codigo_unidade":"0716075","nome":"EM CLAUDIO BESSERMAN VIANNA","tipo":"1","id_cre":7,"cod_territ":"7.22","logradouro":"\" ESTRADA DE JACAREPAGUÁ\"","bairro":"RIO DAS PEDRAS","cep":"22753212","fonte_geo":"unidades_unificadas"},"geometry":{"type":"Point","coordinates":[-43.329156,-22.973355]}},{"type":"Feature","properties":{"codigo_unidade":"0716076","nome":"EM OCTAVIO FRIAS DE OLIVEIRA","tipo":"1","id_cre":7,"cod_territ":"7.18","logradouro":"\" ESTRADA DE JACAREPAGUA, \"","bairro":"ANIL","cep":"22753033","fonte_geo":"unidades_unificadas"},"geometry":{"type":"Point","coordinates":[-43.336417,-22.958029]}},{"type":"Feature","properties":{"codigo_unidade":"0716077","nome":"EM PROFESSORA MARISA VARGAS MENEZES","tipo":"1","id_cre":7,"cod_territ":"7.19","logradouro":"ESTRADA DE JACAREPAGUÁ","bairro":"RIO DAS PEDRAS","cep":"22753033","fonte_geo":"unidades_unificadas"},"geometry":{"type":"Point","coordinates":[-43.33501,-22.973092]}},{"type":"Feature","properties":{"codigo_unidade":"0716078","nome":"EM DOMINGOS PASCHOAL CEGALLA","tipo":"1","id_cre":7,"cod_territ":"7.3","logradouro":"RUA ALBANO","bairro":"PRAÇA SECA","cep":"22733010","fonte_geo":"unidades_unificadas"},"geometry":{"type":"Point","coordinates":[-43.357443,-22.900644]}},{"type":"Feature","properties":{"codigo_unidade":"0716079","nome":"EM AZERBAIJÃO","tipo":"1","id_cre":7,"cod_territ":"7.17","logradouro":"RUA TENENTE CORONEL M. ARAGÃO","bairro":"GARDÊNIA AZUL","cep":"22765007","fonte_geo":"unidades_unificadas"},"geometry":{"type":"Point","coordinates":[-43.346739,-22.954309]}},{"type":"Feature","properties":{"codigo_unidade":"0716080","nome":"EM ALEKSANDER HENRYK LAKS","tipo":"1","id_cre":7,"cod_territ":"7.18","logradouro":"AVENIDA CANAL DO ANIL","bairro":"GARDÊNIA AZUL","cep":"22765430","fonte_geo":"unidades_unificadas"},"geometry":{"type":"Point","coordinates":[-43.344026,-22.962849]}},{"type":"Feature","properties":{"codigo_unidade":"0716081","nome":"EM ATILA NUNES NETO","tipo":"1","id_cre":7,"cod_territ":"7.18","logradouro":"ESTRADA DOS CURIPOS","bairro":"ANIL","cep":"22765431","fonte_geo":"unidades_unificadas"},"geometry":{"type":"Point","coordinates":[-43.428511,-22.884578]}},{"type":"Feature","properties":{"codigo_unidade":"0716082","nome":"EM PROFESSORA IGNEZITA MONTEIRO DANTAS","tipo":"1","id_cre":7,"cod_territ":"7.9","logradouro":"RUA DA CONCEIÇÃO","bairro":"CURICICA","cep":"22711220","fonte_geo":"unidades_unificadas"},"geometry":{"type":"Point","coordinates":[-43.392546,-22.953234]}},{"type":"Feature","properties":{"codigo_unidade":"0716083","nome":"EM PROFESSOR CÉLIO LUPPARELLI","tipo":"1","id_cre":7,"cod_territ":"7.23","logradouro":"AVENIDA SÃO JOSEMARIA ESCRIVÁ","bairro":"ITANHANGÁ","cep":"22753200","fonte_geo":"unidades_unificadas"},"geometry":{"type":"Point","coordinates":[-43.328573,-22.976102]}},{"type":"Feature","properties":{"codigo_unidade":"0716084","nome":"EM MESTRE ROBSON GRACIE","tipo":"1","id_cre":7,"cod_territ":"7.23","logradouro":"AVENIDA JOSÉ MARIA ESCRIVA","bairro":"ITANHANGÁ","cep":"22753200","fonte_geo":"unidades_unificadas"},"geometry":{"type":"Point","coordinates":[-43.329361,-22.976863]}},{"type":"Feature","properties":{"codigo_unidade":"0716086","nome":"EM MESTRE DIEGO BRAGA","tipo":"1","id_cre":7,"cod_territ":"7.22","logradouro":"RUA VELHA","bairro":"RIO DAS PEDRAS","cep":"22753737","fonte_geo":"unidades_unificadas"},"geometry":{"type":"Point","coordinates":[-43.3290761106865,-22.974368021007]}},{"type":"Feature","properties":{"codigo_unidade":"0716203","nome":"CIEP PROFESSOR LAURO DE OLIVEIRA LIMA","tipo":"1","id_cre":7,"cod_territ":"7.19","logradouro":"ESTRADA DE JACAREPAGUA","bairro":"RIO DAS PEDRAS","cep":"22753033","fonte_geo":"unidades_unificadas"},"geometry":{"type":"Point","coordinates":[-43.335139,-22.973096]}},{"type":"Feature","properties":{"codigo_unidade":"0716204","nome":"CIEP GOVERNADOR ROBERTO DA SILVEIRA","tipo":"1","id_cre":7,"cod_territ":"7.23","logradouro":"\" ESTRADA DE JACAREPAGUÁ\"","bairro":"RIO DAS PEDRAS","cep":"22753212","fonte_geo":"unidades_unificadas"},"geometry":{"type":"Point","coordinates":[-43.328925,-22.975433]}},{"type":"Feature","properties":{"codigo_unidade":"0716205","nome":"CIEP RUBENS PAIVA","tipo":"1","id_cre":7,"cod_territ":"7.11","logradouro":"RUA JOÃO BRUNO LOBO","bairro":"CURICICA","cep":"22780805","fonte_geo":"unidades_unificadas"},"geometry":{"type":"Point","coordinates":[-43.382793,-22.95384]}},{"type":"Feature","properties":{"codigo_unidade":"0716207","nome":"CIEP PABLO NERUDA","tipo":"1","id_cre":7,"cod_territ":"7.1","logradouro":"ESTRADA MAPUÁ 350","bairro":"TAQUARA","cep":"22713321","fonte_geo":"unidades_unificadas"},"geometry":{"type":"Point","coordinates":[-43.387881,-22.92688]}},{"type":"Feature","properties":{"codigo_unidade":"0716210","nome":"CIEP DR. JOAQUIM PIMENTA","tipo":"1","id_cre":7,"cod_territ":"7.11","logradouro":"RUA VILA AURORA","bairro":"CURICICA","cep":"22710025","fonte_geo":"unidades_unificadas"},"geometry":{"type":"Point","coordinates":[-43.377838,-22.945259]}},{"type":"Feature","properties":{"codigo_unidade":"0716211","nome":"CIEP COMPOSITOR DONGA","tipo":"1","id_cre":7,"cod_territ":"7.4","logradouro":"ESTRADA DA BOIUNA","bairro":"TAQUARA","cep":"22723021","fonte_geo":"unidades_unificadas"},"geometry":{"type":"Point","coordinates":[-43.402804,-22.915549]}},{"type":"Feature","properties":{"codigo_unidade":"0716501","nome":"CIEP CARLOS DRUMOND DE ANDRADE","tipo":"1","id_cre":7,"cod_territ":"7.2","logradouro":"RUA CANDIDO BENICIO","bairro":"PRAÇA SECA","cep":"22733000","fonte_geo":"unidades_unificadas"},"geometry":{"type":"Point","coordinates":[-43.357066,-22.906692]}},{"type":"Feature","properties":{"codigo_unidade":"0716502","nome":"CIEP ALMIR BONFIM DE ANDRADE","tipo":"1","id_cre":7,"cod_territ":"7.1","logradouro":"RUA PORTO SANTANA","bairro":"VILA VALQUEIRE","cep":"21330290","fonte_geo":"unidades_unificadas"},"geometry":{"type":"Point","coordinates":[-43.372441,-22.88512]}},{"type":"Feature","properties":{"codigo_unidade":"0716503","nome":"CIEP DR. ADELINO DA PALMA CARLOS","tipo":"1","id_cre":7,"cod_territ":"7.3","logradouro":"RUA CÂNDIDO BENÍCIO","bairro":"TANQUE","cep":"22733000","fonte_geo":"unidades_unificadas"},"geometry":{"type":"Point","coordinates":[-43.3463,-22.889563]}},{"type":"Feature","properties":{"codigo_unidade":"0716601","nome":"CM OTÁVIO HENRIQUE DE OLIVEIRA","tipo":"1","id_cre":7,"cod_territ":"7.22","logradouro":"RUA VELHA","bairro":"RIO DAS PEDRAS","cep":"22753737","fonte_geo":"unidades_unificadas"},"geometry":{"type":"Point","coordinates":[-43.331015,-22.974934]}},{"type":"Feature","properties":{"codigo_unidade":"0716602","nome":"CM TIA TEREZA","tipo":"1","id_cre":7,"cod_territ":"7.5","logradouro":"\"RUA JORDÃO \"","bairro":"TANQUE","cep":"22725551","fonte_geo":"unidades_unificadas"},"geometry":{"type":"Point","coordinates":[-43.371421,-22.910162]}},{"type":"Feature","properties":{"codigo_unidade":"0716603","nome":"CM CRIANÇA DO FUTURO","tipo":"1","id_cre":7,"cod_territ":"7.11","logradouro":"RUA IPERO","bairro":"CURICICA","cep":"22710200","fonte_geo":"unidades_unificadas"},"geometry":{"type":"Point","coordinates":[-43.384456,-22.944254]}},{"type":"Feature","properties":{"codigo_unidade":"0716604","nome":"CM GERMINIO DE SOUZA ESTRELA","tipo":"1","id_cre":7,"cod_territ":"7.17","logradouro":"RUA CAMPOSEMA","bairro":"GARDÊNIA AZUL","cep":"22765610","fonte_geo":"unidades_unificadas"},"geometry":{"type":"Point","coordinates":[-43.352685,-22.960454]}},{"type":"Feature","properties":{"codigo_unidade":"0716605","nome":"CM SEMPRE VIDA NISE DA SILVEIRA","tipo":"1","id_cre":7,"cod_territ":"7.16","logradouro":"RUA QUINTANILHA","bairro":"CIDADE DE DEUS","cep":"22763581","fonte_geo":"unidades_unificadas"},"geometry":{"type":"Point","coordinates":[-43.352063,-22.943136]}},{"type":"Feature","properties":{"codigo_unidade":"0716606","nome":"CM AMIGUINHOS DA VILA SAPÊ","tipo":"1","id_cre":7,"cod_territ":"7.12","logradouro":"RUA ITAMAR","bairro":"VILA SAPÊ","cep":"22775810","fonte_geo":"unidades_unificadas"},"geometry":{"type":"Point","coordinates":[-43.374412,-22.947959]}},{"type":"Feature","properties":{"codigo_unidade":"0716607","nome":"CM EMÍLIA JOANA DA FONSECA MARQUES","tipo":"1","id_cre":7,"cod_territ":"7.3","logradouro":"RUA UM - MATO ALTO","bairro":"PRAÇA SECA","cep":"22733087","fonte_geo":"unidades_unificadas"},"geometry":{"type":"Point","coordinates":[-43.353033,-22.907555]}},{"type":"Feature","properties":{"codigo_unidade":"0716608","nome":"CM IRMÃ DULCE","tipo":"1","id_cre":7,"cod_territ":"7.3","logradouro":"\" ESTRADA COMANDANTE LUIZ SOUTO,\"","bairro":"PRAÇA SECA","cep":"22733040","fonte_geo":"unidades_unificadas"},"geometry":{"type":"Point","coordinates":[-43.362466,-22.900935]}},{"type":"Feature","properties":{"codigo_unidade":"0716609","nome":"CM RIO NOVO - RIO DAS FLORES","tipo":"1","id_cre":7,"cod_territ":"7.19","logradouro":"ESTRADA DE JACAREPAGUÁ","bairro":"RIO DAS PEDRAS","cep":"22753033","fonte_geo":"unidades_unificadas"},"geometry":{"type":"Point","coordinates":[-43.334928,-22.972272]}},{"type":"Feature","properties":{"codigo_unidade":"0716610","nome":"CM TIA MALU","tipo":"1","id_cre":7,"cod_territ":"7.8","logradouro":"ESTRADA DO RIO GRANDE","bairro":"TAQUARA","cep":"22723001","fonte_geo":"unidades_unificadas"},"geometry":{"type":"Point","coordinates":[-43.410069,-22.918418]}},{"type":"Feature","properties":{"codigo_unidade":"0716611","nome":"CM VITORINO FREIRE","tipo":"1","id_cre":7,"cod_territ":"7.1","logradouro":"RUA ÁGUAS MORNAS","bairro":"VILA VALQUEIRE","cep":"21330090","fonte_geo":"unidades_unificadas"},"geometry":{"type":"Point","coordinates":[-43.372318,-22.884513]}},{"type":"Feature","properties":{"codigo_unidade":"0716612","nome":"CM TIA AUTA","tipo":"1","id_cre":7,"cod_territ":"7.8","logradouro":"ESTRADA DO RIO PEQUENO","bairro":"SANTA MARIA/TAQUARA","cep":"22723195","fonte_geo":"unidades_unificadas"},"geometry":{"type":"Point","coordinates":[-43.420588,-22.915653]}},{"type":"Feature","properties":{"codigo_unidade":"0716613","nome":"CM MARIA DA CONCEIÇÃO SILVEIRA DE CARVALHO","tipo":"1","id_cre":7,"cod_territ":"7.27","logradouro":"RUA FRANZ WEISSMANN","bairro":"CURICICA","cep":"22775051","fonte_geo":"unidades_unificadas"},"geometry":{"type":"Point","coordinates":[-43.389478,-22.968566]}},{"type":"Feature","properties":{"codigo_unidade":"0716614","nome":"CM AUGUSTO DE CARVALHO TORRES FILHO","tipo":"1","id_cre":7,"cod_territ":"7.9","logradouro":"RUA REVERÊNCIA","bairro":"CURICICA","cep":"22780580","fonte_geo":"unidades_unificadas"},"geometry":{"type":"Point","coordinates":[-43.390377,-22.955267]}},{"type":"Feature","properties":{"codigo_unidade":"0716801","nome":"EDI DOUTORA ZILDA ARNS","tipo":"1","id_cre":7,"cod_territ":"7.8","logradouro":"RUA LAURA CARNEIRO","bairro":"COLÔNIA/TAQUARA","cep":"22713586","fonte_geo":"unidades_unificadas"},"geometry":{"type":"Point","coordinates":[-43.391418,-22.941016]}},{"type":"Feature","properties":{"codigo_unidade":"0716802","nome":"EDI ARTHUR BISPO DO ROSÁRIO","tipo":"1","id_cre":7,"cod_territ":"7.8","logradouro":"\" RUA SAMPAIO CORREA \"","bairro":"TAQUARA","cep":"22713560","fonte_geo":"unidades_unificadas"},"geometry":{"type":"Point","coordinates":[-43.390376,-22.93725]}},{"type":"Feature","properties":{"codigo_unidade":"0716803","nome":"EDI COMPOSITOR ROBERTO RIBEIRO","tipo":"1","id_cre":7,"cod_territ":"7.18","logradouro":"\" RUA ARATICUM \"","bairro":"ANIL","cep":"22753500","fonte_geo":"unidades_unificadas"},"geometry":{"type":"Point","coordinates":[-43.331432,-22.957616]}},{"type":"Feature","properties":{"codigo_unidade":"0716804","nome":"EDI RODRIGO LOPES (TIKINHO)","tipo":"1","id_cre":7,"cod_territ":"7.11","logradouro":"RUA VILA AURORA","bairro":"CURICICA","cep":"22710025","fonte_geo":"unidades_unificadas"},"geometry":{"type":"Point","coordinates":[-43.378626,-22.945659]}},{"type":"Feature","properties":{"codigo_unidade":"0716805","nome":"EDI ANNA MARIA NIEMEYER","tipo":"1","id_cre":7,"cod_territ":"7.19","logradouro":"AVENIDA ENGENHEIRO SOUZA FILHO","bairro":"RIO DAS PEDRAS","cep":"22753039","fonte_geo":"unidades_unificadas"},"geometry":{"type":"Point","coordinates":[-43.332264,-22.977493]}},{"type":"Feature","properties":{"codigo_unidade":"0716806","nome":"EDI PROFESSORA EDILIA COELHO GARCIA","tipo":"1","id_cre":7,"cod_territ":"7.4","logradouro":"\"ESTRADA DOS TEIXEIRAS  \"","bairro":"TEIXEIRAS/TAQUARA","cep":"22723205","fonte_geo":"unidades_unificadas"},"geometry":{"type":"Point","coordinates":[-43.419526,-22.912042]}},{"type":"Feature","properties":{"codigo_unidade":"0716807","nome":"EDI LEILA DINIZ","tipo":"1","id_cre":7,"cod_territ":"7.9","logradouro":"\"ESTRADA DE CURICICA \"","bairro":"CURICICA","cep":"22780192","fonte_geo":"unidades_unificadas"},"geometry":{"type":"Point","coordinates":[-43.392306,-22.954868]}},{"type":"Feature","properties":{"codigo_unidade":"0716808","nome":"EDI PROFESSORA MARIA BERENICE PARENTE","tipo":"1","id_cre":7,"cod_territ":"7.17","logradouro":"\" RUA MARUJA\"","bairro":"GARDÊNIA AZUL","cep":"22765570","fonte_geo":"unidades_unificadas"},"geometry":{"type":"Point","coordinates":[-43.351378,-22.958906]}},{"type":"Feature","properties":{"codigo_unidade":"0716809","nome":"EDI PROFESSOR ROBERTO LUIZ PEREIRA","tipo":"1","id_cre":7,"cod_territ":"7.3","logradouro":"\" RUA BRÍCIO DE ABREU\"","bairro":"PRAÇA SECA","cep":"21321020","fonte_geo":"unidades_unificadas"},"geometry":{"type":"Point","coordinates":[-43.34563,-22.904538]}},{"type":"Feature","properties":{"codigo_unidade":"0716810","nome":"EDI EU SOU","tipo":"1","id_cre":7,"cod_territ":"7.3","logradouro":"\"RUA CANDIDO BENICIO \"","bairro":"PRAÇA SECA","cep":"22733000","fonte_geo":"unidades_unificadas"},"geometry":{"type":"Point","coordinates":[-43.354767,-22.901771]}},{"type":"Feature","properties":{"codigo_unidade":"0716811","nome":"EDI CIDADE DE LÍDICE","tipo":"1","id_cre":7,"cod_territ":"7.5","logradouro":"ESTRADA DO TINDIBA","bairro":"PECHINCHA","cep":"22740360","fonte_geo":"unidades_unificadas"},"geometry":{"type":"Point","coordinates":[-43.363176,-22.927399]}},{"type":"Feature","properties":{"codigo_unidade":"0716812","nome":"EDI ESCRITORA CLARICE LISPECTOR","tipo":"1","id_cre":7,"cod_territ":"7.23","logradouro":"AVENIDA SÃO JOSEMARIA ESCRIVA","bairro":"ITANHANGÁ","cep":"22753200","fonte_geo":"unidades_unificadas"},"geometry":{"type":"Point","coordinates":[-43.325334,-22.976261]}},{"type":"Feature","properties":{"codigo_unidade":"0716813","nome":"EDI PROFESSORA KENIA MENDES DOS SANTOS","tipo":"1","id_cre":7,"cod_territ":"7.27","logradouro":"RUA SYNVAL SAMPAIO","bairro":"CAMORIM","cep":"22713370","fonte_geo":"unidades_unificadas"},"geometry":{"type":"Point","coordinates":[-43.413066,-22.964857]}},{"type":"Feature","properties":{"codigo_unidade":"0716814","nome":"EDI PROFESSORA EMILIA MARIA VIEIRA DE OLIVEIRA","tipo":"1","id_cre":7,"cod_territ":"7.22","logradouro":"RUA VELHA","bairro":"RIO DAS PEDRAS","cep":"22753737","fonte_geo":"unidades_unificadas"},"geometry":{"type":"Point","coordinates":[-43.331099,-22.974188]}},{"type":"Feature","properties":{"codigo_unidade":"0716815","nome":"EDI EVARISTO DA VEIGA","tipo":"1","id_cre":7,"cod_territ":"7.2","logradouro":"RUA CAPITÃO MENEZES","bairro":"PRAÇA SECA","cep":"21320040","fonte_geo":"unidades_unificadas"},"geometry":{"type":"Point","coordinates":[-43.349861,-22.890918]}},{"type":"Feature","properties":{"codigo_unidade":"0716816","nome":"EDI DEBRET","tipo":"1","id_cre":7,"cod_territ":"7.1","logradouro":"RUA CAMARATUBA","bairro":"VILA VALQUEIRE","cep":"21330190","fonte_geo":"unidades_unificadas"},"geometry":{"type":"Point","coordinates":[-43.367359,-22.879869]}},{"type":"Feature","properties":{"codigo_unidade":"0716818","nome":"EDI PROFESSORA CLÁUDIA PIRES CONTINO DA SILVA","tipo":"1","id_cre":7,"cod_territ":"7.18","logradouro":"AVENIDA TENENTE CORONEL MUNIZ DE ARAGÃO","bairro":"GARDÊNIA AZUL","cep":"22765007","fonte_geo":"unidades_unificadas"},"geometry":{"type":"Point","coordinates":[-43.35047,-22.95761]}},{"type":"Feature","properties":{"codigo_unidade":"0716819","nome":"EDI PROFESSORA NORMA ANDRADE NOGUEIRA","tipo":"1","id_cre":7,"cod_territ":"7.18","logradouro":"AVENIDA CANAL DO ANIL","bairro":"ANIL","cep":"22765430","fonte_geo":"unidades_unificadas"},"geometry":{"type":"Point","coordinates":[-43.343769,-22.96226]}},{"type":"Feature","properties":{"codigo_unidade":"0716820","nome":"EDI MEDALHISTA OLÍMPICA ÁGATHA BEDNARCZUK RIPPEL","tipo":"1","id_cre":7,"cod_territ":"7.11","logradouro":"RUA JOÃO BRUNO LOBO","bairro":"CURICICA","cep":"22780805","fonte_geo":"unidades_unificadas"},"geometry":{"type":"Point","coordinates":[-43.382779,-22.954432]}},{"type":"Feature","properties":{"codigo_unidade":"0716821","nome":"EDI MEDALHISTA PARALÍMPICO FELIPE DE SOUZA GOMES","tipo":"1","id_cre":7,"cod_territ":"7.1","logradouro":"\"ESTRADA DO OUTEIRO SANTO \"","bairro":"TAQUARA","cep":"22713169","fonte_geo":"unidades_unificadas"},"geometry":{"type":"Point","coordinates":[-43.384692,-22.933395]}},{"type":"Feature","properties":{"codigo_unidade":"0716822","nome":"EDI MARCELO PARENTE GOMES DE OLIVEIRA","tipo":"1","id_cre":7,"cod_territ":"7.18","logradouro":"RUA CURIPOS","bairro":"ANIL","cep":"22753330","fonte_geo":"unidades_unificadas"},"geometry":{"type":"Point","coordinates":[-43.343186,-22.966022]}},{"type":"Feature","properties":{"codigo_unidade":"0716823","nome":"EDI PROFESSOR EITEL SEIXAS","tipo":"1","id_cre":7,"cod_territ":"7.9","logradouro":"\"ESTRADA DE CURICICA \"","bairro":"CURICICA","cep":"22780191","fonte_geo":"unidades_unificadas"},"geometry":{"type":"Point","coordinates":[-43.391233,-22.952747]}},{"type":"Feature","properties":{"codigo_unidade":"0716824","nome":"EDI PROFESSORA TEREZINHA SARAIVA","tipo":"1","id_cre":7,"cod_territ":"7.9","logradouro":"RUA DA CONCEIÇÃO","bairro":"CURICICA","cep":"22711220","fonte_geo":"unidades_unificadas"},"geometry":{"type":"Point","coordinates":[-43.393608,-22.953416]}},{"type":"Feature","properties":{"codigo_unidade":"0724001","nome":"EM LOPES TROVÃO","tipo":"1","id_cre":7,"cod_territ":"7.24","logradouro":"\"ESTRADA DO PICA-PAU \"","bairro":"ITANHANGÁ","cep":"22753705","fonte_geo":"unidades_unificadas"},"geometry":{"type":"Point","coordinates":[-43.311135,-22.987392]}},{"type":"Feature","properties":{"codigo_unidade":"0724002","nome":"EM ALMEIDA GARRET","tipo":"1","id_cre":7,"cod_territ":"7.3","logradouro":"AVENIDA GENERAL GUEDES DA FONTOURA","bairro":"BARRA DA TIJUCA","cep":"22620032","fonte_geo":"unidades_unificadas"},"geometry":{"type":"Point","coordinates":[-43.302767,-23.013044]}},{"type":"Feature","properties":{"codigo_unidade":"0724003","nome":"EM JACKSON DE FIGUEIREDO","tipo":"1","id_cre":7,"cod_territ":"7.24","logradouro":"RUA MAJOR ROLINDA DA SILVA","bairro":"BARRA DA TIJUCA","cep":"22611260","fonte_geo":"unidades_unificadas"},"geometry":{"type":"Point","coordinates":[-43.299606,-23.008143]}},{"type":"Feature","properties":{"codigo_unidade":"0724004","nome":"EM RODRIGUES ALVES","tipo":"1","id_cre":7,"cod_territ":"7.3","logradouro":"AVENIDA GILBERTO AMADO","bairro":"BARRA DA TIJUCA","cep":"22620062","fonte_geo":"unidades_unificadas"},"geometry":{"type":"Point","coordinates":[-43.302701,-23.012526]}},{"type":"Feature","properties":{"codigo_unidade":"0724005","nome":"EM REPÚBLICA DA COLÔMBIA","tipo":"1","id_cre":7,"cod_territ":"7.3","logradouro":"RUA ROSALINDA BRAND","bairro":"BARRA DA TIJUCA","cep":"22631260","fonte_geo":"unidades_unificadas"},"geometry":{"type":"Point","coordinates":[-43.340729,-23.003208]}},{"type":"Feature","properties":{"codigo_unidade":"0724006","nome":"EM PROFESSOR ALBERT EINSTEIN","tipo":"1","id_cre":7,"cod_territ":"7.3","logradouro":"RUA GUIMARÃES ROSA","bairro":"BARRA DA TIJUCA","cep":"22793620","fonte_geo":"unidades_unificadas"},"geometry":{"type":"Point","coordinates":[-43.38329,-23.003153]}},{"type":"Feature","properties":{"codigo_unidade":"0724007","nome":"EM GOLDA MEIR","tipo":"1","id_cre":7,"cod_territ":"7.3","logradouro":"AVENIDA LÚCIO COSTA","bairro":"BARRA DA TIJUCA","cep":"22630010","fonte_geo":"unidades_unificadas"},"geometry":{"type":"Point","coordinates":[-43.32786,-23.010886]}},{"type":"Feature","properties":{"codigo_unidade":"0724008","nome":"EM DOM PEDRO I","tipo":"1","id_cre":7,"cod_territ":"7.3","logradouro":"PRAÇA SOLDADO GERALDO DA CRUZ","bairro":"BARRA DA TIJUCA","cep":"22620230","fonte_geo":"unidades_unificadas"},"geometry":{"type":"Point","coordinates":[-43.321178,-23.009498]}},{"type":"Feature","properties":{"codigo_unidade":"0724009","nome":"EM PROFESSORA MARGARIDA GLÓRIA DE FARIA","tipo":"1","id_cre":7,"cod_territ":"7.3","logradouro":"AVENIDA PROFESSOR FAUSTO MOREIRA","bairro":"BARRA DA TIJUCA","cep":"22793340","fonte_geo":"unidades_unificadas"},"geometry":{"type":"Point","coordinates":[-43.427788,-23.007992]}},{"type":"Feature","properties":{"codigo_unidade":"0724010","nome":"EM FREDERICO TROTTA","tipo":"1","id_cre":7,"cod_territ":"7.3","logradouro":"AVENIDA PROFESSOR FAUSTO MOREIRA","bairro":"BARRA DA TIJUCA","cep":"22793340","fonte_geo":"unidades_unificadas"},"geometry":{"type":"Point","coordinates":[-43.427919,-23.007588]}},{"type":"Feature","properties":{"codigo_unidade":"0724011","nome":"EM VICE ALMIRANTE ALVARO ALBERTO DA MOTTA E SILVA","tipo":"1","id_cre":7,"cod_territ":"7.3","logradouro":"AVENIDA ADOLPHO DE VASCONCELOS","bairro":"BARRA DA TIJUCA","cep":"22793380","fonte_geo":"unidades_unificadas"},"geometry":{"type":"Point","coordinates":[-43.429891,-23.008307]}},{"type":"Feature","properties":{"codigo_unidade":"0724013","nome":"EM PROFESSORA ZULEIKA NUNES DE ALENCAR","tipo":"1","id_cre":7,"cod_territ":"7.3","logradouro":"RUA ANTÔNIO PEREIRA PINTO","bairro":"BARRA DA TIJUCA","cep":"22793070","fonte_geo":"unidades_unificadas"},"geometry":{"type":"Point","coordinates":[-43.369849,-23.00925]}},{"type":"Feature","properties":{"codigo_unidade":"0724014","nome":"EM PROFESSORA DIDIA MACHADO FORTES","tipo":"1","id_cre":7,"cod_territ":"7.3","logradouro":"RUA ANTÔNIO PEREIRA PINTO","bairro":"BARRA DA TIJUCA","cep":"22793070","fonte_geo":"unidades_unificadas"},"geometry":{"type":"Point","coordinates":[-43.368623,-23.009206]}},{"type":"Feature","properties":{"codigo_unidade":"0724015","nome":"EM SÉRGIO BUARQUE DE HOLANDA","tipo":"1","id_cre":7,"cod_territ":"7.3","logradouro":"\"RUA JORNALISTA RICARDO MARINHO \"","bairro":"BARRA DA TIJUCA","cep":"22631350","fonte_geo":"unidades_unificadas"},"geometry":{"type":"Point","coordinates":[-43.347098,-23.005164]}},{"type":"Feature","properties":{"codigo_unidade":"0724016","nome":"EM HEMETÉRIO DOS SANTOS","tipo":"1","id_cre":7,"cod_territ":"7.27","logradouro":"ESTRADA DOS BANDEIRANTES","bairro":"CURICICA","cep":"22783115","fonte_geo":"unidades_unificadas"},"geometry":{"type":"Point","coordinates":[-43.413607,-22.972334]}},{"type":"Feature","properties":{"codigo_unidade":"0724017","nome":"EM PROFESSOR OLEGÁRIO DOMINGUES","tipo":"1","id_cre":7,"cod_territ":"7.25","logradouro":"\"ESTRADA DOS BANDEIRANTES  \"","bairro":"VARGEM PEQUENA","cep":"22783025","fonte_geo":"unidades_unificadas"},"geometry":{"type":"Point","coordinates":[-43.462277,-22.983603]}},{"type":"Feature","properties":{"codigo_unidade":"0724018","nome":"EM SÃO SEBASTIÃO","tipo":"1","id_cre":7,"cod_territ":"7.25","logradouro":"RUA MANUEL BASTOS DE OLIVEIRA","bairro":"VARGEM PEQUENA","cep":"22783430","fonte_geo":"unidades_unificadas"},"geometry":{"type":"Point","coordinates":[-43.461194,-22.981644]}},{"type":"Feature","properties":{"codigo_unidade":"0724019","nome":"EM PROFESSOR TEÓFILO MOREIRA DA COSTA","tipo":"1","id_cre":7,"cod_territ":"7.25","logradouro":"RUA ESPERANÇA","bairro":"VARGEM GRANDE","cep":"22785590","fonte_geo":"unidades_unificadas"},"geometry":{"type":"Point","coordinates":[-43.491639,-22.981726]}},{"type":"Feature","properties":{"codigo_unidade":"0724020","nome":"EM ENGENHEIRO ÁLVARO SODRÉ","tipo":"1","id_cre":7,"cod_territ":"7.25","logradouro":"ESTRADA DOS BANDEIRANTES","bairro":"VARGEM GRANDE","cep":"22785275","fonte_geo":"unidades_unificadas"},"geometry":{"type":"Point","coordinates":[-43.509892,-22.984521]}},{"type":"Feature","properties":{"codigo_unidade":"0724021","nome":"EM PÉROLA BYINGTON","tipo":"1","id_cre":7,"cod_territ":"7.25","logradouro":"RUA LUCIANO GALLET","bairro":"VARGEM GRANDE","cep":"22785110","fonte_geo":"unidades_unificadas"},"geometry":{"type":"Point","coordinates":[-43.490337,-22.975717]}},{"type":"Feature","properties":{"codigo_unidade":"0724022","nome":"EM COMUNIDADE DE VARGEM GRANDE","tipo":"1","id_cre":7,"cod_territ":"7.25","logradouro":"RUA MANHUAÇU","bairro":"VARGEM GRANDE","cep":"22785600","fonte_geo":"unidades_unificadas"},"geometry":{"type":"Point","coordinates":[-43.497158,-22.983294]}},{"type":"Feature","properties":{"codigo_unidade":"0724023","nome":"EM PROFESSOR JURANDIR PAES LEME","tipo":"1","id_cre":7,"cod_territ":"7.28","logradouro":"\"ESTRADA DO PONTAL \"","bairro":"RECREIO DOS BANDEIRANTES","cep":"22790877","fonte_geo":"unidades_unificadas"},"geometry":{"type":"Point","coordinates":[-43.521335,-23.026585]}},{"type":"Feature","properties":{"codigo_unidade":"0724024","nome":"EM PROFESSOR CARLOS DELGADO DE CARVALHO","tipo":"1","id_cre":7,"cod_territ":"7.28","logradouro":"RUA SENADOR RUI CARNEIRO","bairro":"RECREIO DOS BANDEIRANTES","cep":"22790650","fonte_geo":"unidades_unificadas"},"geometry":{"type":"Point","coordinates":[-43.480306,-23.019776]}},{"type":"Feature","properties":{"codigo_unidade":"0724026","nome":"EM EMBAIXADOR ÍTALO ZAPPA","tipo":"1","id_cre":7,"cod_territ":"7.26","logradouro":"\"ESTRADA DOS BANDEIRANTES \"","bairro":"VARGEM PEQUENA","cep":"22783117","fonte_geo":"unidades_unificadas"},"geometry":{"type":"Point","coordinates":[-43.433369,-22.989807]}},{"type":"Feature","properties":{"codigo_unidade":"0724027","nome":"EM MARIA CLARA MACHADO","tipo":"1","id_cre":7,"cod_territ":"7.24","logradouro":"ESTRADA DA BARRA DA TIJUCA","bairro":"ITANHANGÁ","cep":"22641005","fonte_geo":"unidades_unificadas"},"geometry":{"type":"Point","coordinates":[-43.307637,-22.986867]}},{"type":"Feature","properties":{"codigo_unidade":"0724028","nome":"EM FREI GASPAR","tipo":"1","id_cre":7,"cod_territ":"7.29","logradouro":"ESTRADA VEREADOR ALCEU DE CARVALHO","bairro":"VARGEM GRANDE","cep":"22785620","fonte_geo":"unidades_unificadas"},"geometry":{"type":"Point","coordinates":[-43.493051,-23.001076]}},{"type":"Feature","properties":{"codigo_unidade":"0724030","nome":"EM ISABEL SALGADO","tipo":"1","id_cre":7,"cod_territ":"7.3","logradouro":"AVENIDA EMBAIXADOR ABELARDO BUENO","bairro":"BARRA DA TIJUCA","cep":"22775040","fonte_geo":"unidades_unificadas"},"geometry":{"type":"Point","coordinates":[-43.391867834,-22.976779]}},{"type":"Feature","properties":{"codigo_unidade":"0724501","nome":"EM ALMIRANTE PAULO CASTRO MOREIRA DA SILVA","tipo":"1","id_cre":7,"cod_territ":"7.3","logradouro":"AVENIDA ADOLPHO DE VASCONCELOS","bairro":"BARRA DA TIJUCA","cep":"22793380","fonte_geo":"unidades_unificadas"},"geometry":{"type":"Point","coordinates":[-43.429781,-23.008654]}},{"type":"Feature","properties":{"codigo_unidade":"0724502","nome":"CIEP MARGARET MEE","tipo":"1","id_cre":7,"cod_territ":"7.28","logradouro":"RUA MINISTRO ALIOMAR BALEEIRO","bairro":"RECREIO DOS BANDEIRANTES","cep":"22790550","fonte_geo":"unidades_unificadas"},"geometry":{"type":"Point","coordinates":[-43.481721,-23.019811]}},{"type":"Feature","properties":{"codigo_unidade":"0724601","nome":"CM MARIA VIEIRA BAZANI","tipo":"1","id_cre":7,"cod_territ":"7.28","logradouro":"RUA TEOTONIO VILELA","bairro":"RECREIO DOS BANDEIRANTES","cep":"22795265","fonte_geo":"unidades_unificadas"},"geometry":{"type":"Point","coordinates":[-43.485789,-23.027024]}},{"type":"Feature","properties":{"codigo_unidade":"0724602","nome":"CM DINA SFAT","tipo":"1","id_cre":7,"cod_territ":"7.24","logradouro":"\" RUA DA PAZ -  ACESSO PELA RUA  ITALIA FAUSTA\"","bairro":"ITANHANGÁ","cep":"22641440","fonte_geo":"unidades_unificadas"},"geometry":{"type":"Point","coordinates":[-43.297275,-22.989203]}},{"type":"Feature","properties":{"codigo_unidade":"0724603","nome":"CM BENEDITA SIQUEIRA LOPES","tipo":"1","id_cre":7,"cod_territ":"7.24","logradouro":"ESTRADA DA BARRA DA TIJUCA","bairro":"ITANHANGÁ","cep":"22641004","fonte_geo":"unidades_unificadas"},"geometry":{"type":"Point","coordinates":[-43.307461,-22.98716]}},{"type":"Feature","properties":{"codigo_unidade":"0724604","nome":"CM EDSON LUIZ","tipo":"1","id_cre":7,"cod_territ":"7.24","logradouro":"RUA DA PAZ - ACESSO PELA RUA  ITALIA FAUSTA","bairro":"ITANHANGÁ","cep":"22641440","fonte_geo":"unidades_unificadas"},"geometry":{"type":"Point","coordinates":[-43.297241,-22.989005]}},{"type":"Feature","properties":{"codigo_unidade":"0724605","nome":"CM SEBASTIÃO BERNARDES DE SOUZA PRATA","tipo":"1","id_cre":7,"cod_territ":"7.26","logradouro":"ESTRADA DOS BANDEIRANTES","bairro":"VARGEM PEQUENA","cep":"22785050","fonte_geo":"unidades_unificadas"},"geometry":{"type":"Point","coordinates":[-43.432685,-22.991385]}},{"type":"Feature","properties":{"codigo_unidade":"0724606","nome":"CM ROGÉRIO CARDOSO FURTADO","tipo":"1","id_cre":7,"cod_territ":"7.26","logradouro":"\"ESTRADA DOS BANDEIRANTES \"","bairro":"VARGEM PEQUENA","cep":"22783117","fonte_geo":"unidades_unificadas"},"geometry":{"type":"Point","coordinates":[-43.432396,-22.991854]}},{"type":"Feature","properties":{"codigo_unidade":"0724801","nome":"EDI MILENA SANTOS NASCIMENTO","tipo":"1","id_cre":7,"cod_territ":"7.28","logradouro":"\"RUA TEOTONIO VILELA \"","bairro":"RECREIO DOS BANDEIRANTES","cep":"22795265","fonte_geo":"unidades_unificadas"},"geometry":{"type":"Point","coordinates":[-43.489959,-23.023984]}},{"type":"Feature","properties":{"codigo_unidade":"0724802","nome":"EDI PORFIRIO DIAS","tipo":"1","id_cre":7,"cod_territ":"7.25","logradouro":"CAMINHO DA CASCATINHA","bairro":"VARGEM GRANDE","cep":"22785050","fonte_geo":"unidades_unificadas"},"geometry":{"type":"Point","coordinates":[-43.484274,-22.975934]}},{"type":"Feature","properties":{"codigo_unidade":"0724803","nome":"EDI VERA LUCIA MARTINS COSTA","tipo":"1","id_cre":7,"cod_territ":"7.28","logradouro":"RUA MINISTRO ALIOMAR BALEEIRO","bairro":"RECREIO DOS BANDEIRANTES","cep":"22790550","fonte_geo":"unidades_unificadas"},"geometry":{"type":"Point","coordinates":[-43.48266,-23.020023]}},{"type":"Feature","properties":{"codigo_unidade":"0724804","nome":"EDI PROFESSORA MATILDE ROSA LOPES DE ARAUJO","tipo":"1","id_cre":7,"cod_territ":"7.22","logradouro":"\"ESTRADA DE JACAREPAGUA \"","bairro":"ITANHANGÁ","cep":"22753030","fonte_geo":"unidades_unificadas"},"geometry":{"type":"Point","coordinates":[-43.322451,-22.988367]}},{"type":"Feature","properties":{"codigo_unidade":"0724805","nome":"EDI TRISTÃO DE ATHAYDE","tipo":"1","id_cre":7,"cod_territ":"7.22","logradouro":"RUA BRÁULIO EUGÊNIO MULLER","bairro":"BARRA DA TIJUCA","cep":"22793530","fonte_geo":"unidades_unificadas"},"geometry":{"type":"Point","coordinates":[-43.375805,-23.002962]}},{"type":"Feature","properties":{"codigo_unidade":"0724806","nome":"EDI PROFESSORA RUTH CARDOSO","tipo":"1","id_cre":7,"cod_territ":"7.29","logradouro":"RUA HISTORIADOR WERNECK DA SILVA","bairro":"RECREIO DOS BANDEIRANTES","cep":"22790832","fonte_geo":"unidades_unificadas"},"geometry":{"type":"Point","coordinates":[-43.472804,-23.01423]}},{"type":"Feature","properties":{"codigo_unidade":"0724807","nome":"EDI CARMEN MIRANDA","tipo":"1","id_cre":7,"cod_territ":"7.3","logradouro":"AVENIDA DAS AMÉRICAS","bairro":"BARRA DA TIJUCA","cep":"22640101","fonte_geo":"unidades_unificadas"},"geometry":{"type":"Point","coordinates":[-43.335633,-22.997104]}},{"type":"Feature","properties":{"codigo_unidade":"0724808","nome":"EDI AMOR","tipo":"1","id_cre":7,"cod_territ":"7.28","logradouro":"\"RUA SENADOR RUY CARNEIRO  \"","bairro":"RECREIO DOS BANDEIRANTES","cep":"22795650","fonte_geo":"unidades_unificadas"},"geometry":{"type":"Point","coordinates":[-43.478971,-23.024193]}},{"type":"Feature","properties":{"codigo_unidade":"0724809","nome":"\"EDI UGOCIONE JOSÉ DE MEDEIROS \"\"SEU UGO\"\"\"","tipo":"1","id_cre":7,"cod_territ":"7.25","logradouro":"\"RUA NOLASCO CALDEIRA \"","bairro":"VARGEM PEQUENA","cep":"22783113","fonte_geo":"unidades_unificadas"},"geometry":{"type":"Point","coordinates":[-43.462745,-22.979894]}},{"type":"Feature","properties":{"codigo_unidade":"0734001","nome":"EM AUGUSTO MAGNE","tipo":"1","id_cre":7,"cod_territ":"7.15","logradouro":"TRAVESSA ABILENE","bairro":"CIDADE DE DEUS","cep":"22773610","fonte_geo":"unidades_unificadas"},"geometry":{"type":"Point","coordinates":[-43.362203,-22.950946]}},{"type":"Feature","properties":{"codigo_unidade":"0734002","nome":"EM PROFESSORANDA LEILA BARCELLOS DE CARVALHO","tipo":"1","id_cre":7,"cod_territ":"7.15","logradouro":"RUA JESSÉ","bairro":"CIDADE DE DEUS","cep":"22773350","fonte_geo":"unidades_unificadas"},"geometry":{"type":"Point","coordinates":[-43.364377,-22.948774]}},{"type":"Feature","properties":{"codigo_unidade":"0734003","nome":"EM AVERTANO ROCHA","tipo":"1","id_cre":7,"cod_territ":"7.14","logradouro":"RUA REBOUÇAS","bairro":"CIDADE DE DEUS","cep":"22770410","fonte_geo":"unidades_unificadas"},"geometry":{"type":"Point","coordinates":[-43.360186,-22.944169]}},{"type":"Feature","properties":{"codigo_unidade":"0734005","nome":"EM ALPHONSUS DE GUIMARAENS","tipo":"1","id_cre":7,"cod_territ":"7.14","logradouro":"\"RUA EDGARD WERNECK \"","bairro":"CIDADE DE DEUS","cep":"22763011","fonte_geo":"unidades_unificadas"},"geometry":{"type":"Point","coordinates":[-43.358773,-22.950553]}},{"type":"Feature","properties":{"codigo_unidade":"0734006","nome":"EM FREDERICO EYER","tipo":"1","id_cre":7,"cod_territ":"7.14","logradouro":"RUA EDGARD CAVALHEIRO","bairro":"CIDADE DE DEUS","cep":"22770320","fonte_geo":"unidades_unificadas"},"geometry":{"type":"Point","coordinates":[-43.360533,-22.944302]}},{"type":"Feature","properties":{"codigo_unidade":"0734007","nome":"EM ALBERTO RANGEL","tipo":"1","id_cre":7,"cod_territ":"7.15","logradouro":"AVENIDA JOSÉ DE ARIMATÉIA","bairro":"CIDADE DE DEUS","cep":"22773570","fonte_geo":"unidades_unificadas"},"geometry":{"type":"Point","coordinates":[-43.3629,-22.949383]}},{"type":"Feature","properties":{"codigo_unidade":"0734008","nome":"EM JOAQUIM FONTES","tipo":"1","id_cre":7,"cod_territ":"7.12","logradouro":"RUA JOÃO MAFRA","bairro":"CIDADE DE DEUS","cep":"22775690","fonte_geo":"unidades_unificadas"},"geometry":{"type":"Point","coordinates":[-43.369654,-22.948079]}},{"type":"Feature","properties":{"codigo_unidade":"0734009","nome":"EM JOSÉ CLEMENTE PEREIRA","tipo":"1","id_cre":7,"cod_territ":"7.12","logradouro":"RUA ZÓZIMO DO AMARAL","bairro":"CIDADE DE DEUS","cep":"22775800","fonte_geo":"unidades_unificadas"},"geometry":{"type":"Point","coordinates":[-43.369141,-22.948237]}},{"type":"Feature","properties":{"codigo_unidade":"0734010","nome":"EM PEDRO ALEIXO","tipo":"1","id_cre":7,"cod_territ":"7.16","logradouro":"PRAÇA DA BIBLIA","bairro":"CIDADE DE DEUS","cep":"22763550","fonte_geo":"unidades_unificadas"},"geometry":{"type":"Point","coordinates":[-43.354695,-22.950829]}},{"type":"Feature","properties":{"codigo_unidade":"0734501","nome":"CIEP LUIZ CARLOS PRESTES","tipo":"1","id_cre":7,"cod_territ":"7.16","logradouro":"RUA ANA CRISTINA CESAR","bairro":"CIDADE DE DEUS","cep":"22763145","fonte_geo":"unidades_unificadas"},"geometry":{"type":"Point","coordinates":[-43.354142,-22.949142]}},{"type":"Feature","properties":{"codigo_unidade":"0734502","nome":"CIEP JOÃO BATISTA DOS SANTOS","tipo":"1","id_cre":7,"cod_territ":"7.14","logradouro":"RUA EDGARD WERNECK","bairro":"CIDADE DE DEUS","cep":"22763011","fonte_geo":"unidades_unificadas"},"geometry":{"type":"Point","coordinates":[-43.359739,-22.947106]}},{"type":"Feature","properties":{"codigo_unidade":"0734601","nome":"CM LUZES DO AMANHÃ","tipo":"1","id_cre":7,"cod_territ":"7.12","logradouro":"RUA PROJETADA","bairro":"CIDADE DE DEUS","cep":"22773130","fonte_geo":"unidades_unificadas"},"geometry":{"type":"Point","coordinates":[-43.364891,-22.952939]}},{"type":"Feature","properties":{"codigo_unidade":"0734602","nome":"CM MARGARIDA GABINAL","tipo":"1","id_cre":7,"cod_territ":"7.16","logradouro":"RUA LUZ","bairro":"CIDADE DE DEUS","cep":"22763540","fonte_geo":"unidades_unificadas"},"geometry":{"type":"Point","coordinates":[-43.355759,-22.950792]}},{"type":"Feature","properties":{"codigo_unidade":"0734603","nome":"CM SEMPRE VIDA JOSUÉ","tipo":"1","id_cre":7,"cod_territ":"7.14","logradouro":"\"RUA PEDRO IVO \"","bairro":"CIDADE DE DEUS","cep":"22770665","fonte_geo":"unidades_unificadas"},"geometry":{"type":"Point","coordinates":[-43.363848,-22.942892]}},{"type":"Feature","properties":{"codigo_unidade":"0734801","nome":"EDI JARDIM DO AMANHÃ","tipo":"1","id_cre":7,"cod_territ":"7.12","logradouro":"RUA DAS ROSAS - TRAVESSA LÍRIO DO CAMPO","bairro":"CIDADE DE DEUS","cep":"22775740","fonte_geo":"unidades_unificadas"},"geometry":{"type":"Point","coordinates":[-43.370431,-22.949404]}},{"type":"Feature","properties":{"codigo_unidade":"0734802","nome":"EDI SENHORA PERCILIANA PEREIRA DE ALVARENGA","tipo":"1","id_cre":7,"cod_territ":"7.14","logradouro":"RUA MOISÉS","bairro":"CIDADE DE DEUS","cep":"22763275","fonte_geo":"unidades_unificadas"},"geometry":{"type":"Point","coordinates":[-43.356636,-22.94965]}},{"type":"Feature","properties":{"codigo_unidade":"0734803","nome":"EDI ANA CAROLINA PACHECO DA SILVA","tipo":"1","id_cre":7,"cod_territ":"7.15","logradouro":"TRAVESSA ONÉSIMO","bairro":"CIDADE DE DEUS","cep":"22772090","fonte_geo":"unidades_unificadas"},"geometry":{"type":"Point","coordinates":[-43.365557,-22.947426]}},{"type":"Feature","properties":{"codigo_unidade":"0734804","nome":"EDI MARIA BERALDA","tipo":"1","id_cre":7,"cod_territ":"7.15","logradouro":"TRAVESSA ANATOLE","bairro":"CIDADE DE DEUS","cep":"22773530","fonte_geo":"unidades_unificadas"},"geometry":{"type":"Point","coordinates":[-43.360433,-22.94897]}},{"type":"Feature","properties":{"codigo_unidade":"0734805","nome":"EDI MONSENHOR CORDIOLI","tipo":"1","id_cre":7,"cod_territ":"7.15","logradouro":"TRAVESSA HARA","bairro":"CIDADE DE DEUS","cep":"22773613","fonte_geo":"unidades_unificadas"},"geometry":{"type":"Point","coordinates":[-43.361925,-22.95123]}},{"type":"Feature","properties":{"codigo_unidade":"08001","nome":"CP PEQUERRUCHINHOS","tipo":"4","id_cre":null,"cod_territ":null,"logradouro":null,"bairro":null,"cep":null,"fonte_geo":"ausente"},"geometry":null},{"type":"Feature","properties":{"codigo_unidade":"08002","nome":"CP CRECHE ESPÍRITA FRANCISCO DE ASSIS","tipo":"1","id_cre":null,"cod_territ":null,"logradouro":"ESTRADA DO ENGENHO NOVO","bairro":"REALENGO","cep":"21730320","fonte_geo":"ausente"},"geometry":null},{"type":"Feature","properties":{"codigo_unidade":"08003","nome":"CP CRECHE CRIANÇA JABOUR","tipo":"1","id_cre":null,"cod_territ":null,"logradouro":"RUA CROÁCIA","bairro":"JABOUR","cep":"21830510","fonte_geo":"ausente"},"geometry":null},{"type":"Feature","properties":{"codigo_unidade":"08004","nome":"CP CRECHE COMUNITÁRIA NINO","tipo":"1","id_cre":null,"cod_territ":null,"logradouro":"RUA FORT LAMY","bairro":"VILA KENNEDY","cep":"21850450","fonte_geo":"ausente"},"geometry":null},{"type":"Feature","properties":{"codigo_unidade":"08005","nome":"CP CRECHE E ESCOLA COMUNITÁRIA GENTE INOCENTE - REALENGO","tipo":"1","id_cre":null,"cod_territ":null,"logradouro":"ESTRADA DA ÁGUA BRANCA","bairro":"REALENGO","cep":"21720161","fonte_geo":"ausente"},"geometry":null},{"type":"Feature","properties":{"codigo_unidade":"08006","nome":"CP FUNDAÇÃO CASA DA JOANINHA - CRECHE","tipo":"1","id_cre":null,"cod_territ":null,"logradouro":"ESTRADA  DA AGUA BRANCA","bairro":"MAGALHÃES BASTOS","cep":"21730000","fonte_geo":"ausente"},"geometry":null},{"type":"Feature","properties":{"codigo_unidade":"08007","nome":"CP CRECHE E ESCOLA COMUNITÁRIA GENTE INOCENTE - BANGU","tipo":"1","id_cre":null,"cod_territ":null,"logradouro":"ESTRADA DA AGUA BRANCA","bairro":"BANGU","cep":"21862372","fonte_geo":"ausente"},"geometry":null},{"type":"Feature","properties":{"codigo_unidade":"08008","nome":"CP ASSOCIAÇÃO DE MORADORES DO CONJUNTO PEDRO I E ADJACÊNCIAS","tipo":"1","id_cre":null,"cod_territ":null,"logradouro":"RUA DA CITARA","bairro":"REALENGO","cep":"21755420","fonte_geo":"ausente"},"geometry":null},{"type":"Feature","properties":{"codigo_unidade":"08009","nome":"CP ASSOCIAÇÃO RECREATIVA PINGUINHO DE GENTE","tipo":"1","id_cre":null,"cod_territ":null,"logradouro":"RUA DOUTOR AUGUSTO FIGUEIREDO","bairro":"SENADOR CAMARÁ","cep":"21840600","fonte_geo":"ausente"},"geometry":null},{"type":"Feature","properties":{"codigo_unidade":"08010","nome":"CP ASSOCIAÇÃO CENTRO EDUCACIONAL REBRAL III","tipo":"1","id_cre":null,"cod_territ":null,"logradouro":"RUA DO IMPERADOR","bairro":"REALENGO","cep":"21715075","fonte_geo":"ausente"},"geometry":null},{"type":"Feature","properties":{"codigo_unidade":"08011","nome":"CP ESPAÇO DE EDUCAÇÃO INFANTIL BATAN","tipo":"1","id_cre":null,"cod_territ":null,"logradouro":"RUA RAUL AZEDO NETO","bairro":"REALENGO","cep":"21730690","fonte_geo":"ausente"},"geometry":null},{"type":"Feature","properties":{"codigo_unidade":"08012","nome":"CP MENEZES EDUCACIONAL","tipo":"4","id_cre":null,"cod_territ":null,"logradouro":null,"bairro":null,"cep":null,"fonte_geo":"ausente"},"geometry":null},{"type":"Feature","properties":{"codigo_unidade":"08013","nome":"CP CENTRO EDUCACIONAL LUIZA","tipo":"1","id_cre":null,"cod_territ":null,"logradouro":"RUA DO IMPERADOR","bairro":"REALENGO","cep":"21715074","fonte_geo":"ausente"},"geometry":null},{"type":"Feature","properties":{"codigo_unidade":"08014","nome":"CP DO.RA., A AVENTUREIRA","tipo":"1","id_cre":null,"cod_territ":null,"logradouro":"RUA DOS ESTAMPADORES","bairro":"BANGU","cep":"21820100","fonte_geo":"ausente"},"geometry":null},{"type":"Feature","properties":{"codigo_unidade":"08015","nome":"CP CEM CRECHE ESCOLA MACHADO","tipo":"1","id_cre":null,"cod_territ":null,"logradouro":"RUA SAO DAGOBERTO","bairro":"REALENGO","cep":"21730450","fonte_geo":"ausente"},"geometry":null},{"type":"Feature","properties":{"codigo_unidade":"08016","nome":"CP ASSOCIAÇÃO CENTRO EDUCACIONAL REBRAL VI","tipo":"1","id_cre":null,"cod_territ":null,"logradouro":"RUA SANTA ODILIA","bairro":"REALENGO","cep":"21755110","fonte_geo":"ausente"},"geometry":null},{"type":"Feature","properties":{"codigo_unidade":"08017","nome":"CP ASSOCIAÇÃO CRECHE ESPERANÇA - REALENGO","tipo":"4","id_cre":null,"cod_territ":null,"logradouro":null,"bairro":null,"cep":null,"fonte_geo":"ausente"},"geometry":null},{"type":"Feature","properties":{"codigo_unidade":"08018","nome":"CP CRECHE COMUNITÁRIA ESTRELINHA","tipo":"1","id_cre":null,"cod_territ":null,"logradouro":"RUA  DR AUGUSTO FIGUEIREDO","bairro":"BANGU","cep":"21840600","fonte_geo":"ausente"},"geometry":null},{"type":"Feature","properties":{"codigo_unidade":"08019","nome":"CP ESCOLA COMUNITÁRIA JARDIM ARCO-ÍRIS - UNIDADE II","tipo":"1","id_cre":null,"cod_territ":null,"logradouro":"AVENIDA PIRPIRITUBA","bairro":"REALENGO","cep":"21760240","fonte_geo":"ausente"},"geometry":null},{"type":"Feature","properties":{"codigo_unidade":"08020","nome":"CP CRECHE LOUVOR NA TERRA","tipo":"4","id_cre":null,"cod_territ":null,"logradouro":null,"bairro":null,"cep":null,"fonte_geo":"ausente"},"geometry":null},{"type":"Feature","properties":{"codigo_unidade":"08021","nome":"CP ASSOCIAÇÃO RECREATIVA MUNDO MÁGICO DA TIA NATY","tipo":"1","id_cre":null,"cod_territ":null,"logradouro":"TRAV BELISÁRIO DE SOUSA","bairro":"PADRE MIGUEL","cep":"21721250","fonte_geo":"ausente"},"geometry":null},{"type":"Feature","properties":{"codigo_unidade":"08022","nome":"CP ASSOCIAÇÃO CRECHE ESPERANÇA - MAGALHÃES BASTOS","tipo":"4","id_cre":null,"cod_territ":null,"logradouro":null,"bairro":null,"cep":null,"fonte_geo":"ausente"},"geometry":null},{"type":"Feature","properties":{"codigo_unidade":"08023","nome":"CP CRECHE COMUNITÁRIA IRMÃ MARIA DE LOURDES","tipo":"1","id_cre":null,"cod_territ":null,"logradouro":"ESTR. SARGENTO MIGUEL  FILHO","bairro":"BANGU","cep":"21850007","fonte_geo":"ausente"},"geometry":null},{"type":"Feature","properties":{"codigo_unidade":"08024","nome":"CP CEM CRECHE ESCOLA MACHADO - UNIDADE I","tipo":"1","id_cre":null,"cod_territ":null,"logradouro":"RUA SAO DAGOBERTO","bairro":"REALENGO","cep":"21730450","fonte_geo":"ausente"},"geometry":null},{"type":"Feature","properties":{"codigo_unidade":"08024","nome":"CEM - ESCOLA MACHADO - UNIDADE I","tipo":"3","id_cre":null,"cod_territ":null,"logradouro":null,"bairro":null,"cep":null,"fonte_geo":"ausente"},"geometry":null},{"type":"Feature","properties":{"codigo_unidade":"08025","nome":"ASSOCIAÇÃO RECREATIVA MONIZ BARRETO","tipo":"3","id_cre":null,"cod_territ":null,"logradouro":null,"bairro":null,"cep":null,"fonte_geo":"ausente"},"geometry":null},{"type":"Feature","properties":{"codigo_unidade":"08025","nome":"CP ASSOCIAÇÃO RECREATIVA MONIZ BARRETO","tipo":"1","id_cre":null,"cod_territ":null,"logradouro":"RUA MARIA GRAHAM","bairro":"JARDIM SULACAP","cep":"21741350","fonte_geo":"ausente"},"geometry":null},{"type":"Feature","properties":{"codigo_unidade":"08026","nome":"CRECHE COMUNITÁRIA SNOOPY","tipo":"3","id_cre":null,"cod_territ":null,"logradouro":null,"bairro":null,"cep":null,"fonte_geo":"ausente"},"geometry":null},{"type":"Feature","properties":{"codigo_unidade":"08026","nome":"CP CRECHE COMUNITÁRIA SNOOPY","tipo":"4","id_cre":null,"cod_territ":null,"logradouro":null,"bairro":null,"cep":null,"fonte_geo":"ausente"},"geometry":null},{"type":"Feature","properties":{"codigo_unidade":"08027","nome":"CP CENTRO EDUCACIONAL MUNDO DA MÔNICA","tipo":"1","id_cre":null,"cod_territ":null,"logradouro":"RUA AGLAIA","bairro":"BANGU","cep":"21825180","fonte_geo":"ausente"},"geometry":null},{"type":"Feature","properties":{"codigo_unidade":"08028","nome":"CP ASSOCIAÇÃO CENTRO EDUCACIONAL REBRAL XV","tipo":"1","id_cre":null,"cod_territ":null,"logradouro":"RUA FREDERICO FAULHABER","bairro":"REALENGO","cep":"21760000","fonte_geo":"ausente"},"geometry":null},{"type":"Feature","properties":{"codigo_unidade":"08029","nome":"CP ASSOCIAÇÃO CENTRO EDUCACIONAL REBRAL XVI","tipo":"1","id_cre":null,"cod_territ":null,"logradouro":"\" RUA CAPITÃO TEIXEIRA\"","bairro":"REALENGO","cep":"21755000","fonte_geo":"ausente"},"geometry":null},{"type":"Feature","properties":{"codigo_unidade":"08030","nome":"CP ASSOCIAÇÃO RECREATIVA PINGUINHO DE GENTE II","tipo":"1","id_cre":null,"cod_territ":null,"logradouro":"RUA NOVA GUINE","bairro":"SENADOR CAMARÁ","cep":"21830300","fonte_geo":"ausente"},"geometry":null},{"type":"Feature","properties":{"codigo_unidade":"08031","nome":"CP ASSOCIAÇÃO RECREATIVA PINGUINHO DE GENTE III","tipo":"1","id_cre":null,"cod_territ":null,"logradouro":"\" R DR AUGUSTO FIGUEIREDO\"","bairro":"BANGU","cep":"21840600","fonte_geo":"ausente"},"geometry":null},{"type":"Feature","properties":{"codigo_unidade":"08031","nome":"CP ASSOCIAÇÃO RECREATIVA PINGUINHO DE GENTE III","tipo":"3","id_cre":null,"cod_territ":null,"logradouro":null,"bairro":null,"cep":null,"fonte_geo":"ausente"},"geometry":null},{"type":"Feature","properties":{"codigo_unidade":"08032","nome":"CP CRECHE COMUNITÁRIA CORES E AMORES","tipo":"1","id_cre":null,"cod_territ":null,"logradouro":null,"bairro":null,"cep":null,"fonte_geo":"ausente"},"geometry":null},{"type":"Feature","properties":{"codigo_unidade":"08033","nome":"CP ESPAÇO FLORESCER","tipo":"1","id_cre":null,"cod_territ":null,"logradouro":null,"bairro":null,"cep":null,"fonte_geo":"ausente"},"geometry":null},{"type":"Feature","properties":{"codigo_unidade":"08034","nome":"CP CRECHE COMUNITÁRIA MARIA TERESA - SENADOR CAMARÁ","tipo":"1","id_cre":null,"cod_territ":null,"logradouro":null,"bairro":null,"cep":null,"fonte_geo":"ausente"},"geometry":null},{"type":"Feature","properties":{"codigo_unidade":"08034","nome":"CP CRECHE COMUNITÁRIA MARIA TERESA - SENADOR CAMAR","tipo":"3","id_cre":null,"cod_territ":null,"logradouro":null,"bairro":null,"cep":null,"fonte_geo":"ausente"},"geometry":null},{"type":"Feature","properties":{"codigo_unidade":"08035","nome":"CP ASSOCIAÇÃO EDUCACIONAL E CULTURAL HELIANTHUS - AECH","tipo":"1","id_cre":null,"cod_territ":null,"logradouro":null,"bairro":null,"cep":null,"fonte_geo":"ausente"},"geometry":null},{"type":"Feature","properties":{"codigo_unidade":"08036","nome":"CP CRECHE COMUNITÁRIA ESTRELINHA II","tipo":"1","id_cre":null,"cod_territ":null,"logradouro":null,"bairro":null,"cep":null,"fonte_geo":"ausente"},"geometry":null},{"type":"Feature","properties":{"codigo_unidade":"08037","nome":"CP CRECHE COMUNITÁRIA MORADA DO GIRASSOL","tipo":"1","id_cre":null,"cod_territ":null,"logradouro":null,"bairro":null,"cep":null,"fonte_geo":"ausente"},"geometry":null},{"type":"Feature","properties":{"codigo_unidade":"08038","nome":"CP CRECHE SONHO DE CRIANÇA - PADRE MIGUEL","tipo":"1","id_cre":null,"cod_territ":null,"logradouro":null,"bairro":null,"cep":null,"fonte_geo":"ausente"},"geometry":null},{"type":"Feature","properties":{"codigo_unidade":"08039","nome":"CP CRECHE E ESCOLA COMUNITÁRIA GENTE INOCENTE - REALENGO II","tipo":"1","id_cre":null,"cod_territ":null,"logradouro":null,"bairro":null,"cep":null,"fonte_geo":"ausente"},"geometry":null},{"type":"Feature","properties":{"codigo_unidade":"08040","nome":"CP CRECHE AVENTURAS KIDS","tipo":"1","id_cre":null,"cod_territ":null,"logradouro":null,"bairro":null,"cep":null,"fonte_geo":"ausente"},"geometry":null},{"type":"Feature","properties":{"codigo_unidade":"0817008","nome":"EM FREI VICENTE DO SALVADOR","tipo":"1","id_cre":8,"cod_territ":"8.7","logradouro":"RUA HELIANTO","bairro":"PADRE MIGUEL","cep":"21775090","fonte_geo":"unidades_unificadas"},"geometry":{"type":"Point","coordinates":[-43.446283,-22.889415]}},{"type":"Feature","properties":{"codigo_unidade":"0817009","nome":"EM JOSÉ MARIA BELLO","tipo":"1","id_cre":8,"cod_territ":"8.7","logradouro":"RUA BUÍQUE","bairro":"PADRE MIGUEL","cep":"21775310","fonte_geo":"unidades_unificadas"},"geometry":{"type":"Point","coordinates":[-43.450553,-22.891085]}},{"type":"Feature","properties":{"codigo_unidade":"0817010","nome":"EM LAURO MULLER","tipo":"1","id_cre":8,"cod_territ":"8.8","logradouro":"RUA ROSA DE ALMEIDA","bairro":"PADRE MIGUEL","cep":"21775480","fonte_geo":"unidades_unificadas"},"geometry":{"type":"Point","coordinates":[-43.44644,-22.882073]}},{"type":"Feature","properties":{"codigo_unidade":"0817011","nome":"EM PROFESSOR WAN-TUYL DA SILVA CARDOSO","tipo":"1","id_cre":8,"cod_territ":"8.7","logradouro":"RUA OLÍMPIA ESTEVES","bairro":"PADRE MIGUEL","cep":"21775005","fonte_geo":"unidades_unificadas"},"geometry":{"type":"Point","coordinates":[-43.446729,-22.88951]}},{"type":"Feature","properties":{"codigo_unidade":"0817012","nome":"EM ANTÔNIO AUSTRAGÉSILO","tipo":"1","id_cre":8,"cod_territ":"8.8","logradouro":"RUA DA FÁBRICA","bairro":"BANGU","cep":"21820110","fonte_geo":"unidades_unificadas"},"geometry":{"type":"Point","coordinates":[-43.471804,-22.877287]}},{"type":"Feature","properties":{"codigo_unidade":"0817013","nome":"EM COLLECHIO","tipo":"1","id_cre":8,"cod_territ":"8.10","logradouro":"RUA BAÍA FORMOSA","bairro":"BANGU","cep":"21830140","fonte_geo":"unidades_unificadas"},"geometry":{"type":"Point","coordinates":[-43.481741,-22.881096]}},{"type":"Feature","properties":{"codigo_unidade":"0817014","nome":"EM COMENIUS","tipo":"1","id_cre":8,"cod_territ":"8.9","logradouro":"RUA RENATO REBECCHI","bairro":"BANGU","cep":"21825450","fonte_geo":"unidades_unificadas"},"geometry":{"type":"Point","coordinates":[-43.472575,-22.892425]}},{"type":"Feature","properties":{"codigo_unidade":"0817015","nome":"EM CONSELHEIRO ZACARIAS DE GÓIS","tipo":"1","id_cre":8,"cod_territ":"8.8","logradouro":"RUA SILVA CARDOSO","bairro":"BANGU","cep":"21810031","fonte_geo":"unidades_unificadas"},"geometry":{"type":"Point","coordinates":[-43.463257,-22.885451]}},{"type":"Feature","properties":{"codigo_unidade":"0817016","nome":"EM GETÚLIO VARGAS","tipo":"1","id_cre":8,"cod_territ":"8.8","logradouro":"AVENIDA SANTA CRUZ","bairro":"BANGU","cep":"21810015","fonte_geo":"unidades_unificadas"},"geometry":{"type":"Point","coordinates":[-43.467822,-22.875887]}},{"type":"Feature","properties":{"codigo_unidade":"0817017","nome":"EM LEONARDO DA VINCI","tipo":"1","id_cre":8,"cod_territ":"8.9","logradouro":"RUA RENATO REBECCHI","bairro":"BANGU","cep":"21825450","fonte_geo":"unidades_unificadas"},"geometry":{"type":"Point","coordinates":[-43.472954,-22.892527]}},{"type":"Feature","properties":{"codigo_unidade":"0817018","nome":"EM LEONIDAS SOBRINHO PORTO","tipo":"1","id_cre":8,"cod_territ":"8.8","logradouro":"RUA DAS AVENCAS","bairro":"BANGU","cep":"21815080","fonte_geo":"unidades_unificadas"},"geometry":{"type":"Point","coordinates":[-43.46304,-22.885559]}},{"type":"Feature","properties":{"codigo_unidade":"0817019","nome":"EM MILTON CAMPOS","tipo":"1","id_cre":8,"cod_territ":"8.9","logradouro":"RUA DOS BANGUENSES","bairro":"BANGU","cep":"21825060","fonte_geo":"unidades_unificadas"},"geometry":{"type":"Point","coordinates":[-43.470086,-22.887496]}},{"type":"Feature","properties":{"codigo_unidade":"0817020","nome":"EM NAÇÕES UNIDAS","tipo":"1","id_cre":8,"cod_territ":"8.9","logradouro":"RUA DOS LIMADORES","bairro":"BANGU","cep":"21830005","fonte_geo":"unidades_unificadas"},"geometry":{"type":"Point","coordinates":[-43.476291,-22.888146]}},{"type":"Feature","properties":{"codigo_unidade":"0817021","nome":"EM O'HIGGINS","tipo":"1","id_cre":8,"cod_territ":"8.9","logradouro":"RUA BOMBAIM","bairro":"BANGU","cep":"21825050","fonte_geo":"unidades_unificadas"},"geometry":{"type":"Point","coordinates":[-43.476329,-22.888412]}},{"type":"Feature","properties":{"codigo_unidade":"0817022","nome":"EM PROFESSOR JÚLIO DE MESQUITA","tipo":"1","id_cre":8,"cod_territ":"8.8","logradouro":"RUA RIBEIRO DE ANDRADE","bairro":"BANGU","cep":"21810145","fonte_geo":"unidades_unificadas"},"geometry":{"type":"Point","coordinates":[-43.456562,-22.88308]}},{"type":"Feature","properties":{"codigo_unidade":"0817023","nome":"EM ROQUETE PINTO","tipo":"1","id_cre":8,"cod_territ":"8.8","logradouro":"RUA OLIVEIRA RIBEIRO","bairro":"BANGU","cep":"21815115","fonte_geo":"unidades_unificadas"},"geometry":{"type":"Point","coordinates":[-43.456332,-22.882832]}},{"type":"Feature","properties":{"codigo_unidade":"0817024","nome":"EM WALDIR AZEVEDO FRANCO","tipo":"1","id_cre":8,"cod_territ":"8.9","logradouro":"RUA DOS ESTAMPADORES","bairro":"BANGU","cep":"21820100","fonte_geo":"unidades_unificadas"},"geometry":{"type":"Point","coordinates":[-43.470533,-22.886734]}},{"type":"Feature","properties":{"codigo_unidade":"0817026","nome":"EEM AÇÃO CRISTÃ VICENTE MORETTI","tipo":"1","id_cre":8,"cod_territ":"8.8","logradouro":"RUA MARAVILHA","bairro":"BANGU","cep":"21810100","fonte_geo":"unidades_unificadas"},"geometry":{"type":"Point","coordinates":[-43.457663,-22.878439]}},{"type":"Feature","properties":{"codigo_unidade":"0817027","nome":"EM HENRIQUE DE MAGALHÃES","tipo":"1","id_cre":8,"cod_territ":"8.8","logradouro":"RUA DA FÁBRICA","bairro":"BANGU","cep":"21820110","fonte_geo":"unidades_unificadas"},"geometry":{"type":"Point","coordinates":[-43.470956,-22.878043]}},{"type":"Feature","properties":{"codigo_unidade":"0817028","nome":"EM PRESIDENTE MÉDICI","tipo":"1","id_cre":8,"cod_territ":"8.10","logradouro":"RUA TIBAGI","bairro":"BANGU","cep":"21820270","fonte_geo":"unidades_unificadas"},"geometry":{"type":"Point","coordinates":[-43.478183,-22.883427]}},{"type":"Feature","properties":{"codigo_unidade":"0817029","nome":"EM ANTÔNIO BANDEIRA","tipo":"1","id_cre":8,"cod_territ":"8.12","logradouro":"\"RUA HUMBERTO BANDEIRA DE MELO \"","bairro":"\"SENADOR CAMARÁ \"","cep":"21832020","fonte_geo":"unidades_unificadas"},"geometry":{"type":"Point","coordinates":[-43.487834,-22.884806]}},{"type":"Feature","properties":{"codigo_unidade":"0817030","nome":"EM DIAS MARTINS","tipo":"1","id_cre":8,"cod_territ":"8.12","logradouro":"RUA HUGO BARRETO","bairro":"SENADOR CAMARÁ","cep":"21831050","fonte_geo":"unidades_unificadas"},"geometry":{"type":"Point","coordinates":[-43.484779,-22.884004]}},{"type":"Feature","properties":{"codigo_unidade":"0817031","nome":"EM ENGENHEIRO PIRES DO RIO","tipo":"1","id_cre":8,"cod_territ":"8.10","logradouro":"RUA NOVA ORLEANS","bairro":"SENADOR CAMARÁ","cep":"21830285","fonte_geo":"unidades_unificadas"},"geometry":{"type":"Point","coordinates":[-43.484494,-22.880928]}},{"type":"Feature","properties":{"codigo_unidade":"0817032","nome":"EM ERNESTO FRANCISCONE","tipo":"1","id_cre":8,"cod_territ":"8.11","logradouro":"RUA MUCURIPE","bairro":"SENADOR CAMARÁ","cep":"21832150","fonte_geo":"unidades_unificadas"},"geometry":{"type":"Point","coordinates":[-43.488765,-22.891456]}},{"type":"Feature","properties":{"codigo_unidade":"0817033","nome":"EM HENRIQUE DA SILVA FONTES","tipo":"1","id_cre":8,"cod_territ":"8.10","logradouro":"RUA MARMIARI","bairro":"SENADOR CAMARÁ","cep":"21831000","fonte_geo":"unidades_unificadas"},"geometry":{"type":"Point","coordinates":[-43.482488,-22.890278]}},{"type":"Feature","properties":{"codigo_unidade":"0817034","nome":"EM JORGE JABOUR","tipo":"1","id_cre":8,"cod_territ":"8.12","logradouro":"RUA RAUL AZEVEDO","bairro":"SENADOR CAMARÁ","cep":"21833140","fonte_geo":"unidades_unificadas"},"geometry":{"type":"Point","coordinates":[-43.492999,-22.878602]}},{"type":"Feature","properties":{"codigo_unidade":"0817035","nome":"EM MÁRIO FERNANDES PINHEIRO","tipo":"1","id_cre":8,"cod_territ":"8.13","logradouro":"RUA C","bairro":"SENADOR CAMARÁ","cep":"21843709","fonte_geo":"unidades_unificadas"},"geometry":{"type":"Point","coordinates":[-43.498979,-22.878129]}},{"type":"Feature","properties":{"codigo_unidade":"0817036","nome":"EM OSCAR THOMPSOM","tipo":"1","id_cre":8,"cod_territ":"8.13","logradouro":"ESTRADA MANDABUÁ","bairro":"SENADOR CAMARÁ","cep":"21833050","fonte_geo":"unidades_unificadas"},"geometry":{"type":"Point","coordinates":[-43.498332,-22.88394]}},{"type":"Feature","properties":{"codigo_unidade":"0817037","nome":"EM PRESIDENTE WILSON","tipo":"1","id_cre":8,"cod_territ":"8.10","logradouro":"RUA MARMIARI","bairro":"SENADOR CAMARÁ","cep":"21831000","fonte_geo":"unidades_unificadas"},"geometry":{"type":"Point","coordinates":[-43.482822,-22.88905]}},{"type":"Feature","properties":{"codigo_unidade":"0817038","nome":"EM RAINHA FABÍOLA","tipo":"1","id_cre":8,"cod_territ":"8.12","logradouro":"RUA RAUL AZEVEDO","bairro":"SENADOR CAMARÁ","cep":"21833140","fonte_geo":"unidades_unificadas"},"geometry":{"type":"Point","coordinates":[-43.492908,-22.879018]}},{"type":"Feature","properties":{"codigo_unidade":"0817039","nome":"EM SAMPAIO CORRÊA","tipo":"1","id_cre":8,"cod_territ":"8.20","logradouro":"RUA UBATÃ","bairro":"SENADOR CAMARÁ","cep":"21843040","fonte_geo":"unidades_unificadas"},"geometry":{"type":"Point","coordinates":[-43.487047,-22.874291]}},{"type":"Feature","properties":{"codigo_unidade":"0817040","nome":"EM SANTA FRANCISCA XAVIER CABRINI","tipo":"1","id_cre":8,"cod_territ":"8.12","logradouro":"RUA MARINHO REGO","bairro":"SENADOR CAMARÁ","cep":"21833120","fonte_geo":"unidades_unificadas"},"geometry":{"type":"Point","coordinates":[-43.495318,-22.876444]}},{"type":"Feature","properties":{"codigo_unidade":"0817041","nome":"EM ABRAHÃO JABOUR","tipo":"1","id_cre":8,"cod_territ":"8.12","logradouro":"RUA RAUL AZEVEDO","bairro":"SENADOR CAMARÁ","cep":"21833140","fonte_geo":"unidades_unificadas"},"geometry":{"type":"Point","coordinates":[-43.492713,-22.879393]}},{"type":"Feature","properties":{"codigo_unidade":"0817042","nome":"EM THOMÉ DE SOUZA","tipo":"1","id_cre":8,"cod_territ":"8.10","logradouro":"RUA YALTA","bairro":"SENADOR CAMARÁ","cep":"21830316","fonte_geo":"unidades_unificadas"},"geometry":{"type":"Point","coordinates":[-43.484585,-22.879233]}},{"type":"Feature","properties":{"codigo_unidade":"0817043","nome":"EM EVARISTO DE MORAES","tipo":"1","id_cre":8,"cod_territ":"8.13","logradouro":"PRAÇA DO VIRADOURO","bairro":"SANTÍSSIMO","cep":"23010135","fonte_geo":"unidades_unificadas"},"geometry":{"type":"Point","coordinates":[-43.504331,-22.882467]}},{"type":"Feature","properties":{"codigo_unidade":"0817044","nome":"EM FERNANDO MAXIMILIANO","tipo":"1","id_cre":8,"cod_territ":"8.13","logradouro":"\" RUA A\"","bairro":"SANTÍSSIMO","cep":"23010630","fonte_geo":"unidades_unificadas"},"geometry":{"type":"Point","coordinates":[-43.504409,-22.878178]}},{"type":"Feature","properties":{"codigo_unidade":"0817045","nome":"EM ARIENA VIANNA DA SILVA","tipo":"1","id_cre":8,"cod_territ":"8.11","logradouro":"RUA NARANDIBA","bairro":"SENADOR CAMARÁ","cep":"21832260","fonte_geo":"unidades_unificadas"},"geometry":{"type":"Point","coordinates":[-43.491224,-22.89219]}},{"type":"Feature","properties":{"codigo_unidade":"0817046","nome":"EM RAUL FRANCISCO RYFF","tipo":"1","id_cre":8,"cod_territ":"8.22","logradouro":"\"RUA CONSTELAÇÃO \"","bairro":"SENADOR CAMARÁ","cep":"21843798","fonte_geo":"unidades_unificadas"},"geometry":{"type":"Point","coordinates":[-43.494715,-22.869764]}},{"type":"Feature","properties":{"codigo_unidade":"0817047","nome":"EM BANGU","tipo":"1","id_cre":8,"cod_territ":"8.15","logradouro":"RUA SOFIA","bairro":"PADRE MIGUEL","cep":"21875100","fonte_geo":"unidades_unificadas"},"geometry":{"type":"Point","coordinates":[-43.451768,-22.873608]}},{"type":"Feature","properties":{"codigo_unidade":"0817048","nome":"EM ENGENHEIRO JOÃO THOMÉ","tipo":"1","id_cre":8,"cod_territ":"8.17","logradouro":"RUA CABO JOSÉ DA CONCEIÇÃO","bairro":"PADRE MIGUEL","cep":"21720520","fonte_geo":"unidades_unificadas"},"geometry":{"type":"Point","coordinates":[-43.446969,-22.867124]}},{"type":"Feature","properties":{"codigo_unidade":"0817049","nome":"EM EUZEBIO DE QUEIROZ","tipo":"1","id_cre":8,"cod_territ":"8.17","logradouro":"RUA SUCUARANA","bairro":"PADRE MIGUEL","cep":"21720290","fonte_geo":"unidades_unificadas"},"geometry":{"type":"Point","coordinates":[-43.449211,-22.862276]}},{"type":"Feature","properties":{"codigo_unidade":"0817050","nome":"EM MOACYR PADILHA","tipo":"1","id_cre":8,"cod_territ":"8.16","logradouro":"RUA GENERAL GOMES DE CASTRO","bairro":"PADRE MIGUEL","cep":"21721000","fonte_geo":"unidades_unificadas"},"geometry":{"type":"Point","coordinates":[-43.450652,-22.868766]}},{"type":"Feature","properties":{"codigo_unidade":"0817052","nome":"EM VILLA LOBOS","tipo":"1","id_cre":8,"cod_territ":"8.17","logradouro":"RUA CABO JOSÉ DA CONCEIÇÃO","bairro":"PADRE MIGUEL","cep":"21720520","fonte_geo":"unidades_unificadas"},"geometry":{"type":"Point","coordinates":[-43.446492,-22.867428]}},{"type":"Feature","properties":{"codigo_unidade":"0817054","nome":"EM PROFESSOR JOAQUIM DA COSTA RIBEIRO","tipo":"1","id_cre":8,"cod_territ":"8.25","logradouro":"ESTRADA DA CANCELA PRETA","bairro":"REALENGO","cep":"21725010","fonte_geo":"unidades_unificadas"},"geometry":{"type":"Point","coordinates":[-43.455521,-22.856152]}},{"type":"Feature","properties":{"codigo_unidade":"0817055","nome":"EM PROFESSOR LAURO TRAVASSOS","tipo":"1","id_cre":8,"cod_territ":"8.25","logradouro":"ESTRADA DA CANCELA PRETA","bairro":"REALENGO","cep":"21725010","fonte_geo":"unidades_unificadas"},"geometry":{"type":"Point","coordinates":[-43.457989,-22.853842]}},{"type":"Feature","properties":{"codigo_unidade":"0817056","nome":"EM ANNA AMÉLIA QUEIROZ CARNEIRO DE MENDONÇA","tipo":"1","id_cre":8,"cod_territ":"8.16","logradouro":"RUA BIARRITZ","bairro":"BANGU","cep":"21870190","fonte_geo":"unidades_unificadas"},"geometry":{"type":"Point","coordinates":[-43.459785,-22.871902]}},{"type":"Feature","properties":{"codigo_unidade":"0817057","nome":"EM CLEMENTINO FRAGA","tipo":"1","id_cre":8,"cod_territ":"8.16","logradouro":"RUA DO CORAL","bairro":"BANGU","cep":"21870260","fonte_geo":"unidades_unificadas"},"geometry":{"type":"Point","coordinates":[-43.461677,-22.870357]}},{"type":"Feature","properties":{"codigo_unidade":"0817058","nome":"EM GUILHERME DA SILVEIRA","tipo":"1","id_cre":8,"cod_territ":"8.27","logradouro":"ESTRADA DO GUANDU DO SENA","bairro":"BANGU","cep":"21853031","fonte_geo":"unidades_unificadas"},"geometry":{"type":"Point","coordinates":[-43.483525,-22.853047]}},{"type":"Feature","properties":{"codigo_unidade":"0817059","nome":"EM JOANA ANGÉLICA","tipo":"1","id_cre":8,"cod_territ":"8.21","logradouro":"TRAVESSA BARRANQUILHA","bairro":"BANGU","cep":"21850440","fonte_geo":"unidades_unificadas"},"geometry":{"type":"Point","coordinates":[-43.488106,-22.856911]}},{"type":"Feature","properties":{"codigo_unidade":"0817060","nome":"EM JOÃO DAUDT DE OLIVEIRA","tipo":"1","id_cre":8,"cod_territ":"8.27","logradouro":"\"AV BRASIL \"","bairro":"BANGU","cep":"21852001","fonte_geo":"unidades_unificadas"},"geometry":{"type":"Point","coordinates":[-43.495022,-22.855782]}},{"type":"Feature","properties":{"codigo_unidade":"0817061","nome":"EM JOAQUIM EDSON DE CAMARGO","tipo":"1","id_cre":8,"cod_territ":"8.23","logradouro":"RUA SUDÃO","bairro":"BANGU","cep":"21852535","fonte_geo":"unidades_unificadas"},"geometry":{"type":"Point","coordinates":[-43.493252,-22.860885]}},{"type":"Feature","properties":{"codigo_unidade":"0817062","nome":"EM JOSÉ PIQUET CARNEIRO","tipo":"1","id_cre":8,"cod_territ":"8.17","logradouro":"ESTRADA PORTO NACIONAL","bairro":"BANGU","cep":"21870380","fonte_geo":"unidades_unificadas"},"geometry":{"type":"Point","coordinates":[-43.455136,-22.862936]}},{"type":"Feature","properties":{"codigo_unidade":"0817063","nome":"EM MARIA QUITÉRIA","tipo":"1","id_cre":8,"cod_territ":"8.26","logradouro":"RUA NOVA PRATA","bairro":"BANGU","cep":"21863030","fonte_geo":"unidades_unificadas"},"geometry":{"type":"Point","coordinates":[-43.470589,-22.851833]}},{"type":"Feature","properties":{"codigo_unidade":"0817064","nome":"EM PROFESSORA SANDRA PIRES","tipo":"1","id_cre":8,"cod_territ":"8.18","logradouro":"RUA DO DESENHISTA","bairro":"BANGU","cep":"21812030","fonte_geo":"unidades_unificadas"},"geometry":{"type":"Point","coordinates":[-43.477741,-22.868788]}},{"type":"Feature","properties":{"codigo_unidade":"0817065","nome":"EM PABLO PICASSO","tipo":"1","id_cre":8,"cod_territ":"8.17","logradouro":"\" RUA ARARI,\"","bairro":"BANGU","cep":"21875260","fonte_geo":"unidades_unificadas"},"geometry":{"type":"Point","coordinates":[-43.452354,-22.866723]}},{"type":"Feature","properties":{"codigo_unidade":"0817066","nome":"EM PRACINHA JOÃO DA SILVA","tipo":"1","id_cre":8,"cod_territ":"8.18","logradouro":"PRAÇA DO NORDESTE","bairro":"BANGU","cep":"21840450","fonte_geo":"unidades_unificadas"},"geometry":{"type":"Point","coordinates":[-43.472692,-22.875007]}},{"type":"Feature","properties":{"codigo_unidade":"0817067","nome":"EM PRESIDENTE CAFÉ FILHO","tipo":"1","id_cre":8,"cod_territ":"8.27","logradouro":"RUA COSTA JÚNIOR","bairro":"BANGU","cep":"21853280","fonte_geo":"unidades_unificadas"},"geometry":{"type":"Point","coordinates":[-43.493019,-22.852468]}},{"type":"Feature","properties":{"codigo_unidade":"0817068","nome":"EM PROFESSOR FIRMO COSTA","tipo":"1","id_cre":8,"cod_territ":"8.17","logradouro":"PRAÇA PROFESSOR FERREIRA DE ABREU","bairro":"BANGU","cep":"21860120","fonte_geo":"unidades_unificadas"},"geometry":{"type":"Point","coordinates":[-43.456727,-22.865868]}},{"type":"Feature","properties":{"codigo_unidade":"0817069","nome":"EM RAFAEL CORRÊA DE OLIVEIRA","tipo":"1","id_cre":8,"cod_territ":"8.17","logradouro":"RUA ARAQUEM","bairro":"BANGU","cep":"21860005","fonte_geo":"unidades_unificadas"},"geometry":{"type":"Point","coordinates":[-43.461381,-22.859855]}},{"type":"Feature","properties":{"codigo_unidade":"0817070","nome":"EM ROBERTO SIMONSEN","tipo":"1","id_cre":8,"cod_territ":"8.16","logradouro":"RUA MARECHAL MARCIANO","bairro":"PADRE MIGUEL","cep":"21870312","fonte_geo":"unidades_unificadas"},"geometry":{"type":"Point","coordinates":[-43.455365,-22.868986]}},{"type":"Feature","properties":{"codigo_unidade":"0817071","nome":"EM RUBEM BERTA","tipo":"1","id_cre":8,"cod_territ":"8.18","logradouro":"RUA DO MAGISTRADO","bairro":"BANGU","cep":"21842420","fonte_geo":"unidades_unificadas"},"geometry":{"type":"Point","coordinates":[-43.479343,-22.871921]}},{"type":"Feature","properties":{"codigo_unidade":"0817072","nome":"EM UBALDO DE OLIVEIRA","tipo":"1","id_cre":8,"cod_territ":"8.16","logradouro":"RUA BOA UNIÃO","bairro":"BANGU","cep":"21870250","fonte_geo":"unidades_unificadas"},"geometry":{"type":"Point","coordinates":[-43.462477,-22.868367]}},{"type":"Feature","properties":{"codigo_unidade":"0817074","nome":"EM MARECHAL ALCIDES ETCHEGOYEN","tipo":"1","id_cre":8,"cod_territ":"8.21","logradouro":"AVENIDA CENTRAL","bairro":"BANGU","cep":"21850390","fonte_geo":"unidades_unificadas"},"geometry":{"type":"Point","coordinates":[-43.486406,-22.856868]}},{"type":"Feature","properties":{"codigo_unidade":"0817075","nome":"EM GENERAL TASSO FRAGOSO","tipo":"1","id_cre":8,"cod_territ":"8.16","logradouro":"RUA MARECHAL MARCIANO","bairro":"PADRE MIGUEL","cep":"21870311","fonte_geo":"unidades_unificadas"},"geometry":{"type":"Point","coordinates":[-43.451418,-22.869032]}},{"type":"Feature","properties":{"codigo_unidade":"0817076","nome":"EM ORESTES BARBOSA","tipo":"1","id_cre":8,"cod_territ":"8.27","logradouro":"RUA EDUARDO SOUTO","bairro":"BANGU","cep":"21853300","fonte_geo":"unidades_unificadas"},"geometry":{"type":"Point","coordinates":[-43.493058,-22.852221]}},{"type":"Feature","properties":{"codigo_unidade":"0817077","nome":"EM WOLF KLABIN","tipo":"1","id_cre":8,"cod_territ":"9.1","logradouro":"ESTRADA DO GUANDU DO SENA","bairro":"Bangu","cep":"23097200","fonte_geo":"unidades_unificadas"},"geometry":{"type":"Point","coordinates":[-43.518252,-22.8437]}},{"type":"Feature","properties":{"codigo_unidade":"0817078","nome":"EM EDSON CARNEIRO","tipo":"1","id_cre":8,"cod_territ":"8.20","logradouro":"\"RUA F (CJ TAQUARAL) \"","bairro":"BANGU","cep":"21842774","fonte_geo":"unidades_unificadas"},"geometry":{"type":"Point","coordinates":[-43.483464,-22.868395]}},{"type":"Feature","properties":{"codigo_unidade":"0817079","nome":"EM JORGE ZARUR","tipo":"1","id_cre":8,"cod_territ":"8.27","logradouro":"RUA PAULINO DO SACRAMENTO","bairro":"VILA KENNEDY","cep":"21853060","fonte_geo":"unidades_unificadas"},"geometry":{"type":"Point","coordinates":[-43.49035,-22.853364]}},{"type":"Feature","properties":{"codigo_unidade":"0817080","nome":"EM ASTROJILDO PEREIRA","tipo":"1","id_cre":8,"cod_territ":"8.17","logradouro":"PRAÇA PERDÕES","bairro":"BANGU","cep":"21862300","fonte_geo":"unidades_unificadas"},"geometry":{"type":"Point","coordinates":[-43.465146,-22.862794]}},{"type":"Feature","properties":{"codigo_unidade":"0817081","nome":"EM CORONEL JOSÉ GOMES MOREIRA","tipo":"1","id_cre":8,"cod_territ":"8.21","logradouro":"RUA ELMO CORREA","bairro":"BANGU","cep":"21850010","fonte_geo":"unidades_unificadas"},"geometry":{"type":"Point","coordinates":[-43.48672,-22.860351]}},{"type":"Feature","properties":{"codigo_unidade":"0817082","nome":"EM JOSÉ MAURO DE VASCONCELOS","tipo":"1","id_cre":8,"cod_territ":"8.26","logradouro":"RUA MARLIÉRIA","bairro":"BANGU","cep":"21863340","fonte_geo":"unidades_unificadas"},"geometry":{"type":"Point","coordinates":[-43.466856,-22.850438]}},{"type":"Feature","properties":{"codigo_unidade":"0817083","nome":"EM JORNALISTA SANDRO MOREYRA","tipo":"1","id_cre":8,"cod_territ":"8.25","logradouro":"\"RUA ROQUE BARBOSA \"","bairro":"BANGU","cep":"21863425","fonte_geo":"unidades_unificadas"},"geometry":{"type":"Point","coordinates":[-43.463889,-22.850011]}},{"type":"Feature","properties":{"codigo_unidade":"0817084","nome":"EM PREFEITO JUAREZ ANTUNES","tipo":"1","id_cre":8,"cod_territ":"8.27","logradouro":"RUA AMSTERDAM","bairro":"BANGU","cep":"21854150","fonte_geo":"unidades_unificadas"},"geometry":{"type":"Point","coordinates":[-43.489889,-22.844901]}},{"type":"Feature","properties":{"codigo_unidade":"0817127","nome":"EM AYRTON SENNA DA SILVA","tipo":"1","id_cre":8,"cod_territ":"8.19","logradouro":"ESTRADA DO TAQUARAL","bairro":"BANGU","cep":"21842550","fonte_geo":"unidades_unificadas"},"geometry":{"type":"Point","coordinates":[-43.478153,-22.864162]}},{"type":"Feature","properties":{"codigo_unidade":"0817128","nome":"EM AUSTRAGÉSILO DE ATAYDE","tipo":"1","id_cre":8,"cod_territ":"8.20","logradouro":"RUA PROFESSOR EDGARD MAGALHÃES SILVA","bairro":"SENADOR CAMARÁ","cep":"21842515","fonte_geo":"unidades_unificadas"},"geometry":{"type":"Point","coordinates":[-43.481524,-22.869071]}},{"type":"Feature","properties":{"codigo_unidade":"0817132","nome":"EM RAPHAEL ALMEIDA MAGALHÃES","tipo":"1","id_cre":8,"cod_territ":"8.26","logradouro":"RUA CEGONHA","bairro":"BANGU","cep":"21863410","fonte_geo":"unidades_unificadas"},"geometry":{"type":"Point","coordinates":[-43.464167,-22.845127]}},{"type":"Feature","properties":{"codigo_unidade":"0817133","nome":"EM PROFESSORA IVONE NUNES FERREIRA","tipo":"1","id_cre":8,"cod_territ":"8.12","logradouro":"RUA CANTOR PERY RIBEIRO","bairro":"SENADOR CAMARÁ","cep":"21830493","fonte_geo":"unidades_unificadas"},"geometry":{"type":"Point","coordinates":[-43.487205,-22.879028]}},{"type":"Feature","properties":{"codigo_unidade":"0817202","nome":"CIEP AMILCAR CABRAL","tipo":"1","id_cre":8,"cod_territ":"8.9","logradouro":"Rua Engenheiro Paula Lopes","bairro":"Bangu","cep":"21825320","fonte_geo":"unidades_unificadas"},"geometry":{"type":"Point","coordinates":[-43.472616,-22.894122]}},{"type":"Feature","properties":{"codigo_unidade":"0817207","nome":"CIEP VILA KENNEDY","tipo":"1","id_cre":8,"cod_territ":"8.27","logradouro":"RUA PAULINO DO SACRAMENTO","bairro":"BANGU","cep":"21853060","fonte_geo":"unidades_unificadas"},"geometry":{"type":"Point","coordinates":[-43.49047,-22.852779]}},{"type":"Feature","properties":{"codigo_unidade":"0817501","nome":"CIEP GILBERTO FREYRE","tipo":"1","id_cre":8,"cod_territ":"8.22","logradouro":"\"ESTRADA DO TAQUARAL \"","bairro":"BANGU","cep":"21842550","fonte_geo":"unidades_unificadas"},"geometry":{"type":"Point","coordinates":[-43.492641,-22.870828]}},{"type":"Feature","properties":{"codigo_unidade":"0817502","nome":"CIEP PROFESSORA CÉLIA MARTINS MENNA BARRETO","tipo":"1","id_cre":8,"cod_territ":"8.9","logradouro":"RUA MONGÓLIA","bairro":"BANGU","cep":"21825120","fonte_geo":"unidades_unificadas"},"geometry":{"type":"Point","coordinates":[-43.470526,-22.888526]}},{"type":"Feature","properties":{"codigo_unidade":"0817503","nome":"CIEP PADRE PAULO CORRÊA DE SÁ","tipo":"1","id_cre":8,"cod_territ":"8.7","logradouro":"AVENIDA FRANCISCO BRICIO","bairro":"REALENGO","cep":"21775180","fonte_geo":"unidades_unificadas"},"geometry":{"type":"Point","coordinates":[-43.450944,-22.89141]}},{"type":"Feature","properties":{"codigo_unidade":"0817504","nome":"CIEP ANTONIO EVARISTO DE MORAES","tipo":"1","id_cre":8,"cod_territ":"8.12","logradouro":"AVENIDA DE SANTA CRUZ","bairro":"SENADOR CAMARÁ","cep":"21830264","fonte_geo":"unidades_unificadas"},"geometry":{"type":"Point","coordinates":[-43.487326,-22.881793]}},{"type":"Feature","properties":{"codigo_unidade":"0817505","nome":"CIEP MARECHAL JULIO CAETANO HORTA BARBOSA","tipo":"1","id_cre":8,"cod_territ":"8.10","logradouro":"RUA JOÃO DE LACERDA","bairro":"BANGU","cep":"21820220","fonte_geo":"unidades_unificadas"},"geometry":{"type":"Point","coordinates":[-43.479045,-22.883931]}},{"type":"Feature","properties":{"codigo_unidade":"0817506","nome":"CIEP OLOF PALME","tipo":"1","id_cre":8,"cod_territ":"8.19","logradouro":"ESTRADA DO TAQUARAL","bairro":"BANGU","cep":"21842550","fonte_geo":"unidades_unificadas"},"geometry":{"type":"Point","coordinates":[-43.474501,-22.865064]}},{"type":"Feature","properties":{"codigo_unidade":"0817507","nome":"CIEP MESTRE ANDRÉ","tipo":"1","id_cre":8,"cod_territ":"8.16","logradouro":"PRAÇA DO TRABALHADOR","bairro":"PADRE MIGUEL","cep":"21875110","fonte_geo":"unidades_unificadas"},"geometry":{"type":"Point","coordinates":[-43.448375,-22.874217]}},{"type":"Feature","properties":{"codigo_unidade":"0817508","nome":"CIEP POETA CRUZ E SOUSA","tipo":"1","id_cre":8,"cod_territ":"8.16","logradouro":"RUA PROFESSOR ALFREDO COSTA","bairro":"BANGU","cep":"21870200","fonte_geo":"unidades_unificadas"},"geometry":{"type":"Point","coordinates":[-43.459058,-22.869102]}},{"type":"Feature","properties":{"codigo_unidade":"0817509","nome":"CIEP MAESTRINA CHIQUINHA GONZAGA","tipo":"1","id_cre":8,"cod_territ":"8.19","logradouro":"\" ESTRADA DO ENGENHO \"","bairro":"BANGU","cep":"21840000","fonte_geo":"unidades_unificadas"},"geometry":{"type":"Point","coordinates":[-43.471039,-22.866545]}},{"type":"Feature","properties":{"codigo_unidade":"0817601","nome":"CM JOSÉ FÉLIX","tipo":"1","id_cre":8,"cod_territ":"8.22","logradouro":"RUA CENIRA CAMPOS","bairro":"SENADOR CAMARÁ","cep":"21843715","fonte_geo":"unidades_unificadas"},"geometry":{"type":"Point","coordinates":[-43.503815,-22.874814]}},{"type":"Feature","properties":{"codigo_unidade":"0817602","nome":"CM VILA PROGRESSO","tipo":"1","id_cre":8,"cod_territ":"8.23","logradouro":"RUA LUCIO FLORIN","bairro":"BANGU","cep":"21852418","fonte_geo":"unidades_unificadas"},"geometry":{"type":"Point","coordinates":[-43.494277,-22.860475]}},{"type":"Feature","properties":{"codigo_unidade":"0817603","nome":"CM DENTE DE LEITE","tipo":"1","id_cre":8,"cod_territ":"8.25","logradouro":"RUA COLEIRO","bairro":"BANGU","cep":"21865080","fonte_geo":"unidades_unificadas"},"geometry":{"type":"Point","coordinates":[-43.460718,-22.849922]}},{"type":"Feature","properties":{"codigo_unidade":"0817604","nome":"CM DRAMATURGO ALFREDO DE FREITAS DIAS GOMES","tipo":"1","id_cre":8,"cod_territ":"8.26","logradouro":"\"RUA ROQUE BARBOSA \"","bairro":"BANGU","cep":"21863425","fonte_geo":"unidades_unificadas"},"geometry":{"type":"Point","coordinates":[-43.467732,-22.843664]}},{"type":"Feature","properties":{"codigo_unidade":"0817605","nome":"CM MANÉ GARRINCHA II","tipo":"1","id_cre":8,"cod_territ":"8.11","logradouro":"AVENIDA CARLOS SAMPAIO CORREIA","bairro":"BANGU","cep":"21830250","fonte_geo":"unidades_unificadas"},"geometry":{"type":"Point","coordinates":[-43.480675,-22.878109]}},{"type":"Feature","properties":{"codigo_unidade":"0817606","nome":"CM MEIMEI","tipo":"1","id_cre":8,"cod_territ":"8.15","logradouro":"ESTRADA GENERAL AMERICANO FREIRE.","bairro":"PADRE MIGUEL","cep":"21720140","fonte_geo":"unidades_unificadas"},"geometry":{"type":"Point","coordinates":[-43.445078,-22.863292]}},{"type":"Feature","properties":{"codigo_unidade":"0817607","nome":"CM MULHERES DO QUAFÁ","tipo":"1","id_cre":8,"cod_territ":"8.27","logradouro":"RUA JOAQUIM COUTINHO CAVALCANTE","bairro":"BANGU","cep":"21853357","fonte_geo":"unidades_unificadas"},"geometry":{"type":"Point","coordinates":[-43.487379,-22.849653]}},{"type":"Feature","properties":{"codigo_unidade":"0817608","nome":"CM NOVA ALIANÇA","tipo":"1","id_cre":8,"cod_territ":"8.20","logradouro":"RUA DO MAGISTRADO","bairro":"BANGU","cep":"21842420","fonte_geo":"unidades_unificadas"},"geometry":{"type":"Point","coordinates":[-43.481571,-22.872318]}},{"type":"Feature","properties":{"codigo_unidade":"0817609","nome":"CM RECANTO FELIZ","tipo":"1","id_cre":8,"cod_territ":"8.16","logradouro":"RUA PROFESSOR ALFREDO COSTA","bairro":"BANGU","cep":"21870200","fonte_geo":"unidades_unificadas"},"geometry":{"type":"Point","coordinates":[-43.458291,-22.86933]}},{"type":"Feature","properties":{"codigo_unidade":"0817610","nome":"CM SEMPRE VIDA FAZENDA COQUEIROS","tipo":"1","id_cre":8,"cod_territ":"8.22","logradouro":"RUA MORA GUIMARÃES","bairro":"SENADOR CAMARÁ","cep":"21842588","fonte_geo":"unidades_unificadas"},"geometry":{"type":"Point","coordinates":[-43.502876,-22.869579]}},{"type":"Feature","properties":{"codigo_unidade":"0817611","nome":"CM TIA ELZA","tipo":"1","id_cre":8,"cod_territ":"8.16","logradouro":"RUA BOM SOSSEGO","bairro":"BANGU","cep":"21870390","fonte_geo":"unidades_unificadas"},"geometry":{"type":"Point","coordinates":[-43.455452,-22.868855]}},{"type":"Feature","properties":{"codigo_unidade":"0817612","nome":"CM VILA KENNEDY","tipo":"1","id_cre":8,"cod_territ":"8.21","logradouro":"RUA TUNIS","bairro":"BANGU","cep":"21850365","fonte_geo":"unidades_unificadas"},"geometry":{"type":"Point","coordinates":[-43.485291,-22.856744]}},{"type":"Feature","properties":{"codigo_unidade":"0817613","nome":"CM CÉLIA ALENCAR","tipo":"1","id_cre":8,"cod_territ":"8.16","logradouro":"RUA BERNARDO DE VASCONCELOS","bairro":"REALENGO","cep":"21715251","fonte_geo":"unidades_unificadas"},"geometry":{"type":"Point","coordinates":[-43.441092,-22.875707]}},{"type":"Feature","properties":{"codigo_unidade":"0817614","nome":"CM FAZENDA COQUEIROS II","tipo":"1","id_cre":8,"cod_territ":"8.22","logradouro":"TRAVESSA URANO","bairro":"BANGU","cep":"21860545","fonte_geo":"unidades_unificadas"},"geometry":{"type":"Point","coordinates":[-43.495536,-22.869391]}},{"type":"Feature","properties":{"codigo_unidade":"0817615","nome":"CM VILA UNIÃO DA PAZ","tipo":"1","id_cre":8,"cod_territ":"8.17","logradouro":"RUA SARGENTO JOÃO LIMA","bairro":"BANGU","cep":"21860190","fonte_geo":"unidades_unificadas"},"geometry":{"type":"Point","coordinates":[-43.45751,-22.862988]}},{"type":"Feature","properties":{"codigo_unidade":"0817616","nome":"CM PROFESSORA MARIA ASSUMPÇÃO","tipo":"1","id_cre":8,"cod_territ":"8.19","logradouro":"RUA ESPERANÇA","bairro":"BANGU","cep":"21862520","fonte_geo":"unidades_unificadas"},"geometry":{"type":"Point","coordinates":[-43.468277,-22.864759]}},{"type":"Feature","properties":{"codigo_unidade":"0817617","nome":"CM JOSÉ MANOEL IBARRA PEREZ","tipo":"1","id_cre":8,"cod_territ":"8.26","logradouro":"\"TRAVESSA TRÊS MARIAS \"","bairro":"BANGU","cep":"21864063","fonte_geo":"unidades_unificadas"},"geometry":{"type":"Point","coordinates":[-43.472659,-22.84761]}},{"type":"Feature","properties":{"codigo_unidade":"0817618","nome":"CM JANETE CLAIR","tipo":"1","id_cre":8,"cod_territ":"8.13","logradouro":"ESTRADA DA OLARIA VELHA","bairro":"SANTÍSSIMO","cep":"23010110","fonte_geo":"unidades_unificadas"},"geometry":{"type":"Point","coordinates":[-43.499731,-22.877426]}},{"type":"Feature","properties":{"codigo_unidade":"0817619","nome":"CM PROFESSORA REGINA MARIA DA MATTA MONTEZANO","tipo":"1","id_cre":8,"cod_territ":"8.18","logradouro":"CAMINHO DO LUCIO (N ALIANÇA)","bairro":"BANGU","cep":"27840092","fonte_geo":"unidades_unificadas"},"geometry":{"type":"Point","coordinates":[-43.474576,-22.868027]}},{"type":"Feature","properties":{"codigo_unidade":"0817801","nome":"EDI PROFESSORA TÂNIA MARIA LARRUBIA GOMES","tipo":"1","id_cre":8,"cod_territ":"8.9","logradouro":"RUA MONGÓLIA","bairro":"BANGU","cep":"21825120","fonte_geo":"unidades_unificadas"},"geometry":{"type":"Point","coordinates":[-43.470733,-22.888872]}},{"type":"Feature","properties":{"codigo_unidade":"0817802","nome":"EDI PROFESSOR REINALDO JOSÉ DE ARAGÃO BARBOSA","tipo":"1","id_cre":8,"cod_territ":"8.25","logradouro":"RUA ROQUE BARBOSA","bairro":"BANGU","cep":"21863425","fonte_geo":"unidades_unificadas"},"geometry":{"type":"Point","coordinates":[-43.464005,-22.849625]}},{"type":"Feature","properties":{"codigo_unidade":"0817803","nome":"EDI JOSÉ EPHIM MINDLIN","tipo":"1","id_cre":8,"cod_territ":"8.20","logradouro":"RUA Q","bairro":"SENADOR CAMARÁ","cep":"21842716","fonte_geo":"unidades_unificadas"},"geometry":{"type":"Point","coordinates":[-43.485836,-22.869048]}},{"type":"Feature","properties":{"codigo_unidade":"0817804","nome":"EDI PROFESSORA EDITH MARQUES DE SOUZA","tipo":"1","id_cre":8,"cod_territ":"8.16","logradouro":"RUA DO AÇAFRAO","bairro":"PADRE MIGUEL","cep":"21870330","fonte_geo":"unidades_unificadas"},"geometry":{"type":"Point","coordinates":[-43.45675,-22.868071]}},{"type":"Feature","properties":{"codigo_unidade":"0817805","nome":"EDI RAFAEL PEREIRA DA SILVA","tipo":"1","id_cre":8,"cod_territ":"8.25","logradouro":"RUA SANTA EBBA","bairro":"PADRE MIGUEL","cep":"21725300","fonte_geo":"unidades_unificadas"},"geometry":{"type":"Point","coordinates":[-43.453549,-22.857179]}},{"type":"Feature","properties":{"codigo_unidade":"0817806","nome":"EDI PROFESSORA MARIA YEDDA LEITE LINHARES","tipo":"1","id_cre":8,"cod_territ":"8.25","logradouro":"\"RUA CHARLEY FAYAL \"","bairro":"BANGU","cep":"21863852","fonte_geo":"unidades_unificadas"},"geometry":{"type":"Point","coordinates":[-43.465672,-22.846973]}},{"type":"Feature","properties":{"codigo_unidade":"0817807","nome":"EDI MARIA DO CARMO SOUZA PIRAN","tipo":"1","id_cre":8,"cod_territ":"8.19","logradouro":"RUA MANOEL FRANCISCO SILVA","bairro":"BANGU","cep":"21862620","fonte_geo":"unidades_unificadas"},"geometry":{"type":"Point","coordinates":[-43.471723,-22.863767]}},{"type":"Feature","properties":{"codigo_unidade":"0817808","nome":"EDI PROFESSOR ANTONIO FLAVIO PIERUCCI","tipo":"1","id_cre":8,"cod_territ":"8.12","logradouro":"RUA CORTE REAL","bairro":"SENADOR CAMARÁ","cep":"21833010","fonte_geo":"unidades_unificadas"},"geometry":{"type":"Point","coordinates":[-43.490044,-22.879882]}},{"type":"Feature","properties":{"codigo_unidade":"0817808","nome":"EDI PROFESSOR ANTONIO FLAVIO PIERUCCI","tipo":"3","id_cre":8,"cod_territ":"8.12","logradouro":null,"bairro":null,"cep":null,"fonte_geo":"unidades_unificadas"},"geometry":{"type":"Point","coordinates":[-43.490044,-22.879882]}},{"type":"Feature","properties":{"codigo_unidade":"0817809","nome":"EDI REPÚBLICA ÁRABE UNIDA","tipo":"1","id_cre":8,"cod_territ":"8.8","logradouro":"AVENIDA SANTA CRUZ","bairro":"BANGU","cep":"21810015","fonte_geo":"unidades_unificadas"},"geometry":{"type":"Point","coordinates":[-43.468583,-22.875856]}},{"type":"Feature","properties":{"codigo_unidade":"0817810","nome":"EDI VILA DO VINTÉM","tipo":"1","id_cre":8,"cod_territ":"8.16","logradouro":"RUA GENERAL GOMES DE CASTRO","bairro":"PADRE MIGUEL","cep":"21721000","fonte_geo":"unidades_unificadas"},"geometry":{"type":"Point","coordinates":[-43.449299,-22.87125]}},{"type":"Feature","properties":{"codigo_unidade":"0817811","nome":"EDI NORBERTINA DE SOUZA GOUVEIA","tipo":"1","id_cre":8,"cod_territ":"8.21","logradouro":"AVENIDA ETIÓPIA","bairro":"BANGU","cep":"21852010","fonte_geo":"unidades_unificadas"},"geometry":{"type":"Point","coordinates":[-43.485381,-22.8559]}},{"type":"Feature","properties":{"codigo_unidade":"0817812","nome":"EDI TAQUARAL","tipo":"1","id_cre":8,"cod_territ":"8.20","logradouro":"RUA M","bairro":"BANGU","cep":"21842778","fonte_geo":"unidades_unificadas"},"geometry":{"type":"Point","coordinates":[-43.48406,-22.868585]}},{"type":"Feature","properties":{"codigo_unidade":"0817813","nome":"EDI VILA KENNEDY","tipo":"1","id_cre":8,"cod_territ":"8.21","logradouro":"ESTRADA SARGENTO MIGUEL FILHO","bairro":"BANGU","cep":"21850007","fonte_geo":"unidades_unificadas"},"geometry":{"type":"Point","coordinates":[-43.486861,-22.860022]}},{"type":"Feature","properties":{"codigo_unidade":"0817814","nome":"EDI PROFESSORA GIOVANA BANSI","tipo":"1","id_cre":8,"cod_territ":"8.11","logradouro":"RUA JABOTICATUBAS","bairro":"SENADOR CAMARÁ","cep":"21832340","fonte_geo":"unidades_unificadas"},"geometry":{"type":"Point","coordinates":[-43.490355,-22.895049]}},{"type":"Feature","properties":{"codigo_unidade":"0817815","nome":"EDI SENHOR JOÃO GOMES","tipo":"1","id_cre":8,"cod_territ":"8.18","logradouro":"RUA DO DESENHISTA","bairro":"BANGU","cep":"21842030","fonte_geo":"unidades_unificadas"},"geometry":{"type":"Point","coordinates":[-43.478332,-22.869535]}},{"type":"Feature","properties":{"codigo_unidade":"0817815","nome":"EDI SENHOR JOÃO GOMES_","tipo":"3","id_cre":8,"cod_territ":"8.18","logradouro":null,"bairro":null,"cep":null,"fonte_geo":"unidades_unificadas"},"geometry":{"type":"Point","coordinates":[-43.478332,-22.869535]}},{"type":"Feature","properties":{"codigo_unidade":"0817816","nome":"EDI PEDRO MOACYR","tipo":"1","id_cre":8,"cod_territ":"8.16","logradouro":"RUA GENERAL GOMES DE CASTRO","bairro":"PADRE MIGUEL","cep":"21721000","fonte_geo":"unidades_unificadas"},"geometry":{"type":"Point","coordinates":[-43.44984,-22.87076]}},{"type":"Feature","properties":{"codigo_unidade":"0833001","nome":"EM MADRE BENEDITA","tipo":"1","id_cre":8,"cod_territ":"6.16","logradouro":"RUA OSMAN LINS","bairro":"GUADALUPE","cep":"21670450","fonte_geo":"unidades_unificadas"},"geometry":{"type":"Point","coordinates":[-43.383248,-22.849744]}},{"type":"Feature","properties":{"codigo_unidade":"0833002","nome":"EM PROFESSORA JURACY SILVEIRA","tipo":"1","id_cre":8,"cod_territ":"6.16","logradouro":"RUA PASTOR JOSÉ RAMALHO","bairro":"MARECHAL HERMES","cep":"21670200","fonte_geo":"unidades_unificadas"},"geometry":{"type":"Point","coordinates":[-43.382406,-22.853534]}},{"type":"Feature","properties":{"codigo_unidade":"0833004","nome":"EM ENGENHEIRO LAFAYETTE DE ANDRADE","tipo":"1","id_cre":8,"cod_territ":"8.14","logradouro":"AVENIDA DUQUE DE CAXIAS","bairro":"DEODORO","cep":"21615220","fonte_geo":"unidades_unificadas"},"geometry":{"type":"Point","coordinates":[-43.386608,-22.856087]}},{"type":"Feature","properties":{"codigo_unidade":"0833005","nome":"EEM MARECHAL MASCARENHAS DE MORAES","tipo":"1","id_cre":8,"cod_territ":"8.14","logradouro":"AVENIDA DUQUE DE CAXIAS","bairro":"DEODORO","cep":"21615220","fonte_geo":"unidades_unificadas"},"geometry":{"type":"Point","coordinates":[-43.385711,-22.855152]}},{"type":"Feature","properties":{"codigo_unidade":"0833007","nome":"EM ROSA DA FONSECA","tipo":"1","id_cre":8,"cod_territ":"8.14","logradouro":"PRAÇA MARECHAL","bairro":"VILA MILITAR","cep":"21615140","fonte_geo":"unidades_unificadas"},"geometry":{"type":"Point","coordinates":[-43.403255,-22.864287]}},{"type":"Feature","properties":{"codigo_unidade":"0833009","nome":"EM CEL. PM. FLAVIO MARTINS ALBUQUERQUE","tipo":"1","id_cre":8,"cod_territ":"8.1","logradouro":"AVENIDA MARECHAL FONTENELE","bairro":"CAMPO DOS AFONSOS","cep":"21740002","fonte_geo":"unidades_unificadas"},"geometry":{"type":"Point","coordinates":[-43.39666,-22.885154]}},{"type":"Feature","properties":{"codigo_unidade":"0833010","nome":"EM CAMPO DOS AFONSOS","tipo":"1","id_cre":8,"cod_territ":"8.1","logradouro":"AVENIDA MARECHAL FONTENELE","bairro":"CAMPO DOS AFONSOS","cep":"21740001","fonte_geo":"unidades_unificadas"},"geometry":{"type":"Point","coordinates":[-43.377197,-22.880239]}},{"type":"Feature","properties":{"codigo_unidade":"0833011","nome":"EM VISCONDE DE PORTO SEGURO","tipo":"1","id_cre":8,"cod_territ":"8.1","logradouro":"RUA TEÓFILO GUIMARÃES","bairro":"JARDIM SULACAP","cep":"21741040","fonte_geo":"unidades_unificadas"},"geometry":{"type":"Point","coordinates":[-43.39248,-22.889076]}},{"type":"Feature","properties":{"codigo_unidade":"0833012","nome":"EM ALVARO ALVIM","tipo":"1","id_cre":8,"cod_territ":"8.14","logradouro":"RUA TEMISTOCLES SÁVIO","bairro":"MAGALHÃES BASTOS","cep":"21735090","fonte_geo":"unidades_unificadas"},"geometry":{"type":"Point","coordinates":[-43.418393,-22.865912]}},{"type":"Feature","properties":{"codigo_unidade":"0833013","nome":"EM POLÔNIA","tipo":"1","id_cre":8,"cod_territ":"8.3","logradouro":"RUA FRANCISCO MUZI","bairro":"MAGALHÃES BASTOS","cep":"21750130","fonte_geo":"unidades_unificadas"},"geometry":{"type":"Point","coordinates":[-43.410571,-22.878276]}},{"type":"Feature","properties":{"codigo_unidade":"0833014","nome":"EM CHURCHILL","tipo":"1","id_cre":8,"cod_territ":"8.3","logradouro":"RUA MAXIMIANO MACHADO","bairro":"MAGALHÃES BASTOS","cep":"21710450","fonte_geo":"unidades_unificadas"},"geometry":{"type":"Point","coordinates":[-43.41654,-22.874111]}},{"type":"Feature","properties":{"codigo_unidade":"0833016","nome":"EM MÁRIO CASASANTA","tipo":"1","id_cre":8,"cod_territ":"8.3","logradouro":"RUA MACIEL PINHEIRO","bairro":"MAGALHÃES BASTOS","cep":"21710460","fonte_geo":"unidades_unificadas"},"geometry":{"type":"Point","coordinates":[-43.416847,-22.874236]}},{"type":"Feature","properties":{"codigo_unidade":"0833017","nome":"EM GUIMARÃES ROSA","tipo":"1","id_cre":8,"cod_territ":"8.3","logradouro":"RUA RIO DOURADO","bairro":"MAGALHÃES BASTOS","cep":"21745380","fonte_geo":"unidades_unificadas"},"geometry":{"type":"Point","coordinates":[-43.410685,-22.874156]}},{"type":"Feature","properties":{"codigo_unidade":"0833018","nome":"EM PRESIDENTE HUMBERTO DE ALENCAR CASTELO BRANCO","tipo":"1","id_cre":8,"cod_territ":"8.3","logradouro":"AVENIDA MARECHAL FONTENELLE","bairro":"MAGALHÃES BASTOS","cep":"21750121","fonte_geo":"unidades_unificadas"},"geometry":{"type":"Point","coordinates":[-43.41316,-22.881164]}},{"type":"Feature","properties":{"codigo_unidade":"0833019","nome":"EM LIMA BARRETO","tipo":"1","id_cre":8,"cod_territ":"8.14","logradouro":"RUA OLAVO SOUSA AGUIAR","bairro":"REALENGO","cep":"21735220","fonte_geo":"unidades_unificadas"},"geometry":{"type":"Point","coordinates":[-43.424491,-22.867066]}},{"type":"Feature","properties":{"codigo_unidade":"0833020","nome":"EM CORINTHO DA FONSECA","tipo":"1","id_cre":8,"cod_territ":"8.24","logradouro":"RUA URUQUÊ","bairro":"REALENGO","cep":"21725110","fonte_geo":"unidades_unificadas"},"geometry":{"type":"Point","coordinates":[-43.443874,-22.858945]}},{"type":"Feature","properties":{"codigo_unidade":"0833021","nome":"EM CORONEL CORSINO DO AMARANTE","tipo":"1","id_cre":8,"cod_territ":"8.6","logradouro":"RUA DO IMPERADOR","bairro":"REALENGO","cep":"21715073","fonte_geo":"unidades_unificadas"},"geometry":{"type":"Point","coordinates":[-43.436482,-22.875025]}},{"type":"Feature","properties":{"codigo_unidade":"0833022","nome":"EM NICARÁGUA","tipo":"1","id_cre":8,"cod_territ":"8.6","logradouro":"AVENIDA DE SANTA CRUZ","bairro":"REALENGO","cep":"21710231","fonte_geo":"unidades_unificadas"},"geometry":{"type":"Point","coordinates":[-43.433439,-22.878443]}},{"type":"Feature","properties":{"codigo_unidade":"0833023","nome":"EM PINTOR LAZAR SEGALL","tipo":"1","id_cre":8,"cod_territ":"8.6","logradouro":"PRAÇA ESTADO DE ISRAEL","bairro":"REALENGO","cep":"21715210","fonte_geo":"unidades_unificadas"},"geometry":{"type":"Point","coordinates":[-43.440171,-22.877241]}},{"type":"Feature","properties":{"codigo_unidade":"0833024","nome":"EM PRESIDENTE ROOSEVELT","tipo":"1","id_cre":8,"cod_territ":"8.15","logradouro":"RUA MARECHAL FALCÃO DA FROTA","bairro":"REALENGO","cep":"21721022","fonte_geo":"unidades_unificadas"},"geometry":{"type":"Point","coordinates":[-43.438839,-22.870095]}},{"type":"Feature","properties":{"codigo_unidade":"0833025","nome":"EM GIL VICENTE","tipo":"1","id_cre":8,"cod_territ":"8.6","logradouro":"RUA BERNARDO DE VASCONCELOS","bairro":"REALENGO","cep":"21715252","fonte_geo":"unidades_unificadas"},"geometry":{"type":"Point","coordinates":[-43.437539,-22.875585]}},{"type":"Feature","properties":{"codigo_unidade":"0833026","nome":"EM RAMIZ GALVÃO","tipo":"1","id_cre":8,"cod_territ":"8.4","logradouro":"PRAÇA RICARDO GONÇALVES","bairro":"REALENGO","cep":"21750420","fonte_geo":"unidades_unificadas"},"geometry":{"type":"Point","coordinates":[-43.416893,-22.880967]}},{"type":"Feature","properties":{"codigo_unidade":"0833027","nome":"EM JOSÉ PANCETTI","tipo":"1","id_cre":8,"cod_territ":"8.2","logradouro":"RUA MANDACARU","bairro":"REALENGO","cep":"21755370","fonte_geo":"unidades_unificadas"},"geometry":{"type":"Point","coordinates":[-43.414926,-22.886028]}},{"type":"Feature","properties":{"codigo_unidade":"0833029","nome":"EM AZUL E BRANCO","tipo":"1","id_cre":8,"cod_territ":"8.2","logradouro":"AVENIDA FREDERICO FAULHABER","bairro":"REALENGO","cep":"21760000","fonte_geo":"unidades_unificadas"},"geometry":{"type":"Point","coordinates":[-43.41786,-22.888208]}},{"type":"Feature","properties":{"codigo_unidade":"0833030","nome":"EM JACQUES RAIMUNDO","tipo":"1","id_cre":8,"cod_territ":"8.4","logradouro":"RUA RERITUBA","bairro":"REALENGO","cep":"21710170","fonte_geo":"unidades_unificadas"},"geometry":{"type":"Point","coordinates":[-43.426768,-22.879309]}},{"type":"Feature","properties":{"codigo_unidade":"0833031","nome":"EM TASSO DA SILVEIRA","tipo":"1","id_cre":8,"cod_territ":"8.4","logradouro":"RUA GENERAL BERNARDINO DE MATOS","bairro":"REALENGO","cep":"21750480","fonte_geo":"unidades_unificadas"},"geometry":{"type":"Point","coordinates":[-43.41733,-22.883859]}},{"type":"Feature","properties":{"codigo_unidade":"0833032","nome":"EM STELLA GUERRA DUVAL","tipo":"1","id_cre":8,"cod_territ":"8.4","logradouro":"RUA CAPITÃO TEIXEIRA","bairro":"REALENGO","cep":"21755000","fonte_geo":"unidades_unificadas"},"geometry":{"type":"Point","coordinates":[-43.426646,-22.883368]}},{"type":"Feature","properties":{"codigo_unidade":"0833033","nome":"EM DALVA DE OLIVEIRA","tipo":"1","id_cre":8,"cod_territ":"8.2","logradouro":"ESTRADA MANUEL NOGUEIRA DE SÁ","bairro":"REALENGO","cep":"21745290","fonte_geo":"unidades_unificadas"},"geometry":{"type":"Point","coordinates":[-43.418878,-22.89274]}},{"type":"Feature","properties":{"codigo_unidade":"0833034","nome":"EM SENADOR CAMARÁ","tipo":"1","id_cre":8,"cod_territ":"8.14","logradouro":"RUA OLINDA","bairro":"REALENGO","cep":"21730040","fonte_geo":"unidades_unificadas"},"geometry":{"type":"Point","coordinates":[-43.430003,-22.867443]}},{"type":"Feature","properties":{"codigo_unidade":"0833035","nome":"EM BARONESA DE SAAVEDRA","tipo":"1","id_cre":8,"cod_territ":"8.15","logradouro":"RUA MARECHAL BIBIANO COSTALAT","bairro":"REALENGO","cep":"21735350","fonte_geo":"unidades_unificadas"},"geometry":{"type":"Point","coordinates":[-43.432432,-22.87185]}},{"type":"Feature","properties":{"codigo_unidade":"0833036","nome":"EM PAULO MARANHÃO","tipo":"1","id_cre":8,"cod_territ":"8.7","logradouro":"RUA DO GOVERNO","bairro":"REALENGO","cep":"21770100","fonte_geo":"unidades_unificadas"},"geometry":{"type":"Point","coordinates":[-43.441219,-22.892991]}},{"type":"Feature","properties":{"codigo_unidade":"0833037","nome":"EM CARLOS MAUL","tipo":"1","id_cre":8,"cod_territ":"8.4","logradouro":"RUA DO ESPADARTE","bairro":"REALENGO","cep":"21755010","fonte_geo":"unidades_unificadas"},"geometry":{"type":"Point","coordinates":[-43.428277,-22.882599]}},{"type":"Feature","properties":{"codigo_unidade":"0833038","nome":"EM ESTADO DE ISRAEL","tipo":"1","id_cre":8,"cod_territ":"8.5","logradouro":"RUA LIMITES","bairro":"REALENGO","cep":"21715150","fonte_geo":"unidades_unificadas"},"geometry":{"type":"Point","coordinates":[-43.43462,-22.886824]}},{"type":"Feature","properties":{"codigo_unidade":"0833039","nome":"EM ÁTILA NUNES","tipo":"1","id_cre":8,"cod_territ":"8.4","logradouro":"\"RUA DO JAMBO \"","bairro":"REALENGO","cep":"21755070","fonte_geo":"unidades_unificadas"},"geometry":{"type":"Point","coordinates":[-43.425158,-22.885894]}},{"type":"Feature","properties":{"codigo_unidade":"0833040","nome":"EM RONDON","tipo":"1","id_cre":8,"cod_territ":"8.7","logradouro":"RUA CLAUDINO BARATA","bairro":"REALENGO","cep":"21770200","fonte_geo":"unidades_unificadas"},"geometry":{"type":"Point","coordinates":[-43.445212,-22.894309]}},{"type":"Feature","properties":{"codigo_unidade":"0833041","nome":"EM MIGUEL RAMALHO NOVO","tipo":"1","id_cre":8,"cod_territ":"8.5","logradouro":"RUA FRANCISCO PRADO","bairro":"REALENGO","cep":"21765240","fonte_geo":"unidades_unificadas"},"geometry":{"type":"Point","coordinates":[-43.431593,-22.891066]}},{"type":"Feature","properties":{"codigo_unidade":"0833042","nome":"EM PADRE LEONEL FRANCA","tipo":"1","id_cre":8,"cod_territ":"8.5","logradouro":"AVENIDA CANAL","bairro":"REALENGO","cep":"21755410","fonte_geo":"unidades_unificadas"},"geometry":{"type":"Point","coordinates":[-43.429451,-22.883457]}},{"type":"Feature","properties":{"codigo_unidade":"0833043","nome":"EM TENENTE CEL. PM EDUARDO VILLAÇA","tipo":"1","id_cre":8,"cod_territ":"8.5","logradouro":"RUA ANTÔNIO SIMÕES MARTINS","bairro":"REALENGO","cep":"21765120","fonte_geo":"unidades_unificadas"},"geometry":{"type":"Point","coordinates":[-43.433187,-22.894568]}},{"type":"Feature","properties":{"codigo_unidade":"0833045","nome":"EM COSTA DO MARFIM","tipo":"1","id_cre":8,"cod_territ":"8.24","logradouro":"RUA PEDRO NAVA","bairro":"REALENGO","cep":"21730680","fonte_geo":"unidades_unificadas"},"geometry":{"type":"Point","coordinates":[-43.425093,-22.864904]}},{"type":"Feature","properties":{"codigo_unidade":"0833046","nome":"EM PROFESSOR AFONSO HENRIQUE SALDANHA","tipo":"1","id_cre":8,"cod_territ":"8.4","logradouro":"\"RUA PAULA NEI \"","bairro":"REALENGO","cep":"21760035","fonte_geo":"unidades_unificadas"},"geometry":{"type":"Point","coordinates":[-43.426475,-22.88445]}},{"type":"Feature","properties":{"codigo_unidade":"0833048","nome":"EM LUIS DA CAMARA CASCUDO","tipo":"1","id_cre":8,"cod_territ":"8.4","logradouro":"RUA DO CACAU","bairro":"REALENGO","cep":"21750350","fonte_geo":"unidades_unificadas"},"geometry":{"type":"Point","coordinates":[-43.416418,-22.881573]}},{"type":"Feature","properties":{"codigo_unidade":"0833201","nome":"CIEP FREI VELOSO","tipo":"1","id_cre":8,"cod_territ":"8.4","logradouro":"RUA FRANKLIN TÁVORA","bairro":"REALENGO","cep":"21710030","fonte_geo":"unidades_unificadas"},"geometry":{"type":"Point","coordinates":[-43.426933,-22.881976]}},{"type":"Feature","properties":{"codigo_unidade":"0833501","nome":"EM PROFESSOR IVAN ROCCO MARCHI","tipo":"1","id_cre":8,"cod_territ":"8.14","logradouro":"AVENIDA BRASIL","bairro":"DEODORO","cep":"21615332","fonte_geo":"unidades_unificadas"},"geometry":{"type":"Point","coordinates":[-43.395679,-22.853522]}},{"type":"Feature","properties":{"codigo_unidade":"0833502","nome":"CIEP MARECHAL HENRIQUE TEIXEIRA LOTT","tipo":"1","id_cre":8,"cod_territ":"8.15","logradouro":"ESTRADA GENERAL AMERICANO FREIRE","bairro":"REALENGO","cep":"21720140","fonte_geo":"unidades_unificadas"},"geometry":{"type":"Point","coordinates":[-43.445359,-22.863106]}},{"type":"Feature","properties":{"codigo_unidade":"0833503","nome":"CIEP THOMAS JEFFERSON","tipo":"1","id_cre":8,"cod_territ":"8.14","logradouro":"ESTRADA DO ENGENHO NOVO","bairro":"REALENGO","cep":"21730320","fonte_geo":"unidades_unificadas"},"geometry":{"type":"Point","coordinates":[-43.425149,-22.866522]}},{"type":"Feature","properties":{"codigo_unidade":"0833504","nome":"CIEP FRANCISCO SOLANO TRINDADE","tipo":"1","id_cre":8,"cod_territ":"8.5","logradouro":"RUA ALCIDES BEZERRA","bairro":"REALENGO","cep":"21765250","fonte_geo":"unidades_unificadas"},"geometry":{"type":"Point","coordinates":[-43.430623,-22.890367]}},{"type":"Feature","properties":{"codigo_unidade":"0833505","nome":"CIEP ARACY DE ALMEIDA (CANTORA)","tipo":"1","id_cre":8,"cod_territ":"8.1","logradouro":"RUA DIRCEU","bairro":"JARDIM SULACAP","cep":"21740440","fonte_geo":"unidades_unificadas"},"geometry":{"type":"Point","coordinates":[-43.384375,-22.889417]}},{"type":"Feature","properties":{"codigo_unidade":"0833601","nome":"CM CASA DE REALENGO","tipo":"1","id_cre":8,"cod_territ":"8.6","logradouro":"RUA DOUTOR LESSA","bairro":"REALENGO","cep":"21710190","fonte_geo":"unidades_unificadas"},"geometry":{"type":"Point","coordinates":[-43.430644,-22.880628]}},{"type":"Feature","properties":{"codigo_unidade":"0833602","nome":"CM JULINHO CACAU","tipo":"1","id_cre":8,"cod_territ":"8.4","logradouro":"\"RUA TABELIÃO LUIZ GUARANÁ \"","bairro":"REALENGO","cep":"21750450","fonte_geo":"unidades_unificadas"},"geometry":{"type":"Point","coordinates":[-43.417187,-22.883527]}},{"type":"Feature","properties":{"codigo_unidade":"0833603","nome":"CM SILVEIRINHA","tipo":"1","id_cre":8,"cod_territ":"8.14","logradouro":"RUA CALIXTO SILVA","bairro":"DEODORO","cep":"21616180","fonte_geo":"unidades_unificadas"},"geometry":{"type":"Point","coordinates":[-43.396094,-22.853024]}},{"type":"Feature","properties":{"codigo_unidade":"0833801","nome":"EDI GESSICA GUEDES PEREIRA","tipo":"1","id_cre":8,"cod_territ":"8.2","logradouro":"RUA ORLANDO CORREA","bairro":"REALENGO","cep":"21746050","fonte_geo":"unidades_unificadas"},"geometry":{"type":"Point","coordinates":[-43.410707,-22.88766]}},{"type":"Feature","properties":{"codigo_unidade":"0833802","nome":"EDI PROFESSORA ZENA ELIAN","tipo":"1","id_cre":8,"cod_territ":"8.15","logradouro":"RUA GENERAL AMERICANO FREIRE","bairro":"REALENGO","cep":"21720140","fonte_geo":"unidades_unificadas"},"geometry":{"type":"Point","coordinates":[-43.445244,-22.863934]}},{"type":"Feature","properties":{"codigo_unidade":"0833803","nome":"EDI FREI ORLANDO","tipo":"1","id_cre":8,"cod_territ":"8.14","logradouro":"AVENIDA DUQUE DE CAXIAS","bairro":"DEODORO","cep":"21615220","fonte_geo":"unidades_unificadas"},"geometry":{"type":"Point","coordinates":[-43.390942,-22.859927]}},{"type":"Feature","properties":{"codigo_unidade":"0833804","nome":"EDI ORÍGENES LESSA","tipo":"4","id_cre":8,"cod_territ":null,"logradouro":null,"bairro":null,"cep":null,"fonte_geo":"unidades_unificadas"},"geometry":{"type":"Point","coordinates":[-43.417751,-22.888583]}},{"type":"Feature","properties":{"codigo_unidade":"0833805","nome":"EDI DEODORO","tipo":"1","id_cre":8,"cod_territ":"8.14","logradouro":"ESTRADA MARECHAL ALENCASTRO","bairro":"DEODORO","cep":"21615320","fonte_geo":"unidades_unificadas"},"geometry":{"type":"Point","coordinates":[-43.389857,-22.855758]}},{"type":"Feature","properties":{"codigo_unidade":"0833806","nome":"EDI PROFESSOR CRISTIANO PINTO DE MORAES BISPO","tipo":"3","id_cre":8,"cod_territ":"8.7","logradouro":null,"bairro":null,"cep":null,"fonte_geo":"unidades_unificadas"},"geometry":{"type":"Point","coordinates":[-43.447946,-22.895022]}},{"type":"Feature","properties":{"codigo_unidade":"0833806","nome":"EDI PROFESSOR CRISTIANO PINTO DE MORAES BISPO","tipo":"1","id_cre":8,"cod_territ":"8.7","logradouro":"RUA FEIRA NOVA","bairro":"REALENGO","cep":"21770410","fonte_geo":"unidades_unificadas"},"geometry":{"type":"Point","coordinates":[-43.447946,-22.895022]}},{"type":"Feature","properties":{"codigo_unidade":"0833807","nome":"EDI LUIZA PAULA DA SILVEIRA MACHADO","tipo":"1","id_cre":8,"cod_territ":"8.2","logradouro":"RUA SANTA LEOPOLDINA","bairro":"REALENGO","cep":"21760230","fonte_geo":"unidades_unificadas"},"geometry":{"type":"Point","coordinates":[-43.419503,-22.893768]}},{"type":"Feature","properties":{"codigo_unidade":"0833808","nome":"EDI PROFESSORA VANUZIA BASTOS DA SILVA","tipo":"1","id_cre":8,"cod_territ":"8.24","logradouro":"\"RUA HELIO DO AMARAL \"","bairro":"REALENGO","cep":"21725180","fonte_geo":"unidades_unificadas"},"geometry":{"type":"Point","coordinates":[-43.446539,-22.860859]}},{"type":"Feature","properties":{"codigo_unidade":"0833809","nome":"EDI PROFESSORA MARIA CECILIA FERREIRA","tipo":"1","id_cre":8,"cod_territ":"8.24","logradouro":"RUA URUQUE","bairro":"REALENGO","cep":"21725110","fonte_geo":"unidades_unificadas"},"geometry":{"type":"Point","coordinates":[-43.44396,-22.859369]}},{"type":"Feature","properties":{"codigo_unidade":"0833810","nome":"EDI MEDALHISTA OLÍMPICO SERGIO DUTRA DOS SANTOS","tipo":"1","id_cre":8,"cod_territ":"8.24","logradouro":"RUA SÃO DAGOBERTO","bairro":"REALENGO","cep":"21730450","fonte_geo":"unidades_unificadas"},"geometry":{"type":"Point","coordinates":[-43.430526,-22.859013]}},{"type":"Feature","properties":{"codigo_unidade":"0833811","nome":"EDI MEDALHISTA OLÍMPICA RAFAELA LOPES SILVA","tipo":"1","id_cre":8,"cod_territ":"8.3","logradouro":"RUA SALUSTIANO SILVA","bairro":"MAGALHÃES BASTOS","cep":"21745590","fonte_geo":"unidades_unificadas"},"geometry":{"type":"Point","coordinates":[-43.414361,-22.868937]}},{"type":"Feature","properties":{"codigo_unidade":"0833812","nome":"EDI CONDESSA PEREIRA CARNEIRO","tipo":"1","id_cre":8,"cod_territ":"8.14","logradouro":"RUA CALIXTO SILVA","bairro":"DEODORO","cep":"21616180","fonte_geo":"unidades_unificadas"},"geometry":{"type":"Point","coordinates":[-43.3964,-22.85368]}},{"type":"Feature","properties":{"codigo_unidade":"0833813","nome":"EDI ARACY MUNIZ FREIRE","tipo":"1","id_cre":8,"cod_territ":"8.3","logradouro":"PRAÇA DOUTOR JOSÉ PONTES","bairro":"MAGALHÃES BASTOS","cep":"21750060","fonte_geo":"unidades_unificadas"},"geometry":{"type":"Point","coordinates":[-43.41215,-22.88028]}},{"type":"Feature","properties":{"codigo_unidade":"0833814","nome":"EDI GABRIEL SOARES DE SOUZA","tipo":"1","id_cre":8,"cod_territ":"8.4","logradouro":"RUA ADOLFO KONDER","bairro":"REALENGO","cep":"21710060","fonte_geo":"unidades_unificadas"},"geometry":{"type":"Point","coordinates":[-43.42374,-22.88027]}},{"type":"Feature","properties":{"codigo_unidade":"0833815","nome":"EDI EDUARDO DE ALMEIDA CARDOSO","tipo":"1","id_cre":8,"cod_territ":"8.2","logradouro":"AVENIDA FREDERICO FAULHABER","bairro":"REALENGO","cep":"21760000","fonte_geo":"unidades_unificadas"},"geometry":{"type":"Point","coordinates":[-43.41963,-22.8928]}},{"type":"Feature","properties":{"codigo_unidade":"09001","nome":"CP CRECHE COMUNITÁRIA SANTA RITA","tipo":"1","id_cre":null,"cod_territ":null,"logradouro":"RUA ORLANDO RICCI","bairro":"CAMPO GRANDE","cep":"23016415","fonte_geo":"ausente"},"geometry":null},{"type":"Feature","properties":{"codigo_unidade":"09002","nome":"CP CRECHE SAGRADA FAMÍLIA","tipo":"1","id_cre":null,"cod_territ":null,"logradouro":"RUA CAMPOS ALTOS","bairro":"CAMPO GRANDE","cep":"23013290","fonte_geo":"ausente"},"geometry":null},{"type":"Feature","properties":{"codigo_unidade":"09003","nome":"CP CRECHE SÃO JORGE","tipo":"1","id_cre":null,"cod_territ":null,"logradouro":"RUA VIRGÍLIO BAHIA","bairro":"CAMPO GRANDE","cep":"23017010","fonte_geo":"ausente"},"geometry":null},{"type":"Feature","properties":{"codigo_unidade":"09004","nome":"CP CRECHE E PRÉ-ESCOLA CANTINHO DO SABER","tipo":"1","id_cre":null,"cod_territ":null,"logradouro":"RUA ITAMBARAÇA","bairro":"CAMPO GRANDE","cep":"23060070","fonte_geo":"ausente"},"geometry":null},{"type":"Feature","properties":{"codigo_unidade":"09005","nome":"CP AMÁLIA COELHO DE ANDRADE","tipo":"4","id_cre":null,"cod_territ":null,"logradouro":null,"bairro":null,"cep":null,"fonte_geo":"ausente"},"geometry":null},{"type":"Feature","properties":{"codigo_unidade":"09006","nome":"CP INSTITUTO METODISTA ANA GONZAGA - IMAG","tipo":"4","id_cre":null,"cod_territ":null,"logradouro":null,"bairro":null,"cep":null,"fonte_geo":"ausente"},"geometry":null},{"type":"Feature","properties":{"codigo_unidade":"09007","nome":"CP INSTITUTO AVELINO - CAMPO GRANDE","tipo":"1","id_cre":null,"cod_territ":null,"logradouro":"RUA ARCILIO PAPINI","bairro":"CAMPO GRANDE","cep":"23050150","fonte_geo":"ausente"},"geometry":null},{"type":"Feature","properties":{"codigo_unidade":"09008","nome":"CP CRECHE COMUNITÁRIA ANA & LU","tipo":"1","id_cre":null,"cod_territ":null,"logradouro":"RUA SOLON BOTELHO","bairro":"CAMPO GRANDE","cep":"23050450","fonte_geo":"ausente"},"geometry":null},{"type":"Feature","properties":{"codigo_unidade":"09009","nome":"CP CRECHE COMUNITÁRIA CRIANÇAS DE OURO","tipo":"1","id_cre":null,"cod_territ":null,"logradouro":"RUA SOLDADO ERNEZITO CHAGAS","bairro":"CAMPO GRANDE","cep":"23046460","fonte_geo":"ausente"},"geometry":null},{"type":"Feature","properties":{"codigo_unidade":"09010","nome":"CP CRECHE JARDIM ESCOLA RIO DA PRATA","tipo":"1","id_cre":null,"cod_territ":null,"logradouro":"AV GLICINIA","bairro":"CAMPO GRANDE","cep":"23016620","fonte_geo":"ausente"},"geometry":null},{"type":"Feature","properties":{"codigo_unidade":"09011","nome":"CP CRECHE NOVA JERUSALÉM EM CAMPO GRANDE","tipo":"1","id_cre":null,"cod_territ":null,"logradouro":"\"RUA CAMINHO DA TUTOIA \"","bairro":"COSMOS","cep":"23060275","fonte_geo":"ausente"},"geometry":null},{"type":"Feature","properties":{"codigo_unidade":"09012","nome":"CP CRECHE COMUNITÁRIA TIA NEIDE - CAMPO GRANDE","tipo":"1","id_cre":null,"cod_territ":null,"logradouro":"RUA TOLEDO","bairro":"CAMPO GRANDE","cep":"23067460","fonte_geo":"ausente"},"geometry":null},{"type":"Feature","properties":{"codigo_unidade":"09013","nome":"CP CRECHE COMUNITÁRIA SOL DO SABER","tipo":"1","id_cre":null,"cod_territ":null,"logradouro":"RUA ARCEBURGO","bairro":"SANTÍSSIMO","cep":"23094200","fonte_geo":"ausente"},"geometry":null},{"type":"Feature","properties":{"codigo_unidade":"09014","nome":"CP INSTITUTO DE ENSINO AVANÇADO","tipo":"1","id_cre":null,"cod_territ":null,"logradouro":"RUA FLORENTINO AVIDOS","bairro":"COSMOS","cep":"23058530","fonte_geo":"ausente"},"geometry":null},{"type":"Feature","properties":{"codigo_unidade":"09015","nome":"CP CRECHE BEZALEL KIDS I - FILIAL II","tipo":"4","id_cre":null,"cod_territ":null,"logradouro":null,"bairro":null,"cep":null,"fonte_geo":"ausente"},"geometry":null},{"type":"Feature","properties":{"codigo_unidade":"09016","nome":"CP CRECHE BEZALEL KIDS","tipo":"4","id_cre":null,"cod_territ":null,"logradouro":null,"bairro":null,"cep":null,"fonte_geo":"ausente"},"geometry":null},{"type":"Feature","properties":{"codigo_unidade":"09016","nome":"CP BEZALEL KIDS I","tipo":"3","id_cre":null,"cod_territ":null,"logradouro":null,"bairro":null,"cep":null,"fonte_geo":"ausente"},"geometry":null},{"type":"Feature","properties":{"codigo_unidade":"09017","nome":"CP ESPAÇO CRESCER","tipo":"1","id_cre":null,"cod_territ":null,"logradouro":"\"RUA JOSE  FRANCISCO SOUZA PORTO \"","bairro":"CAMPO GRANDE","cep":"23016010","fonte_geo":"ausente"},"geometry":null},{"type":"Feature","properties":{"codigo_unidade":"09018","nome":"CP ESPAÇO DE DESENVOLVIMENTO CARIOQUINHA","tipo":"1","id_cre":null,"cod_territ":null,"logradouro":"\"RUA ICURANA \"","bairro":"COSMOS","cep":"23059340","fonte_geo":"ausente"},"geometry":null},{"type":"Feature","properties":{"codigo_unidade":"09019","nome":"CP ASSOCIAÇÃO DE MORADORES UNIÃO DAS BASES DE URUCÂNIA E ADJACÊNCIAS - COSMOS","tipo":"1","id_cre":null,"cod_territ":null,"logradouro":"\" RUA POCINHOS\"","bairro":"COSMOS","cep":"23060030","fonte_geo":"ausente"},"geometry":null},{"type":"Feature","properties":{"codigo_unidade":"09020","nome":"CP ASSOCIAÇÃO DE MORADORES UNIÃO DAS BASES DE URUCÂNIA E ADJACÊNCIAS - CAMPO GRANDE","tipo":"1","id_cre":null,"cod_territ":null,"logradouro":"RUA PRFOFESSOR RAMIRO DE MATOS","bairro":"CAMPO GRANDE","cep":"23055520","fonte_geo":"ausente"},"geometry":null},{"type":"Feature","properties":{"codigo_unidade":"09021","nome":"CP INSTITUTO CRESCER & APRENDER","tipo":"1","id_cre":null,"cod_territ":null,"logradouro":"RUA SEABRA FILHO","bairro":"INHOAÍBA","cep":"23062000","fonte_geo":"ausente"},"geometry":null},{"type":"Feature","properties":{"codigo_unidade":"09022","nome":"CP ESPAÇO CRIATIVO CASTELINHO RINALDI","tipo":"1","id_cre":null,"cod_territ":null,"logradouro":"RUA DEZOITO","bairro":"INHOAÍBA","cep":"23057042","fonte_geo":"ausente"},"geometry":null},{"type":"Feature","properties":{"codigo_unidade":"09023","nome":"CP ESPAÇO CRIATIVO SALOMÃO","tipo":"1","id_cre":null,"cod_territ":null,"logradouro":"\" RUA ICURANA\"","bairro":"COSMOS","cep":"23059340","fonte_geo":"ausente"},"geometry":null},{"type":"Feature","properties":{"codigo_unidade":"09024","nome":"CP CRECHE COMUNITÁRIA DOCE INFÂNCIA","tipo":"1","id_cre":null,"cod_territ":null,"logradouro":"RUA OITO","bairro":"INHOAÍBA","cep":"23056000","fonte_geo":"ausente"},"geometry":null},{"type":"Feature","properties":{"codigo_unidade":"09025","nome":"CP INSTITUTO Ô LUAR","tipo":"1","id_cre":null,"cod_territ":null,"logradouro":"RUA CASA NOVA","bairro":"CAMPO GRANDE","cep":"23075150","fonte_geo":"ausente"},"geometry":null},{"type":"Feature","properties":{"codigo_unidade":"09026","nome":"CP CRECHE COMUNITÁRIA LEÃOZINHO FELIZ","tipo":"1","id_cre":null,"cod_territ":null,"logradouro":"ESTRADA DA PENA","bairro":"COSMOS","cep":"23060360","fonte_geo":"ausente"},"geometry":null},{"type":"Feature","properties":{"codigo_unidade":"09027","nome":"CP INSTITUTO FRUTIFICAR","tipo":"1","id_cre":null,"cod_territ":null,"logradouro":"RUA AYRTON SENNA","bairro":"COSMOS","cep":"23060614","fonte_geo":"ausente"},"geometry":null},{"type":"Feature","properties":{"codigo_unidade":"09027","nome":"CP INSTITUTO FRUTIFICAR","tipo":"3","id_cre":null,"cod_territ":null,"logradouro":null,"bairro":null,"cep":null,"fonte_geo":"ausente"},"geometry":null},{"type":"Feature","properties":{"codigo_unidade":"09028","nome":"CP CRECHE COMUNITÁRIA ALÉM DO ARCO-ÍRIS","tipo":"1","id_cre":null,"cod_territ":null,"logradouro":"\" RUA SOLDADO FRANCISCO SAVASTANA\"","bairro":"CAMPO GRANDE","cep":"23075190","fonte_geo":"ausente"},"geometry":null},{"type":"Feature","properties":{"codigo_unidade":"09029","nome":"CP INSTITUTO CRECHE DO PAPAI","tipo":"1","id_cre":null,"cod_territ":null,"logradouro":"\"  ESTRADA DA CACHAMORRA \"","bairro":"CAMPO GRANDE","cep":"23040150","fonte_geo":"ausente"},"geometry":null},{"type":"Feature","properties":{"codigo_unidade":"09030","nome":"CP ESPAÇO DE DESENVOLVIMENTO PEDRITA","tipo":"1","id_cre":null,"cod_territ":null,"logradouro":"RUA BYRON","bairro":"CAMPO GRANDE","cep":"23095000","fonte_geo":"ausente"},"geometry":null},{"type":"Feature","properties":{"codigo_unidade":"09030","nome":"CP CENTRO EDUCACIONAL SHEKINAH","tipo":"3","id_cre":null,"cod_territ":null,"logradouro":null,"bairro":null,"cep":null,"fonte_geo":"ausente"},"geometry":null},{"type":"Feature","properties":{"codigo_unidade":"09031","nome":"CP ESPAÇO CRIATIVO TURMINHA DO BAIRRO","tipo":"1","id_cre":null,"cod_territ":null,"logradouro":"RUA CEARA MIRIM","bairro":"CAMPO GRANDE","cep":"23070320","fonte_geo":"ausente"},"geometry":null},{"type":"Feature","properties":{"codigo_unidade":"09032","nome":"CP SOLDADINHOS DE DEUS","tipo":"1","id_cre":null,"cod_territ":null,"logradouro":"PRAÇA NARCISO LUZES","bairro":"INHOAÍBA","cep":"23055470","fonte_geo":"ausente"},"geometry":null},{"type":"Feature","properties":{"codigo_unidade":"09033","nome":"CP TEMPO DE CRIANÇA","tipo":"1","id_cre":null,"cod_territ":null,"logradouro":"RUA CEARA MIRIM","bairro":"CAMPO GRANDE","cep":"23070320","fonte_geo":"ausente"},"geometry":null},{"type":"Feature","properties":{"codigo_unidade":"09034","nome":"CP CRECHE COMUNITÁRIA ARTE DA CRIANÇA","tipo":"1","id_cre":null,"cod_territ":null,"logradouro":"AVENIDA SERIDO","bairro":"CAMPO GRANDE","cep":"23015170","fonte_geo":"ausente"},"geometry":null},{"type":"Feature","properties":{"codigo_unidade":"09035","nome":"CP INSTITUTO CRESCER E APRENDER - FILIAL","tipo":"1","id_cre":null,"cod_territ":null,"logradouro":"RUA TAPES","bairro":"CAMPO GRANDE","cep":"23070180","fonte_geo":"ausente"},"geometry":null},{"type":"Feature","properties":{"codigo_unidade":"09035","nome":"CRECHE ESCOLA BAIXINHOS SABIDOS","tipo":"3","id_cre":null,"cod_territ":null,"logradouro":null,"bairro":null,"cep":null,"fonte_geo":"ausente"},"geometry":null},{"type":"Feature","properties":{"codigo_unidade":"09035","nome":"CP CRECHE ESCOLA BAIXINHOS SABIDOS","tipo":"3","id_cre":null,"cod_territ":null,"logradouro":null,"bairro":null,"cep":null,"fonte_geo":"ausente"},"geometry":null},{"type":"Feature","properties":{"codigo_unidade":"09036","nome":"CP INSTITUTO CONSTRUINDO AMANHÃ","tipo":"1","id_cre":null,"cod_territ":null,"logradouro":"\" ESTRADA DO PRÉ\"","bairro":"SENADOR VASCONCELOS","cep":"23013550","fonte_geo":"ausente"},"geometry":null},{"type":"Feature","properties":{"codigo_unidade":"09037","nome":"CP CRECHE COMUNITÁRIA AURINA","tipo":"1","id_cre":null,"cod_territ":null,"logradouro":"RUA ALMEIDA GONZAGA","bairro":"CAMPO GRANDE","cep":"23045390","fonte_geo":"ausente"},"geometry":null},{"type":"Feature","properties":{"codigo_unidade":"09038","nome":"CP CEM CRECHE ESCOLA MACHADO UNIDADE II","tipo":"1","id_cre":null,"cod_territ":null,"logradouro":"\" RUA PIRAUA \"","bairro":"COSMOS","cep":"23060060","fonte_geo":"ausente"},"geometry":null},{"type":"Feature","properties":{"codigo_unidade":"09039","nome":"CP CRECHE COMUNITÁRIA ESTRELINHA DO SABER","tipo":"1","id_cre":null,"cod_territ":null,"logradouro":"\" RUA CONCEIÇÃO DAS ALAGOAS \"","bairro":"CAMPO GRANDE","cep":"23047550","fonte_geo":"ausente"},"geometry":null},{"type":"Feature","properties":{"codigo_unidade":"09040","nome":"CP CRECHE E ESCOLA COMUNITARIA GENTE BAIXINHA - UNIDADE COSMOS","tipo":"1","id_cre":null,"cod_territ":null,"logradouro":"RUA CURARE","bairro":"COSMOS","cep":"23060460","fonte_geo":"ausente"},"geometry":null},{"type":"Feature","properties":{"codigo_unidade":"09041","nome":"CP CRECHE COMUNITÁRIA PEQUENOS PASSOS","tipo":"1","id_cre":null,"cod_territ":null,"logradouro":"RUA NOÊMIA DRUMOND","bairro":"CAMPO GRANDE","cep":"23090770","fonte_geo":"ausente"},"geometry":null},{"type":"Feature","properties":{"codigo_unidade":"09042","nome":"CP CRECHE PEQUENA CANAÃ","tipo":"1","id_cre":null,"cod_territ":null,"logradouro":"\"RUA LAPLACE \"","bairro":"CAMPO GRANDE","cep":"23080340","fonte_geo":"ausente"},"geometry":null},{"type":"Feature","properties":{"codigo_unidade":"09043","nome":"CP CRECHE COMUNITÁRIA RIBEIRO","tipo":"1","id_cre":null,"cod_territ":null,"logradouro":"\" AVENIDA JOAQUIM MAGALHÃES\"","bairro":"SENADOR VASCONCELOS","cep":"23012120","fonte_geo":"ausente"},"geometry":null},{"type":"Feature","properties":{"codigo_unidade":"09043","nome":"CP CRECHE COMUNIT. CRISTÃ CORDEIRINHO DE CRISTO","tipo":"3","id_cre":null,"cod_territ":null,"logradouro":null,"bairro":null,"cep":null,"fonte_geo":"ausente"},"geometry":null},{"type":"Feature","properties":{"codigo_unidade":"09044","nome":"CP CRECHE COMUNITÁRIA JARDIM FELIZ","tipo":"1","id_cre":null,"cod_territ":null,"logradouro":"ESTRADA MORIÇABA","bairro":"SENADOR VASCONCELOS","cep":"23012006","fonte_geo":"ausente"},"geometry":null},{"type":"Feature","properties":{"codigo_unidade":"09045","nome":"CP CRECHE COMUNITÁRIA PINTANDO SONHOS","tipo":"1","id_cre":null,"cod_territ":null,"logradouro":"\"RUA VALDIR AZEVEDO \"","bairro":"CAMPO GRANDE","cep":"23088280","fonte_geo":"ausente"},"geometry":null},{"type":"Feature","properties":{"codigo_unidade":"09045","nome":"CP CRECHE COMUNITÁRIA AQUARELA DO SABER (GUARATIBA)","tipo":"3","id_cre":null,"cod_territ":null,"logradouro":null,"bairro":null,"cep":null,"fonte_geo":"ausente"},"geometry":null},{"type":"Feature","properties":{"codigo_unidade":"09046","nome":"CP CRECHE COMUNITÁRIA URSINHO PIMPÃO","tipo":"1","id_cre":null,"cod_territ":null,"logradouro":"RUA RUA TEIXEIRA CAMPOS","bairro":"SANTÍSSIMO","cep":"23098062","fonte_geo":"ausente"},"geometry":null},{"type":"Feature","properties":{"codigo_unidade":"09047","nome":"CP CHECHE COMUNITÁRIA PEDACINHO DE CÉU - CAMPO GRANDE","tipo":"1","id_cre":null,"cod_territ":null,"logradouro":"RUA RODRIGUES CAMPELO","bairro":"CAMPO GRANDE","cep":"23017210","fonte_geo":"ausente"},"geometry":null},{"type":"Feature","properties":{"codigo_unidade":"09047","nome":"CP CRECHE COMUNITÁRIA GENTE MIÚDA","tipo":"3","id_cre":null,"cod_territ":null,"logradouro":null,"bairro":null,"cep":null,"fonte_geo":"ausente"},"geometry":null},{"type":"Feature","properties":{"codigo_unidade":"09047","nome":"CP INSTITUTO DE AÇÃO SOCIAL VIDA","tipo":"3","id_cre":null,"cod_territ":null,"logradouro":null,"bairro":null,"cep":null,"fonte_geo":"ausente"},"geometry":null},{"type":"Feature","properties":{"codigo_unidade":"09048","nome":"CP CRECHE COMUNITÁRIA TIA ALÊ","tipo":"1","id_cre":null,"cod_territ":null,"logradouro":"RUA CIRO FLÁVIO SALAZAR","bairro":"CAMPO GRANDE","cep":"23093675","fonte_geo":"ausente"},"geometry":null},{"type":"Feature","properties":{"codigo_unidade":"09049","nome":"CP CRECHE COMUNITÁRIA MARIA TERESA","tipo":"1","id_cre":null,"cod_territ":null,"logradouro":"RUA ARICURI","bairro":"CAMPO GRANDE","cep":"23087142","fonte_geo":"ausente"},"geometry":null},{"type":"Feature","properties":{"codigo_unidade":"09050","nome":"CP CENTRO COMUNITÁRIO DE EDUCAÇÃO PROFESSORA DARCI CARVALHO","tipo":"1","id_cre":null,"cod_territ":null,"logradouro":"RUA ALBERTINA","bairro":"CAMPO GRANDE","cep":"23080090","fonte_geo":"ausente"},"geometry":null},{"type":"Feature","properties":{"codigo_unidade":"09050","nome":"CP CHECHE COMUNITÁRIA PEDACINHO DO CÉU - CAMPO GRANDE","tipo":"3","id_cre":null,"cod_territ":null,"logradouro":null,"bairro":null,"cep":null,"fonte_geo":"ausente"},"geometry":null},{"type":"Feature","properties":{"codigo_unidade":"09051","nome":"CP CRECHE COMUNITÁRIA GENTE MIÚDA","tipo":"1","id_cre":null,"cod_territ":null,"logradouro":"RUA PROJETADA A","bairro":"SANTÍSSIMO","cep":"23093312","fonte_geo":"ausente"},"geometry":null},{"type":"Feature","properties":{"codigo_unidade":"09052","nome":"CP INSTITUTO CRESCER & APRENDER - SANTÍSSIMO","tipo":"1","id_cre":null,"cod_territ":null,"logradouro":null,"bairro":null,"cep":null,"fonte_geo":"ausente"},"geometry":null},{"type":"Feature","properties":{"codigo_unidade":"09053","nome":"CP INSTITUTO EDUCACIONAL PROGRESSÃO","tipo":"3","id_cre":null,"cod_territ":null,"logradouro":null,"bairro":null,"cep":null,"fonte_geo":"ausente"},"geometry":null},{"type":"Feature","properties":{"codigo_unidade":"09053","nome":"CP INSTITUTO EDUCACIONAL PROGRESSÃO","tipo":"1","id_cre":null,"cod_territ":null,"logradouro":null,"bairro":null,"cep":null,"fonte_geo":"ausente"},"geometry":null},{"type":"Feature","properties":{"codigo_unidade":"09054","nome":"CP CRECHE CRIANÇA CONTENTE","tipo":"1","id_cre":null,"cod_territ":null,"logradouro":null,"bairro":null,"cep":null,"fonte_geo":"ausente"},"geometry":null},{"type":"Feature","properties":{"codigo_unidade":"09055","nome":"CP CRECHE COMUNITÁRIA FILOMENA COSTA","tipo":"1","id_cre":null,"cod_territ":null,"logradouro":null,"bairro":null,"cep":null,"fonte_geo":"ausente"},"geometry":null},{"type":"Feature","properties":{"codigo_unidade":"09056","nome":"CP DO.RA., A AVENTUREIRA - CAMPO GRANDE","tipo":"1","id_cre":null,"cod_territ":null,"logradouro":null,"bairro":null,"cep":null,"fonte_geo":"ausente"},"geometry":null},{"type":"Feature","properties":{"codigo_unidade":"09057","nome":"CP CRECHE ESCOLA OFICINA DO SABER","tipo":"1","id_cre":null,"cod_territ":null,"logradouro":null,"bairro":null,"cep":null,"fonte_geo":"ausente"},"geometry":null},{"type":"Feature","properties":{"codigo_unidade":"09058","nome":"CP CRECHE ESCOLA COMUNITÁRIA ESTRELINHAS BRILHANTES","tipo":"1","id_cre":null,"cod_territ":null,"logradouro":null,"bairro":null,"cep":null,"fonte_geo":"ausente"},"geometry":null},{"type":"Feature","properties":{"codigo_unidade":"09059","nome":"CP CRECHE COMUNITÁRIA MUNDINHO GUADALUPE","tipo":"1","id_cre":null,"cod_territ":null,"logradouro":null,"bairro":null,"cep":null,"fonte_geo":"ausente"},"geometry":null},{"type":"Feature","properties":{"codigo_unidade":"09060","nome":"CP CRECHE CASA DO SABER","tipo":"1","id_cre":null,"cod_territ":null,"logradouro":null,"bairro":null,"cep":null,"fonte_geo":"ausente"},"geometry":null},{"type":"Feature","properties":{"codigo_unidade":"0918001","nome":"EM ALBA CANIZARES DO NASCIMENTO","tipo":"1","id_cre":9,"cod_territ":"9.14","logradouro":"RUA PROFESSOR SOUSA MOREIRA","bairro":"INHOAÍBA","cep":"23059540","fonte_geo":"unidades_unificadas"},"geometry":{"type":"Point","coordinates":[-43.595801,-22.910566]}},{"type":"Feature","properties":{"codigo_unidade":"0918002","nome":"EM PROFESSORA ORMINDA RODRIGUES","tipo":"1","id_cre":9,"cod_territ":"9.14","logradouro":"\" RUA PROFESSOR SOUZA MOREIRA\"","bairro":"INHOAÍBA","cep":"23059540","fonte_geo":"unidades_unificadas"},"geometry":{"type":"Point","coordinates":[-43.595818,-22.910264]}},{"type":"Feature","properties":{"codigo_unidade":"0918003","nome":"EM IVA GOMES RIBEIRO","tipo":"1","id_cre":9,"cod_territ":"9.21","logradouro":"RUA PEDRO AUTRAN","bairro":"INHOAÍBA","cep":"23059100","fonte_geo":"unidades_unificadas"},"geometry":{"type":"Point","coordinates":[-43.585038,-22.914268]}},{"type":"Feature","properties":{"codigo_unidade":"0918004","nome":"EM ATENAS","tipo":"1","id_cre":9,"cod_territ":"9.9","logradouro":"RUA HORIZONTINA","bairro":"COSMOS","cep":"23063380","fonte_geo":"unidades_unificadas"},"geometry":{"type":"Point","coordinates":[-43.592168,-22.896526]}},{"type":"Feature","properties":{"codigo_unidade":"0918005","nome":"EM LYCIO DE SOUZA CARVALHO","tipo":"1","id_cre":9,"cod_territ":"9.9","logradouro":"RUA SOLDADO SEBASTIÃO VIANA","bairro":"INHOAÍBA","cep":"23063230","fonte_geo":"unidades_unificadas"},"geometry":{"type":"Point","coordinates":[-43.596118,-22.891385]}},{"type":"Feature","properties":{"codigo_unidade":"0918006","nome":"EM PROFESSOR AUGUSTO JOSÉ MACHADO","tipo":"1","id_cre":9,"cod_territ":"9.11","logradouro":"RUA JOSÉ DOS SANTOS","bairro":"INHOAÍBA","cep":"23062160","fonte_geo":"unidades_unificadas"},"geometry":{"type":"Point","coordinates":[-43.600086,-22.901509]}},{"type":"Feature","properties":{"codigo_unidade":"0918007","nome":"EM PRESIDENTE ANTÔNIO CARLOS","tipo":"1","id_cre":9,"cod_territ":"9.13","logradouro":"RUA PEQUIÁ","bairro":"COSMOS","cep":"23060470","fonte_geo":"unidades_unificadas"},"geometry":{"type":"Point","coordinates":[-43.616053,-22.910969]}},{"type":"Feature","properties":{"codigo_unidade":"0918008","nome":"EM ALBERTO NEPOMUCENO","tipo":"1","id_cre":9,"cod_territ":"9.14","logradouro":"RUA DOM IRINEU JOFLY","bairro":"COSMOS","cep":"23059100","fonte_geo":"unidades_unificadas"},"geometry":{"type":"Point","coordinates":[-43.607488,-22.914699]}},{"type":"Feature","properties":{"codigo_unidade":"0918009","nome":"EM RÔMULO GALLEGOS","tipo":"1","id_cre":9,"cod_territ":"9.9","logradouro":"RUA ITAMBARAÇA","bairro":"COSMOS","cep":"23060070","fonte_geo":"unidades_unificadas"},"geometry":{"type":"Point","coordinates":[-43.601577,-22.888996]}},{"type":"Feature","properties":{"codigo_unidade":"0918010","nome":"EM BARÃO DE SANTA MARGARIDA","tipo":"1","id_cre":9,"cod_territ":"9.12","logradouro":"RUA COREMAS","bairro":"COSMOS","cep":"23060040","fonte_geo":"unidades_unificadas"},"geometry":{"type":"Point","coordinates":[-43.604558,-22.888893]}},{"type":"Feature","properties":{"codigo_unidade":"0918011","nome":"EM PROFESSOR MANOEL MAURÍCIO","tipo":"1","id_cre":9,"cod_territ":"9.12","logradouro":"RUA MARCORAMA","bairro":"COSMOS","cep":"23068000","fonte_geo":"unidades_unificadas"},"geometry":{"type":"Point","coordinates":[-43.609575,-22.887158]}},{"type":"Feature","properties":{"codigo_unidade":"0918012","nome":"EM PROFESSORA MARIA LUIZA LIMA E SILVA","tipo":"1","id_cre":9,"cod_territ":"9.14","logradouro":"RUA FRANCA LEITE","bairro":"COSMOS","cep":"23059380","fonte_geo":"unidades_unificadas"},"geometry":{"type":"Point","coordinates":[-43.612875,-22.915252]}},{"type":"Feature","properties":{"codigo_unidade":"0918013","nome":"EM VENEZUELA","tipo":"1","id_cre":9,"cod_territ":"9.18","logradouro":"RUA AMARAL COSTA","bairro":"CAMPO GRANDE","cep":"23050260","fonte_geo":"unidades_unificadas"},"geometry":{"type":"Point","coordinates":[-43.56074,-22.906254]}},{"type":"Feature","properties":{"codigo_unidade":"0918016","nome":"EM UBALDINA DIAS JACARÉ","tipo":"1","id_cre":9,"cod_territ":"9.18","logradouro":"RUA SÃO DOMICIANO","bairro":"CAMPO GRANDE","cep":"23052330","fonte_geo":"unidades_unificadas"},"geometry":{"type":"Point","coordinates":[-43.549237,-22.905457]}},{"type":"Feature","properties":{"codigo_unidade":"0918017","nome":"EM ALFREDO CESÁRIO ALVIM","tipo":"1","id_cre":9,"cod_territ":"9.17","logradouro":"RUA LUÍSA DE MARILLAC","bairro":"CAMPO GRANDE","cep":"23017530","fonte_geo":"unidades_unificadas"},"geometry":{"type":"Point","coordinates":[-43.518773,-22.923154]}},{"type":"Feature","properties":{"codigo_unidade":"0918019","nome":"EM JOÃO PROENÇA","tipo":"1","id_cre":9,"cod_territ":"9.19","logradouro":"RUA COSTA NUNES","bairro":"CAMPO GRANDE","cep":"23045290","fonte_geo":"unidades_unificadas"},"geometry":{"type":"Point","coordinates":[-43.558356,-22.917492]}},{"type":"Feature","properties":{"codigo_unidade":"0918020","nome":"EM ROSARIA TROTTA","tipo":"1","id_cre":9,"cod_territ":"9.18","logradouro":"PRAÇA ROSÁRIA TROTTA","bairro":"CAMPO GRANDE","cep":"23013715","fonte_geo":"unidades_unificadas"},"geometry":{"type":"Point","coordinates":[-43.548975,-22.901568]}},{"type":"Feature","properties":{"codigo_unidade":"0918021","nome":"EM PROFESSOR FELIPE SANTIAGO","tipo":"1","id_cre":9,"cod_territ":"9.20","logradouro":"RUA SARGENTO ARGOLO SACRAMENTO","bairro":"CAMPO GRANDE","cep":"23042520","fonte_geo":"unidades_unificadas"},"geometry":{"type":"Point","coordinates":[-43.559982,-22.933314]}},{"type":"Feature","properties":{"codigo_unidade":"0918022","nome":"EM CASTRO ALVES","tipo":"1","id_cre":9,"cod_territ":"9.16","logradouro":"PRAÇA MARCELINO DA GAMA","bairro":"CAMPO GRANDE","cep":"23017195","fonte_geo":"unidades_unificadas"},"geometry":{"type":"Point","coordinates":[-43.538363,-22.917588]}},{"type":"Feature","properties":{"codigo_unidade":"0918024","nome":"EM DOM MEINRADO","tipo":"1","id_cre":9,"cod_territ":"9.18","logradouro":"RUA ADELMAR TAVARES","bairro":"CAMPO GRANDE","cep":"23052280","fonte_geo":"unidades_unificadas"},"geometry":{"type":"Point","coordinates":[-43.549665,-22.910487]}},{"type":"Feature","properties":{"codigo_unidade":"0918025","nome":"EM MIGUEL DE LARREINAGA","tipo":"1","id_cre":9,"cod_territ":"9.19","logradouro":"RUA SEABRA","bairro":"CAMPO GRANDE","cep":"23045795","fonte_geo":"unidades_unificadas"},"geometry":{"type":"Point","coordinates":[-43.566233,-22.925136]}},{"type":"Feature","properties":{"codigo_unidade":"0918026","nome":"EM MAFALDA TEIXEIRA DE ALVARENGA","tipo":"1","id_cre":9,"cod_territ":"9.16","logradouro":"RUA JOSÉ FRANCISCO DE  SOUSA PORTO","bairro":"CAMPO GRANDE","cep":"23016010","fonte_geo":"unidades_unificadas"},"geometry":{"type":"Point","coordinates":[-43.535676,-22.909177]}},{"type":"Feature","properties":{"codigo_unidade":"0918027","nome":"EM RUBENS DE FARIAS NEVES","tipo":"1","id_cre":9,"cod_territ":"9.16","logradouro":"RUA IARA BELTRAMI","bairro":"CAMPO GRANDE","cep":"23016470","fonte_geo":"unidades_unificadas"},"geometry":{"type":"Point","coordinates":[-43.532277,-22.915047]}},{"type":"Feature","properties":{"codigo_unidade":"0918028","nome":"EM ALMIRANTE SALDANHA DA GAMA","tipo":"1","id_cre":9,"cod_territ":"9.14","logradouro":"AVENIDA CESÁRIO DE MELO","bairro":"CAMPO GRANDE","cep":"23050102","fonte_geo":"unidades_unificadas"},"geometry":{"type":"Point","coordinates":[-43.571676,-22.906364]}},{"type":"Feature","properties":{"codigo_unidade":"0918029","nome":"EM PRESIDENTE ARTHUR BERNARDES","tipo":"1","id_cre":9,"cod_territ":"9.19","logradouro":"RUA PEROPABA","bairro":"CAMPO GRANDE","cep":"23045570","fonte_geo":"unidades_unificadas"},"geometry":{"type":"Point","coordinates":[-43.564542,-22.921062]}},{"type":"Feature","properties":{"codigo_unidade":"0918030","nome":"EM RAYMUNDO CORRÊA","tipo":"1","id_cre":9,"cod_territ":"9.20","logradouro":"ESTRADA DO MONTEIRO","bairro":"CAMPO GRANDE","cep":"23036340","fonte_geo":"unidades_unificadas"},"geometry":{"type":"Point","coordinates":[-43.574947,-22.932023]}},{"type":"Feature","properties":{"codigo_unidade":"0918031","nome":"EM GEORGE WASHINGTON","tipo":"1","id_cre":9,"cod_territ":"9.21","logradouro":"RUA ALVORADA","bairro":"CAMPO GRANDE","cep":"23055200","fonte_geo":"unidades_unificadas"},"geometry":{"type":"Point","coordinates":[-43.575543,-22.911581]}},{"type":"Feature","properties":{"codigo_unidade":"0918032","nome":"EM DOUTOR NELCY NORONHA","tipo":"1","id_cre":9,"cod_territ":"9.19","logradouro":"RUA COXILA RICA","bairro":"CAMPO GRANDE","cep":"23047080","fonte_geo":"unidades_unificadas"},"geometry":{"type":"Point","coordinates":[-43.560308,-22.923075]}},{"type":"Feature","properties":{"codigo_unidade":"0918033","nome":"EM PROFESSOR GILBERTO BENTO DA SILVA","tipo":"1","id_cre":9,"cod_territ":"9.18","logradouro":"RUA FRANCISCO MOTA","bairro":"CAMPO GRANDE","cep":"23013630","fonte_geo":"unidades_unificadas"},"geometry":{"type":"Point","coordinates":[-43.543302,-22.907368]}},{"type":"Feature","properties":{"codigo_unidade":"0918034","nome":"EM JESUS SOARES PEREIRA","tipo":"1","id_cre":9,"cod_territ":"9.17","logradouro":"RUA CONSOLAÇÃO","bairro":"CAMPO GRANDE","cep":"23040005","fonte_geo":"unidades_unificadas"},"geometry":{"type":"Point","coordinates":[-43.546838,-22.919593]}},{"type":"Feature","properties":{"codigo_unidade":"0918035","nome":"EM MANE GARRINCHA - ALEGRIA DO POVO","tipo":"1","id_cre":9,"cod_territ":"9.20","logradouro":"RUA VICENTE PERROTA","bairro":"GUARATIBA","cep":"23036180","fonte_geo":"unidades_unificadas"},"geometry":{"type":"Point","coordinates":[-43.573257,-22.939932]}},{"type":"Feature","properties":{"codigo_unidade":"0918036","nome":"EM PROFESSOR PAULO SILVA","tipo":"1","id_cre":9,"cod_territ":"9.14","logradouro":"RUA JAIRO CORREIA","bairro":"INHOAÍBA","cep":"23059270","fonte_geo":"unidades_unificadas"},"geometry":{"type":"Point","coordinates":[-43.584735,-22.908586]}},{"type":"Feature","properties":{"codigo_unidade":"0918037","nome":"EM SANTA ISABEL","tipo":"1","id_cre":9,"cod_territ":"9.14","logradouro":"AVENIDA CESÁRIO DE MELO","bairro":"CAMPO GRANDE","cep":"23059001","fonte_geo":"unidades_unificadas"},"geometry":{"type":"Point","coordinates":[-43.585641,-22.910672]}},{"type":"Feature","properties":{"codigo_unidade":"0918038","nome":"EM PUGILISTA VIRGULINO ISAIAS DE OLIVEIRA","tipo":"1","id_cre":9,"cod_territ":"9.18","logradouro":"RUA ACREÚNA","bairro":"CAMPO GRANDE","cep":"23045200","fonte_geo":"unidades_unificadas"},"geometry":{"type":"Point","coordinates":[-43.551669,-22.910373]}},{"type":"Feature","properties":{"codigo_unidade":"0918039","nome":"EM SÃO CAMILO DE LELIS","tipo":"1","id_cre":9,"cod_territ":"9.21","logradouro":"AVENIDA ALDO BOTELHO","bairro":"CAMPO GRANDE","cep":"23055630","fonte_geo":"unidades_unificadas"},"geometry":{"type":"Point","coordinates":[-43.581061,-22.916719]}},{"type":"Feature","properties":{"codigo_unidade":"0918040","nome":"EM PROFESSORA MARITA DE VASCONCELOS","tipo":"1","id_cre":9,"cod_territ":"9.18","logradouro":"RUA XAVIER MARQUES","bairro":"CAMPO GRANDE","cep":"23052080","fonte_geo":"unidades_unificadas"},"geometry":{"type":"Point","coordinates":[-43.550466,-22.90081]}},{"type":"Feature","properties":{"codigo_unidade":"0918041","nome":"EM ANTONIA VARGAS CUQUEJO","tipo":"1","id_cre":9,"cod_territ":"9.12","logradouro":"PRAÇA DERCIDES ALVES DOS SANTOS","bairro":"COSMOS","cep":"23066410","fonte_geo":"unidades_unificadas"},"geometry":{"type":"Point","coordinates":[-43.610765,-22.892077]}},{"type":"Feature","properties":{"codigo_unidade":"0918042","nome":"EM FERNANDO BARATA RIBEIRO","tipo":"1","id_cre":9,"cod_territ":"9.15","logradouro":"AVENIDA DE STA CRUZ","bairro":"SANTÍSSIMO","cep":"23010185","fonte_geo":"unidades_unificadas"},"geometry":{"type":"Point","coordinates":[-43.512005,-22.880909]}},{"type":"Feature","properties":{"codigo_unidade":"0918043","nome":"EM TENENTE GÓES MONTEIRO","tipo":"1","id_cre":9,"cod_territ":"9.2","logradouro":"\" ESTRADA SETE RIACHOS\"","bairro":"SANTÍSSIMO","cep":"23098006","fonte_geo":"unidades_unificadas"},"geometry":{"type":"Point","coordinates":[-43.523424,-22.862576]}},{"type":"Feature","properties":{"codigo_unidade":"0918044","nome":"EM ERNESTO NAZARETH","tipo":"1","id_cre":9,"cod_territ":"9.2","logradouro":"RUA BASTOS TIGRE","bairro":"SANTÍSSIMO","cep":"23093630","fonte_geo":"unidades_unificadas"},"geometry":{"type":"Point","coordinates":[-43.53058,-22.876762]}},{"type":"Feature","properties":{"codigo_unidade":"0918045","nome":"EM VISCONDE DO RIO BRANCO","tipo":"1","id_cre":9,"cod_territ":"9.2","logradouro":"\"ESTRADA DA POSSE \"","bairro":"CAMPO GRANDE","cep":"23093122","fonte_geo":"unidades_unificadas"},"geometry":{"type":"Point","coordinates":[-43.551248,-22.884393]}},{"type":"Feature","properties":{"codigo_unidade":"0918046","nome":"EM SAMUEL WAINER","tipo":"1","id_cre":9,"cod_territ":"9.2","logradouro":"RUA ALEXANDRE AMARAL","bairro":"SANTÍSSIMO","cep":"23098120","fonte_geo":"unidades_unificadas"},"geometry":{"type":"Point","coordinates":[-43.513115,-22.867451]}},{"type":"Feature","properties":{"codigo_unidade":"0918047","nome":"EM BELISÁRIO PENA","tipo":"1","id_cre":9,"cod_territ":"9.15","logradouro":"RUA REGINA","bairro":"SENADOR VASCONCELOS","cep":"23013520","fonte_geo":"unidades_unificadas"},"geometry":{"type":"Point","coordinates":[-43.541387,-22.897827]}},{"type":"Feature","properties":{"codigo_unidade":"0918048","nome":"EM TEODORO SAMPAIO","tipo":"1","id_cre":9,"cod_territ":"9.8","logradouro":"RUA GENERAL UCHOA CAVALCANTI","bairro":"SENADOR VASCONCELOS","cep":"23085260","fonte_geo":"unidades_unificadas"},"geometry":{"type":"Point","coordinates":[-43.544435,-22.893847]}},{"type":"Feature","properties":{"codigo_unidade":"0918049","nome":"EM RIO GRANDE DO NORTE","tipo":"1","id_cre":9,"cod_territ":"9.8","logradouro":"\" RUA MORIZOT LEITE\"","bairro":"SENADOR VASCONCELOS","cep":"23085160","fonte_geo":"unidades_unificadas"},"geometry":{"type":"Point","coordinates":[-43.542338,-22.896115]}},{"type":"Feature","properties":{"codigo_unidade":"0918051","nome":"EM PROFESSOR FLORIANO DE BRITO","tipo":"1","id_cre":9,"cod_territ":"9.3","logradouro":"ESTRADA ABÍLIO BASTOS","bairro":"CAMPO GRANDE","cep":"23097000","fonte_geo":"unidades_unificadas"},"geometry":{"type":"Point","coordinates":[-43.552846,-22.83634]}},{"type":"Feature","properties":{"codigo_unidade":"0918052","nome":"EM CASEMIRO DE ABREU","tipo":"1","id_cre":9,"cod_territ":"9.1","logradouro":"ESTRADA DO MENDANHA","bairro":"CAMPO GRANDE","cep":"23095841","fonte_geo":"unidades_unificadas"},"geometry":{"type":"Point","coordinates":[-43.540965,-22.857223]}},{"type":"Feature","properties":{"codigo_unidade":"0918053","nome":"EM PROFESSOR MANUEL SAID ALI","tipo":"1","id_cre":9,"cod_territ":"9.4","logradouro":"ESTRADA GUANDU DO SAPE","bairro":"CAMPO GRANDE","cep":"23090032","fonte_geo":"unidades_unificadas"},"geometry":{"type":"Point","coordinates":[-43.560256,-22.87566]}},{"type":"Feature","properties":{"codigo_unidade":"0918054","nome":"EM BALTAZAR LISBOA","tipo":"1","id_cre":9,"cod_territ":"9.4","logradouro":"AVENIDA MARECHAL DANTAS BARRETO","bairro":"CAMPO GRANDE","cep":"23090300","fonte_geo":"unidades_unificadas"},"geometry":{"type":"Point","coordinates":[-43.56038,-22.884553]}},{"type":"Feature","properties":{"codigo_unidade":"0918055","nome":"EM CHARLES PEGUY","tipo":"1","id_cre":9,"cod_territ":"9.7","logradouro":"RUA ARICURI","bairro":"CAMPO GRANDE","cep":"23087142","fonte_geo":"unidades_unificadas"},"geometry":{"type":"Point","coordinates":[-43.563265,-22.890668]}},{"type":"Feature","properties":{"codigo_unidade":"0918056","nome":"EM AUGUSTO VASCONCELOS","tipo":"1","id_cre":9,"cod_territ":"9.6","logradouro":"RUA DANNIZIO SEMERARO","bairro":"CAMPO GRANDE","cep":"23067310","fonte_geo":"unidades_unificadas"},"geometry":{"type":"Point","coordinates":[-43.558844,-22.897401]}},{"type":"Feature","properties":{"codigo_unidade":"0918057","nome":"EM TÓQUIO","tipo":"1","id_cre":9,"cod_territ":"9.4","logradouro":"RUA ERASMO","bairro":"CAMPO GRANDE","cep":"23095682","fonte_geo":"unidades_unificadas"},"geometry":{"type":"Point","coordinates":[-43.555642,-22.868904]}},{"type":"Feature","properties":{"codigo_unidade":"0918058","nome":"EM ALMIRANTE FRONTIN","tipo":"1","id_cre":9,"cod_territ":"9.7","logradouro":"RUA NOVA ALIANÇA","bairro":"CAMPO GRANDE","cep":"23087340","fonte_geo":"unidades_unificadas"},"geometry":{"type":"Point","coordinates":[-43.557884,-22.887424]}},{"type":"Feature","properties":{"codigo_unidade":"0918059","nome":"EM HALFELD","tipo":"1","id_cre":9,"cod_territ":"9.8","logradouro":"AVENIDA ANDRÉ VESALIO","bairro":"CAMPO GRANDE","cep":"23080430","fonte_geo":"unidades_unificadas"},"geometry":{"type":"Point","coordinates":[-43.568861,-22.897807]}},{"type":"Feature","properties":{"codigo_unidade":"0918060","nome":"EM JORGE DE LIMA","tipo":"1","id_cre":9,"cod_territ":"9.4","logradouro":"RUA OITICICA","bairro":"CAMPO GRANDE","cep":"23075020","fonte_geo":"unidades_unificadas"},"geometry":{"type":"Point","coordinates":[-43.565862,-22.881368]}},{"type":"Feature","properties":{"codigo_unidade":"0918061","nome":"EM AMAZONAS","tipo":"1","id_cre":9,"cod_territ":"9.4","logradouro":"ESTRADA RIO-SÃO PAULO","bairro":"CAMPO GRANDE","cep":"23075246","fonte_geo":"unidades_unificadas"},"geometry":{"type":"Point","coordinates":[-43.569412,-22.884067]}},{"type":"Feature","properties":{"codigo_unidade":"0918062","nome":"EM LUIZ EDMUNDO","tipo":"1","id_cre":9,"cod_territ":"9.5","logradouro":"RUA FÉLIX BERNARDELLI","bairro":"CAMPO GRANDE","cep":"23078030","fonte_geo":"unidades_unificadas"},"geometry":{"type":"Point","coordinates":[-43.583595,-22.877671]}},{"type":"Feature","properties":{"codigo_unidade":"0918064","nome":"EM RAINHA VITORIA","tipo":"1","id_cre":9,"cod_territ":"9.9","logradouro":"RUA BENEDITO LACERDA","bairro":"CAMPO GRANDE","cep":"23071340","fonte_geo":"unidades_unificadas"},"geometry":{"type":"Point","coordinates":[-43.581044,-22.889899]}},{"type":"Feature","properties":{"codigo_unidade":"0918065","nome":"EM FERNANDO COSTA","tipo":"1","id_cre":9,"cod_territ":"9.6","logradouro":"RUA JOSÉ ALBANO","bairro":"CAMPO GRANDE","cep":"23073720","fonte_geo":"unidades_unificadas"},"geometry":{"type":"Point","coordinates":[-43.593991,-22.89036]}},{"type":"Feature","properties":{"codigo_unidade":"0918068","nome":"EM BENJAMIN FRANKLIN","tipo":"1","id_cre":9,"cod_territ":"9.5","logradouro":"RUA ARGOIM","bairro":"CAMPO GRANDE","cep":"23070580","fonte_geo":"unidades_unificadas"},"geometry":{"type":"Point","coordinates":[-43.576396,-22.885086]}},{"type":"Feature","properties":{"codigo_unidade":"0918069","nome":"EM PROFESSORA JUREMA PEÇANHA GIRAUD","tipo":"1","id_cre":9,"cod_territ":"9.5","logradouro":"RUA ATACAMA","bairro":"CAMPO GRANDE","cep":"23078100","fonte_geo":"unidades_unificadas"},"geometry":{"type":"Point","coordinates":[-43.581932,-22.880057]}},{"type":"Feature","properties":{"codigo_unidade":"0918070","nome":"EM VON MARTIUS","tipo":"1","id_cre":9,"cod_territ":"9.8","logradouro":"RUA JAPE","bairro":"CAMPO GRANDE","cep":"23082170","fonte_geo":"unidades_unificadas"},"geometry":{"type":"Point","coordinates":[-43.571495,-22.890683]}},{"type":"Feature","properties":{"codigo_unidade":"0918071","nome":"EM CHARLES DICKENS","tipo":"1","id_cre":9,"cod_territ":"9.7","logradouro":"RUA PRIMEIRA CRUZ","bairro":"CAMPO GRANDE","cep":"23085710","fonte_geo":"unidades_unificadas"},"geometry":{"type":"Point","coordinates":[-43.557823,-22.894266]}},{"type":"Feature","properties":{"codigo_unidade":"0918072","nome":"EM GUANDU","tipo":"1","id_cre":9,"cod_territ":"9.8","logradouro":"ESTRADA DE MADUREIRA - KM32","bairro":"NOVA IGUAÇU","cep":"23650350","fonte_geo":"unidades_unificadas"},"geometry":{"type":"Point","coordinates":[-43.60581,-22.841381]}},{"type":"Feature","properties":{"codigo_unidade":"0918073","nome":"EM MINISTRO ADAUTO LÚCIO CARDOSO","tipo":"1","id_cre":9,"cod_territ":"9.6","logradouro":"RUA DORA DORALINA","bairro":"CAMPO GRANDE","cep":"23067510","fonte_geo":"unidades_unificadas"},"geometry":{"type":"Point","coordinates":[-43.614372,-22.879535]}},{"type":"Feature","properties":{"codigo_unidade":"0918074","nome":"EM EMBAIXADOR ARAÚJO CASTRO","tipo":"1","id_cre":9,"cod_territ":"9.9","logradouro":"RUA RODOLFO GARCIA","bairro":"CAMPO GRANDE","cep":"23070430","fonte_geo":"unidades_unificadas"},"geometry":{"type":"Point","coordinates":[-43.578633,-22.888987]}},{"type":"Feature","properties":{"codigo_unidade":"0918075","nome":"EM MINISTRO ALCIDES CARNEIRO","tipo":"1","id_cre":9,"cod_territ":"9.4","logradouro":"AVENIDA PAULO AFONSO","bairro":"CAMPO GRANDE","cep":"23095683","fonte_geo":"unidades_unificadas"},"geometry":{"type":"Point","coordinates":[-43.55679,-22.868297]}},{"type":"Feature","properties":{"codigo_unidade":"0918076","nome":"EM DR. JAIR TAVARES DE OLIVEIRA","tipo":"1","id_cre":9,"cod_territ":"9.8","logradouro":"RUA JAPE","bairro":"CAMPO GRANDE","cep":"23082170","fonte_geo":"unidades_unificadas"},"geometry":{"type":"Point","coordinates":[-43.567733,-22.889357]}},{"type":"Feature","properties":{"codigo_unidade":"0918077","nome":"EM GASTÃO PENALVA","tipo":"1","id_cre":9,"cod_territ":"9.9","logradouro":"Rua Almerinda de Castro","bairro":"Campo Grande","cep":"23073080","fonte_geo":"unidades_unificadas"},"geometry":{"type":"Point","coordinates":[-43.587093,-22.895336]}},{"type":"Feature","properties":{"codigo_unidade":"0918078","nome":"EM ALZIRA ARAUJO","tipo":"1","id_cre":9,"cod_territ":"9.7","logradouro":"RUA ARI LOBO","bairro":"CAMPO GRANDE","cep":"23088120","fonte_geo":"unidades_unificadas"},"geometry":{"type":"Point","coordinates":[-43.548814,-22.886416]}},{"type":"Feature","properties":{"codigo_unidade":"0918079","nome":"EM CONSTANTINO MAGALHÃES","tipo":"1","id_cre":9,"cod_territ":"9.3","logradouro":"RUA DO PAULISTANO","bairro":"CAMPO GRANDE","cep":"23097190","fonte_geo":"unidades_unificadas"},"geometry":{"type":"Point","coordinates":[-43.542867,-22.851959]}},{"type":"Feature","properties":{"codigo_unidade":"0918080","nome":"EM COMUNIDADE JARDIM PEDREGOSO","tipo":"1","id_cre":9,"cod_territ":"9.4","logradouro":"RUA CORUMBAIBA","bairro":"CAMPO GRANDE","cep":"23095290","fonte_geo":"unidades_unificadas"},"geometry":{"type":"Point","coordinates":[-43.561443,-22.870514]}},{"type":"Feature","properties":{"codigo_unidade":"0918081","nome":"EM CORA CORALINA","tipo":"1","id_cre":9,"cod_territ":"9.1","logradouro":"RUA VOTORANTIN","bairro":"CAMPO GRANDE","cep":"23095710","fonte_geo":"unidades_unificadas"},"geometry":{"type":"Point","coordinates":[-43.537047,-22.858781]}},{"type":"Feature","properties":{"codigo_unidade":"0918082","nome":"EEM MARIA MONTESSORI","tipo":"1","id_cre":9,"cod_territ":"9.8","logradouro":"RUA IVO DO PRADO","bairro":"CAMPO GRANDE","cep":"23080200","fonte_geo":"unidades_unificadas"},"geometry":{"type":"Point","coordinates":[-43.565471,-22.899783]}},{"type":"Feature","properties":{"codigo_unidade":"0918083","nome":"EM PROFESSOR CASTRO REBELLO","tipo":"1","id_cre":9,"cod_territ":"9.6","logradouro":"RUA SETE","bairro":"CAMPO GRANDE","cep":"23067130","fonte_geo":"unidades_unificadas"},"geometry":{"type":"Point","coordinates":[-43.616621,-22.884916]}},{"type":"Feature","properties":{"codigo_unidade":"0918084","nome":"EM PROFESSOR ALFREDO DE PIRES FLORES","tipo":"1","id_cre":9,"cod_territ":"9.20","logradouro":"RUA RODRIGUES DE ABREU","bairro":"CAMPO GRANDE","cep":"23036380","fonte_geo":"unidades_unificadas"},"geometry":{"type":"Point","coordinates":[-43.576423,-22.930541]}},{"type":"Feature","properties":{"codigo_unidade":"0918085","nome":"EM PROFESSOR HELTON ALVARES VELOSO DE CASTRO","tipo":"1","id_cre":9,"cod_territ":"9.7","logradouro":"RUA PROJETADA A","bairro":"SANTÍSSIMO","cep":"23093312","fonte_geo":"unidades_unificadas"},"geometry":{"type":"Point","coordinates":[-43.514892,-22.875772]}},{"type":"Feature","properties":{"codigo_unidade":"0918086","nome":"EM PROFESSOR FÁBIO CÉSAR PACÍFICO","tipo":"1","id_cre":9,"cod_territ":"9.1","logradouro":"RUA DO PAVÃO","bairro":"CAMPO GRANDE","cep":"23097640","fonte_geo":"unidades_unificadas"},"geometry":{"type":"Point","coordinates":[-43.5315,-22.855098]}},{"type":"Feature","properties":{"codigo_unidade":"0918087","nome":"EM PROFESSORA SONIA MARIA MALTEZ FERNANDEZ","tipo":"1","id_cre":9,"cod_territ":"9.17","logradouro":"RUA CONSOLAÇÃO","bairro":"CAMPO GRANDE","cep":"23040005","fonte_geo":"unidades_unificadas"},"geometry":{"type":"Point","coordinates":[-43.547413,-22.919506]}},{"type":"Feature","properties":{"codigo_unidade":"0918088","nome":"EM APOLÔNIO DE CARVALHO","tipo":"1","id_cre":9,"cod_territ":"9.13","logradouro":"RUA SEBASTIÃO SOARES","bairro":"INHOAÍBA","cep":"23060706","fonte_geo":"unidades_unificadas"},"geometry":{"type":"Point","coordinates":[-43.607662,-22.906489]}},{"type":"Feature","properties":{"codigo_unidade":"0918094","nome":"EM PAULO RENATO SOUZA","tipo":"1","id_cre":9,"cod_territ":"9.23","logradouro":"RUA JACAREÚBA","bairro":"COSMOS","cep":"23058250","fonte_geo":"unidades_unificadas"},"geometry":{"type":"Point","coordinates":[-43.618705,-22.917183]}},{"type":"Feature","properties":{"codigo_unidade":"0918095","nome":"EM MOACYR SCLIAR","tipo":"1","id_cre":9,"cod_territ":"9.9","logradouro":"RUA MURILO DE ALVARENGA","bairro":"INHOAÍBA","cep":"23071040","fonte_geo":"unidades_unificadas"},"geometry":{"type":"Point","coordinates":[-43.582447,-22.896538]}},{"type":"Feature","properties":{"codigo_unidade":"0918096","nome":"EM PROFESSORA NORMA CHAMARELLI MARQUES","tipo":"1","id_cre":9,"cod_territ":"9.23","logradouro":"\" AVENIDA CESÁRIO DE MELO\"","bairro":"COSMOS","cep":"23058002","fonte_geo":"unidades_unificadas"},"geometry":{"type":"Point","coordinates":[-43.617475,-22.915129]}},{"type":"Feature","properties":{"codigo_unidade":"0918097","nome":"EM CÉLIA MARIA DE OLIVEIRA CAMARGO","tipo":"1","id_cre":9,"cod_territ":"9.11","logradouro":"RUA CONSTANTINO MAGALHAES","bairro":"INHOAÍBA","cep":"23062350","fonte_geo":"unidades_unificadas"},"geometry":{"type":"Point","coordinates":[-43.596776,-22.899555]}},{"type":"Feature","properties":{"codigo_unidade":"0918098","nome":"EM MIGUEL DE OLIVEIRA","tipo":"1","id_cre":9,"cod_territ":"9.23","logradouro":"RUA CINCO","bairro":"INHOAÍBA","cep":"23057760","fonte_geo":"unidades_unificadas"},"geometry":{"type":"Point","coordinates":[-43.604778,-22.920055]}},{"type":"Feature","properties":{"codigo_unidade":"0918099","nome":"EM PROFESSOR ANTONIO BOAVENTURA","tipo":"1","id_cre":9,"cod_territ":"9.9","logradouro":"RUA NOVA ERA","bairro":"CAMPO GRANDE","cep":"23070300","fonte_geo":"unidades_unificadas"},"geometry":{"type":"Point","coordinates":[-43.580619,-22.897719]}},{"type":"Feature","properties":{"codigo_unidade":"0918100","nome":"EM DULCE ARAÚJO","tipo":"1","id_cre":9,"cod_territ":"9.2","logradouro":"RUA INGLATERRA","bairro":"CAMPO GRANDE","cep":"23092658","fonte_geo":"unidades_unificadas"},"geometry":{"type":"Point","coordinates":[-43.538533,-22.87783]}},{"type":"Feature","properties":{"codigo_unidade":"0918101","nome":"EM YOLIS DA SILVA","tipo":"1","id_cre":9,"cod_territ":"9.23","logradouro":"AVENIDA CESARIO DE MELO","bairro":"INHOAÍBA","cep":"23056000","fonte_geo":"unidades_unificadas"},"geometry":{"type":"Point","coordinates":[-43.604991,-22.91521]}},{"type":"Feature","properties":{"codigo_unidade":"0918102","nome":"EM PROFESSORA DALVA LAZARONI","tipo":"1","id_cre":9,"cod_territ":"9.13","logradouro":"RUA DA CASTANHA (BAIRRO ARAUJO)","bairro":"COSMOS","cep":"23061230","fonte_geo":"unidades_unificadas"},"geometry":{"type":"Point","coordinates":[-43.61819,-22.906623]}},{"type":"Feature","properties":{"codigo_unidade":"0918103","nome":"EM MEDALHISTA OLÍMPICO DIEGO HYPÓLITO","tipo":"1","id_cre":9,"cod_territ":"9.10","logradouro":"RUA GOIABAL","bairro":"INHOAÍBA","cep":"23063490","fonte_geo":"unidades_unificadas"},"geometry":{"type":"Point","coordinates":[-43.58807,-22.907064]}},{"type":"Feature","properties":{"codigo_unidade":"0918104","nome":"EM MEDALHISTA OLÍMPICA MAYRA AGUIAR DA SILVA","tipo":"1","id_cre":9,"cod_territ":"9.12","logradouro":"\" RUA FREI TIMOTHEO\"","bairro":"CAMPO GRANDE","cep":"23067430","fonte_geo":"unidades_unificadas"},"geometry":{"type":"Point","coordinates":[-43.618236,-22.883858]}},{"type":"Feature","properties":{"codigo_unidade":"0918105","nome":"EM MEDALHISTA OLÍMPICO DOUGLAS CORREA DE SOUZA","tipo":"1","id_cre":9,"cod_territ":"9.7","logradouro":"RUA OTTO MARIA CARPEAUX","bairro":"SANTÍSSIMO","cep":"23094280","fonte_geo":"unidades_unificadas"},"geometry":{"type":"Point","coordinates":[-43.52264,-22.875482]}},{"type":"Feature","properties":{"codigo_unidade":"0918106","nome":"EM GENERAL MIRANDA FILHO","tipo":"1","id_cre":null,"cod_territ":null,"logradouro":"AVENIDA CESÁRIO DE MELO","bairro":"INHOAÍBA","cep":"23056000","fonte_geo":"ausente"},"geometry":null},{"type":"Feature","properties":{"codigo_unidade":"0918201","nome":"CIEP ENGENHEIRO WAGNER GASPAR EMERY","tipo":"1","id_cre":9,"cod_territ":"9.22","logradouro":"AVENIDA CESARIO DE MELO","bairro":"INHOAÍBA","cep":"23056000","fonte_geo":"unidades_unificadas"},"geometry":{"type":"Point","coordinates":[-43.601688,-22.914539]}},{"type":"Feature","properties":{"codigo_unidade":"0918203","nome":"CIEP CLEMENTINA DE JESUS","tipo":"1","id_cre":9,"cod_territ":"9.19","logradouro":"\" AVENIDA ALHAMBRA \"","bairro":"CAMPO GRANDE","cep":"23045805","fonte_geo":"unidades_unificadas"},"geometry":{"type":"Point","coordinates":[-43.566649,-22.925293]}},{"type":"Feature","properties":{"codigo_unidade":"0918205","nome":"CIEP CLAUDIO MANOEL DA COSTA","tipo":"1","id_cre":9,"cod_territ":"9.13","logradouro":"RUA GUARUJÁ","bairro":"COSMOS","cep":"23060666","fonte_geo":"unidades_unificadas"},"geometry":{"type":"Point","coordinates":[-43.618906,-22.912445]}},{"type":"Feature","properties":{"codigo_unidade":"0918501","nome":"EM PROFESSOR GONÇALVES","tipo":"1","id_cre":9,"cod_territ":"9.18","logradouro":"ESTRADA DO CABUÇU","bairro":"\"CAMPO GRANDE \"","cep":"23017250","fonte_geo":"unidades_unificadas"},"geometry":{"type":"Point","coordinates":[-43.543418,-22.91321]}},{"type":"Feature","properties":{"codigo_unidade":"0918502","nome":"EM PRESIDENTE NEREU RAMOS","tipo":"1","id_cre":9,"cod_territ":"9.17","logradouro":"ESTRADA DOS CABOCLOS","bairro":"CAMPO GRANDE","cep":"23040160","fonte_geo":"unidades_unificadas"},"geometry":{"type":"Point","coordinates":[-43.548726,-22.930734]}},{"type":"Feature","properties":{"codigo_unidade":"0918503","nome":"CIEP LAMARTINE BABO","tipo":"1","id_cre":9,"cod_territ":"9.18","logradouro":"RUA CAMPO MAIOR","bairro":"CAMPO GRANDE","cep":"23015200","fonte_geo":"unidades_unificadas"},"geometry":{"type":"Point","coordinates":[-43.540572,-22.90879]}},{"type":"Feature","properties":{"codigo_unidade":"0918504","nome":"CIEP FRANCISCO CAVALCANTE PONTES DE MIRANDA","tipo":"1","id_cre":9,"cod_territ":"9.15","logradouro":"\" ESTRADA DA MORIÇABA\"","bairro":"SENADOR VASCONCELOS","cep":"23012006","fonte_geo":"unidades_unificadas"},"geometry":{"type":"Point","coordinates":[-43.535188,-22.898746]}},{"type":"Feature","properties":{"codigo_unidade":"0918505","nome":"CIEP ANITA MALFATTI","tipo":"1","id_cre":9,"cod_territ":"9.20","logradouro":"EST IARAQUÃ","bairro":"\"CAMPO GRANDE \"","cep":"23047160","fonte_geo":"unidades_unificadas"},"geometry":{"type":"Point","coordinates":[-43.556344,-22.927414]}},{"type":"Feature","properties":{"codigo_unidade":"0918506","nome":"CIEP RAYMUNDO OTTONI DE CASTRO MAYA","tipo":"1","id_cre":9,"cod_territ":"9.21","logradouro":"RUA MORANGA","bairro":"INHOAÍBA","cep":"23059150","fonte_geo":"unidades_unificadas"},"geometry":{"type":"Point","coordinates":[-43.583971,-22.911323]}},{"type":"Feature","properties":{"codigo_unidade":"0918507","nome":"CIEP PROFESSOR DARCY RIBEIRO","tipo":"1","id_cre":9,"cod_territ":"9.9","logradouro":"RUA CONCHAS","bairro":"CAMPO GRANDE","cep":"23073330","fonte_geo":"unidades_unificadas"},"geometry":{"type":"Point","coordinates":[-43.587359,-22.887297]}},{"type":"Feature","properties":{"codigo_unidade":"0918508","nome":"CIEP DR. ERNESTO (CHE) GUEVARA","tipo":"1","id_cre":9,"cod_territ":"9.7","logradouro":"PRAÇA MAINA","bairro":"CAMPO GRANDE","cep":"23087310","fonte_geo":"unidades_unificadas"},"geometry":{"type":"Point","coordinates":[-43.55656,-22.88676]}},{"type":"Feature","properties":{"codigo_unidade":"0918509","nome":"CIEP NELSON MANDELA","tipo":"1","id_cre":9,"cod_territ":"9.8","logradouro":"PRAÇA DANIEL LAMES","bairro":"CAMPO GRANDE","cep":"23081050","fonte_geo":"unidades_unificadas"},"geometry":{"type":"Point","coordinates":[-43.570508,-22.895575]}},{"type":"Feature","properties":{"codigo_unidade":"0918510","nome":"CIEP ARMINDO MARCÍLIO DOUTEL DE ANDRADE","tipo":"1","id_cre":9,"cod_territ":"9.9","logradouro":"RUA FLÁVIO FRAGA","bairro":"CAMPO GRANDE","cep":"23071220","fonte_geo":"unidades_unificadas"},"geometry":{"type":"Point","coordinates":[-43.580829,-22.890595]}},{"type":"Feature","properties":{"codigo_unidade":"0918511","nome":"CIEP HERIVELTO MARTINS","tipo":"1","id_cre":9,"cod_territ":"9.15","logradouro":"PRAÇA SANTO ANASTÁCIO","bairro":"SENADOR VASCONCELOS","cep":"23010006","fonte_geo":"unidades_unificadas"},"geometry":{"type":"Point","coordinates":[-43.528802,-22.886489]}},{"type":"Feature","properties":{"codigo_unidade":"0918601","nome":"CM ALEGRIA DE NOVA CIDADE","tipo":"1","id_cre":9,"cod_territ":"9.10","logradouro":"RUA DO GOIABAL","bairro":"INHOAÍBA","cep":"23063650","fonte_geo":"unidades_unificadas"},"geometry":{"type":"Point","coordinates":[-43.590627,-22.903147]}},{"type":"Feature","properties":{"codigo_unidade":"0918602","nome":"CM VITÓRIA DA PAZ","tipo":"1","id_cre":9,"cod_territ":"9.22","logradouro":"RUA REALEZA","bairro":"INHOAÍBA","cep":"23056050","fonte_geo":"unidades_unificadas"},"geometry":{"type":"Point","coordinates":[-43.601994,-22.919706]}},{"type":"Feature","properties":{"codigo_unidade":"0918603","nome":"CM SEMPRE VIDA ELZA RABELO DE ANDRADE","tipo":"1","id_cre":9,"cod_territ":"9.23","logradouro":"RUA VITÓRIA DO MEARIM","bairro":"PACIÊNCIA","cep":"23587150","fonte_geo":"unidades_unificadas"},"geometry":{"type":"Point","coordinates":[-43.621346,-22.918605]}},{"type":"Feature","properties":{"codigo_unidade":"0918604","nome":"CM VERA PACHECO JORDÃO","tipo":"1","id_cre":9,"cod_territ":"9.21","logradouro":"RUA PEDRO AUTRAN","bairro":"INHOAÍBA","cep":"23059150","fonte_geo":"unidades_unificadas"},"geometry":{"type":"Point","coordinates":[-43.58532,-22.914584]}},{"type":"Feature","properties":{"codigo_unidade":"0918605","nome":"CM SEMPRE VIDA PROFESSORA EUGENIA MARIA VELOSO MARCHESE","tipo":"1","id_cre":9,"cod_territ":"9.9","logradouro":"RUA GENTIL DO OURO","bairro":"INHOAÍBA","cep":"23063340","fonte_geo":"unidades_unificadas"},"geometry":{"type":"Point","coordinates":[-43.592565,-22.896822]}},{"type":"Feature","properties":{"codigo_unidade":"0918606","nome":"CM CECÍLIA MEIRELES","tipo":"1","id_cre":9,"cod_territ":"9.7","logradouro":"RUA DO RÁDIO","bairro":"CAMPO GRANDE","cep":"23087060","fonte_geo":"unidades_unificadas"},"geometry":{"type":"Point","coordinates":[-43.561631,-22.891834]}},{"type":"Feature","properties":{"codigo_unidade":"0918607","nome":"CM SONHO FELIZ","tipo":"1","id_cre":9,"cod_territ":"9.1","logradouro":"ESTRADA GUANDU DO SENA","bairro":"CAMPO GRANDE","cep":"23097200","fonte_geo":"unidades_unificadas"},"geometry":{"type":"Point","coordinates":[-43.528906,-22.854592]}},{"type":"Feature","properties":{"codigo_unidade":"0918608","nome":"CM JARDIM MONTE SANTO","tipo":"1","id_cre":9,"cod_territ":"9.16","logradouro":"RUA SANANDUVA","bairro":"CAMPO GRANDE","cep":"23016310","fonte_geo":"unidades_unificadas"},"geometry":{"type":"Point","coordinates":[-43.532948,-22.912352]}},{"type":"Feature","properties":{"codigo_unidade":"0918609","nome":"CM ADÉLIA VIEIRA","tipo":"1","id_cre":9,"cod_territ":"9.9","logradouro":"RUA CAPELINHA","bairro":"CAMPO GRANDE","cep":"23073210","fonte_geo":"unidades_unificadas"},"geometry":{"type":"Point","coordinates":[-43.587225,-22.888013]}},{"type":"Feature","properties":{"codigo_unidade":"0918610","nome":"CM ESPERANÇA DO AMANHÃ","tipo":"1","id_cre":9,"cod_territ":"9.13","logradouro":"\" Rua Seis\"","bairro":"Cosmos","cep":"23061511","fonte_geo":"unidades_unificadas"},"geometry":{"type":"Point","coordinates":[-43.618239,-22.903307]}},{"type":"Feature","properties":{"codigo_unidade":"0918611","nome":"CM MÁRIO LOMBARDI","tipo":"1","id_cre":9,"cod_territ":"9.6","logradouro":"RUA JOÃO EPIFÂNIO DA SILVA","bairro":"CAMPO GRANDE","cep":"23061580","fonte_geo":"unidades_unificadas"},"geometry":{"type":"Point","coordinates":[-43.604592,-22.88353]}},{"type":"Feature","properties":{"codigo_unidade":"0918612","nome":"CM PINTANDO O SETE","tipo":"4","id_cre":null,"cod_territ":null,"logradouro":null,"bairro":null,"cep":null,"fonte_geo":"ausente"},"geometry":null},{"type":"Feature","properties":{"codigo_unidade":"0918613","nome":"CM PROFESSORA FLORA SANTINA FERRARI BRAZ","tipo":"1","id_cre":9,"cod_territ":"9.7","logradouro":"ESTRADA DO LAMEIRÃO","bairro":"SANTÍSSIMO","cep":"23092031","fonte_geo":"unidades_unificadas"},"geometry":{"type":"Point","coordinates":[-43.5237,-22.877835]}},{"type":"Feature","properties":{"codigo_unidade":"0918614","nome":"CM ZÉLIA CHAUKE CURI","tipo":"1","id_cre":9,"cod_territ":"9.16","logradouro":"RUA JUAREZ ANTUNES","bairro":"CAMPO GRANDE","cep":"23016512","fonte_geo":"unidades_unificadas"},"geometry":{"type":"Point","coordinates":[-43.530911,-22.913544]}},{"type":"Feature","properties":{"codigo_unidade":"0918615","nome":"CM MARCELO CARDOSO TOMÉ","tipo":"1","id_cre":9,"cod_territ":"9.11","logradouro":"RUA JOÃO BRAUNE","bairro":"INHOAÍBA","cep":"23062020","fonte_geo":"unidades_unificadas"},"geometry":{"type":"Point","coordinates":[-43.603988,-22.907751]}},{"type":"Feature","properties":{"codigo_unidade":"0918616","nome":"CM PADRE VALTER DA COSTA SANTOS","tipo":"1","id_cre":9,"cod_territ":"9.5","logradouro":"\" ESTRADA SANTA MARIA\"","bairro":"CAMPO GRANDE","cep":"23071160","fonte_geo":"unidades_unificadas"},"geometry":{"type":"Point","coordinates":[-43.58049,-22.877052]}},{"type":"Feature","properties":{"codigo_unidade":"0918617","nome":"CM CRIANDO O FUTURO","tipo":"1","id_cre":9,"cod_territ":"9.14","logradouro":"\"AV CESARIO DE MELO \"","bairro":"CAMPO GRANDE","cep":"23059001","fonte_geo":"unidades_unificadas"},"geometry":{"type":"Point","coordinates":[-43.590203,-22.911154]}},{"type":"Feature","properties":{"codigo_unidade":"0918618","nome":"CM ESPERANÇA DA VILA SÃO JORGE","tipo":"1","id_cre":9,"cod_territ":"9.14","logradouro":"\" RUA ICURANA  \"","bairro":"COSMOS","cep":"23059340","fonte_geo":"unidades_unificadas"},"geometry":{"type":"Point","coordinates":[-43.606667,-22.914253]}},{"type":"Feature","properties":{"codigo_unidade":"0918619","nome":"CM RAUL CORTEZ","tipo":"1","id_cre":9,"cod_territ":"9.15","logradouro":"\" ESTRADA DA MORIÇABA\"","bairro":"SENADOR VASCONCELOS","cep":"23012006","fonte_geo":"unidades_unificadas"},"geometry":{"type":"Point","coordinates":[-43.534143,-22.899666]}},{"type":"Feature","properties":{"codigo_unidade":"0918620","nome":"CM EMILIO IBRAHIM LÁZARO JUBRAM DIB","tipo":"1","id_cre":9,"cod_territ":"9.19","logradouro":"\"RUA BEIRA RIO \"","bairro":"CAMPO GRANDE","cep":"23042200","fonte_geo":"unidades_unificadas"},"geometry":{"type":"Point","coordinates":[-43.555444,-22.919907]}},{"type":"Feature","properties":{"codigo_unidade":"0918621","nome":"CM ELIZABETH TAVARES DE SOUZA - BETINHA","tipo":"1","id_cre":9,"cod_territ":"9.4","logradouro":"RUA PROFESSOR CARLOS BOISSON","bairro":"CAMPO GRANDE","cep":"23090330","fonte_geo":"unidades_unificadas"},"geometry":{"type":"Point","coordinates":[-43.531443,-22.884107]}},{"type":"Feature","properties":{"codigo_unidade":"0918702","nome":"CENTRO DE EDUCAÇÃO DE JOVENS E ADULTOS CEJA - CAMPO GRANDE","tipo":"1","id_cre":null,"cod_territ":null,"logradouro":"RUA AMARAL COSTA","bairro":"CAMPO GRANDE","cep":"23050260","fonte_geo":"ausente"},"geometry":null},{"type":"Feature","properties":{"codigo_unidade":"0918801","nome":"EDI BIANCA ROCHA TAVARES","tipo":"1","id_cre":9,"cod_territ":"9.23","logradouro":"RUA JACAREUBA","bairro":"COSMOS","cep":"23058250","fonte_geo":"unidades_unificadas"},"geometry":{"type":"Point","coordinates":[-43.618065,-22.917448]}},{"type":"Feature","properties":{"codigo_unidade":"0918802","nome":"EDI PINTANDO O SETE","tipo":"1","id_cre":9,"cod_territ":"9.6","logradouro":"RUA VINTE E TRÊS","bairro":"CAMPO GRANDE","cep":"23067230","fonte_geo":"unidades_unificadas"},"geometry":{"type":"Point","coordinates":[-43.613359,-22.881274]}},{"type":"Feature","properties":{"codigo_unidade":"0918803","nome":"EDI LUDMILA MÁXIMO MOREIRA CARDOSO","tipo":"1","id_cre":9,"cod_territ":"9.21","logradouro":"RUA PEDRO LEÃO VELOSO","bairro":"CAMPO GRANDE","cep":"23055130","fonte_geo":"unidades_unificadas"},"geometry":{"type":"Point","coordinates":[-43.578547,-22.912636]}},{"type":"Feature","properties":{"codigo_unidade":"0918804","nome":"EDI RENAN DE SOUZA LEAL","tipo":"1","id_cre":9,"cod_territ":"9.6","logradouro":"RUA MARIO ARZUA BARBOSA","bairro":"CAMPO GRANDE","cep":"23067520","fonte_geo":"unidades_unificadas"},"geometry":{"type":"Point","coordinates":[-43.614001,-22.879399]}},{"type":"Feature","properties":{"codigo_unidade":"0918805","nome":"EDI CANTORA CESÁRIA ÉVORA","tipo":"1","id_cre":9,"cod_territ":"9.9","logradouro":"RUA MURILO ALVARENGA","bairro":"CAMPO GRANDE","cep":"23071040","fonte_geo":"unidades_unificadas"},"geometry":{"type":"Point","coordinates":[-43.585876,-22.900123]}},{"type":"Feature","properties":{"codigo_unidade":"0918806","nome":"EDI COMENDADOR SERAFIM SOFIA","tipo":"1","id_cre":9,"cod_territ":"9.13","logradouro":"RUA DAS MANGAS","bairro":"COSMOS","cep":"23061170","fonte_geo":"unidades_unificadas"},"geometry":{"type":"Point","coordinates":[-43.618801,-22.909561]}},{"type":"Feature","properties":{"codigo_unidade":"0918807","nome":"EDI URBANO DE FREITAS","tipo":"1","id_cre":9,"cod_territ":"9.8","logradouro":"RUA CARDEAL","bairro":"CAMPO GRANDE","cep":"23081210","fonte_geo":"unidades_unificadas"},"geometry":{"type":"Point","coordinates":[-43.567798,-22.893198]}},{"type":"Feature","properties":{"codigo_unidade":"0918808","nome":"EDI PROFESSORA MARTA REGINA PERROTA","tipo":"1","id_cre":9,"cod_territ":"9.20","logradouro":"RUA CABO FIDÉLIS","bairro":"CAMPO GRANDE","cep":"23045780","fonte_geo":"unidades_unificadas"},"geometry":{"type":"Point","coordinates":[-43.566393,-22.929639]}},{"type":"Feature","properties":{"codigo_unidade":"0918809","nome":"EDI CAMPO GRANDE","tipo":"1","id_cre":9,"cod_territ":"9.18","logradouro":"RUA OLINDA ELLIS","bairro":"CAMPO GRANDE","cep":"23045160","fonte_geo":"unidades_unificadas"},"geometry":{"type":"Point","coordinates":[-43.559383,-22.909046]}},{"type":"Feature","properties":{"codigo_unidade":"0918810","nome":"EDI DOM BOSCO","tipo":"1","id_cre":9,"cod_territ":"9.9","logradouro":"\" ESTRADA SANTA MARIA\"","bairro":"CAMPO GRANDE","cep":"23071160","fonte_geo":"unidades_unificadas"},"geometry":{"type":"Point","coordinates":[-43.579067,-22.889064]}},{"type":"Feature","properties":{"codigo_unidade":"0918811","nome":"EDI ISABEL","tipo":"1","id_cre":9,"cod_territ":"9.14","logradouro":"RUA DAVID XAVIER DE AZAMBUJA","bairro":"INHOAÍBA","cep":"23059280","fonte_geo":"unidades_unificadas"},"geometry":{"type":"Point","coordinates":[-43.585815,-22.910324]}},{"type":"Feature","properties":{"codigo_unidade":"0918812","nome":"EDI PROFESSOR JORGE EUCLIDES PEREIRA NUNES","tipo":"1","id_cre":9,"cod_territ":"9.11","logradouro":"RUA JOSÉ DOS SANTOS","bairro":"INHOAÍBA","cep":"23062160","fonte_geo":"unidades_unificadas"},"geometry":{"type":"Point","coordinates":[-43.600159,-22.90191]}},{"type":"Feature","properties":{"codigo_unidade":"0918813","nome":"EDI PROFESSOR MARCO ALTINO DE OLIVEIRA","tipo":"1","id_cre":9,"cod_territ":"9.1","logradouro":"RUA JUSSARA","bairro":"CAMPO GRANDE","cep":"23097684","fonte_geo":"unidades_unificadas"},"geometry":{"type":"Point","coordinates":[-43.527432,-22.847942]}},{"type":"Feature","properties":{"codigo_unidade":"0918813","nome":"EDI PROFESSOR MARCO ALTINO DE OLIVEIRA","tipo":"3","id_cre":9,"cod_territ":"9.1","logradouro":null,"bairro":null,"cep":null,"fonte_geo":"unidades_unificadas"},"geometry":{"type":"Point","coordinates":[-43.527432,-22.847942]}},{"type":"Feature","properties":{"codigo_unidade":"0918814","nome":"EDI PROFESSOR NESTOR MANOEL PINTO","tipo":"1","id_cre":9,"cod_territ":"9.17","logradouro":"RUA SÍLVIO LEITÃO","bairro":"CAMPO GRANDE","cep":"23040600","fonte_geo":"unidades_unificadas"},"geometry":{"type":"Point","coordinates":[-43.54117,-22.922822]}},{"type":"Feature","properties":{"codigo_unidade":"0918815","nome":"EDI PROFESSORA SIRLÉIA SILVA REIS","tipo":"1","id_cre":9,"cod_territ":"9.2","logradouro":"RUA JOÃO GUALBERTO","bairro":"CAMPO GRANDE","cep":"23092520","fonte_geo":"unidades_unificadas"},"geometry":{"type":"Point","coordinates":[-43.552115,-22.869529]}},{"type":"Feature","properties":{"codigo_unidade":"0918815","nome":"EDI PROFESSORA SIRLÉIA SILVA REIS","tipo":"3","id_cre":9,"cod_territ":"9.2","logradouro":null,"bairro":null,"cep":null,"fonte_geo":"unidades_unificadas"},"geometry":{"type":"Point","coordinates":[-43.552115,-22.869529]}},{"type":"Feature","properties":{"codigo_unidade":"0918816","nome":"EDI PROFESSOR JOÃO FERNANDES FILHO","tipo":"1","id_cre":9,"cod_territ":"9.7","logradouro":"RUA PRIMEIRA CRUZ","bairro":"CAMPO GRANDE","cep":"23085710","fonte_geo":"unidades_unificadas"},"geometry":{"type":"Point","coordinates":[-43.557582,-22.894133]}},{"type":"Feature","properties":{"codigo_unidade":"0918817","nome":"EDI PROFESSORA EUGENIA DE ALMEIDA AZEVEDO","tipo":"1","id_cre":9,"cod_territ":"9.4","logradouro":"RUA BRASINHA","bairro":"CAMPO GRANDE","cep":"23075533","fonte_geo":"unidades_unificadas"},"geometry":{"type":"Point","coordinates":[-43.573069,-22.873566]}},{"type":"Feature","properties":{"codigo_unidade":"0918818","nome":"EDI FRANCISCO JOSÉ DE MORAES","tipo":"1","id_cre":9,"cod_territ":"9.6","logradouro":"\" ESTR. DO CAMPINHO \"","bairro":"INHOAÍBA","cep":"23066540","fonte_geo":"unidades_unificadas"},"geometry":{"type":"Point","coordinates":[-43.621103,-22.884711]}},{"type":"Feature","properties":{"codigo_unidade":"0918819","nome":"EDI JOARI","tipo":"1","id_cre":9,"cod_territ":"9.18","logradouro":"RUA BERIZAL","bairro":"CAMPO GRANDE","cep":"23045210","fonte_geo":"unidades_unificadas"},"geometry":{"type":"Point","coordinates":[-43.552316,-22.91385]}},{"type":"Feature","properties":{"codigo_unidade":"0918820","nome":"EDI ALMO SATURNINO","tipo":"1","id_cre":9,"cod_territ":"9.21","logradouro":"AVENIDA ALDO BOTELHO","bairro":"CAMPO GRANDE","cep":"23055630","fonte_geo":"unidades_unificadas"},"geometry":{"type":"Point","coordinates":[-43.580605,-22.916753]}},{"type":"Feature","properties":{"codigo_unidade":"0918821","nome":"EDI PROFESSORA ENYR PORTILHO DE AVELLAR","tipo":"1","id_cre":9,"cod_territ":"9.1","logradouro":"\"RUA VOTORANTIM  \"","bairro":"CAMPO GRANDE","cep":"23095710","fonte_geo":"unidades_unificadas"},"geometry":{"type":"Point","coordinates":[-43.536614,-22.859155]}},{"type":"Feature","properties":{"codigo_unidade":"0918822","nome":"EDI PROFESSOR ANDRÉ LUIZ GILS","tipo":"1","id_cre":9,"cod_territ":"9.19","logradouro":"ESTRADA DA CAMBOTA","bairro":"CAMPO GRANDE","cep":"23045190","fonte_geo":"unidades_unificadas"},"geometry":{"type":"Point","coordinates":[-43.559949,-22.916866]}},{"type":"Feature","properties":{"codigo_unidade":"0918823","nome":"EDI PROFESSOR DERSU GABRIEL BICEGO","tipo":"1","id_cre":9,"cod_territ":"9.7","logradouro":"RUA DARIO DE PAULA COELHO","bairro":"CAMPO GRANDE","cep":"23092720","fonte_geo":"unidades_unificadas"},"geometry":{"type":"Point","coordinates":[-43.538851,-22.882641]}},{"type":"Feature","properties":{"codigo_unidade":"0918824","nome":"EDI ALBERTO FERREIRA PINTO","tipo":"1","id_cre":9,"cod_territ":"9.20","logradouro":"RUA SARGENTO ARGOLO SACRAMENTO","bairro":"CAMPO GRANDE","cep":"23042520","fonte_geo":"unidades_unificadas"},"geometry":{"type":"Point","coordinates":[-43.560292,-22.933228]}},{"type":"Feature","properties":{"codigo_unidade":"0918825","nome":"EDI PROFESSORA TERESINHA DE JESUS SIQUEIRA BROWN","tipo":"1","id_cre":9,"cod_territ":"9.7","logradouro":"RUA JAGUATIRICA","bairro":"\"CAMPO GRANDE \"","cep":"23093145","fonte_geo":"unidades_unificadas"},"geometry":{"type":"Point","coordinates":[-43.536818,-22.875422]}},{"type":"Feature","properties":{"codigo_unidade":"0918826","nome":"EDI PROFESSORA MARLY DOS SANTOS DE OLIVEIRA (MARLY MARINHO)","tipo":"1","id_cre":9,"cod_territ":"9.11","logradouro":"RUA TUPASSI","bairro":"COSMOS","cep":"23060240","fonte_geo":"unidades_unificadas"},"geometry":{"type":"Point","coordinates":[-43.603717,-22.895337]}},{"type":"Feature","properties":{"codigo_unidade":"0918827","nome":"EDI ATAULFO ALVES","tipo":"1","id_cre":9,"cod_territ":"9.12","logradouro":"\"Rua Cipotânea \"","bairro":"cosmos","cep":"23066380","fonte_geo":"unidades_unificadas"},"geometry":{"type":"Point","coordinates":[-43.611071,-22.894072]}},{"type":"Feature","properties":{"codigo_unidade":"0918828","nome":"EDI ALYRIO CAVALLIERI","tipo":"1","id_cre":9,"cod_territ":"9.9","logradouro":"RUA JOSÉ JANONI","bairro":"CAMPO GRANDE","cep":"23073050","fonte_geo":"unidades_unificadas"},"geometry":{"type":"Point","coordinates":[-43.588409,-22.893649]}},{"type":"Feature","properties":{"codigo_unidade":"0918829","nome":"EDI RUBEM AZEVEDO ALVES","tipo":"1","id_cre":9,"cod_territ":"9.9","logradouro":"RUA SOLDADO BENEDITO DOS SANTOS","bairro":"INHOAÍBA","cep":"23063280","fonte_geo":"unidades_unificadas"},"geometry":{"type":"Point","coordinates":[-43.5925,-22.89705]}},{"type":"Feature","properties":{"codigo_unidade":"0918830","nome":"EDI HENRIQUE DIAS","tipo":"1","id_cre":9,"cod_territ":"9.18","logradouro":"RUA SÃO DOMICIANO","bairro":"CAMPO GRANDE","cep":"23052330","fonte_geo":"unidades_unificadas"},"geometry":{"type":"Point","coordinates":[-43.554265,-22.904029]}},{"type":"Feature","properties":{"codigo_unidade":"0918831","nome":"EDI ELFLODÍZIO DOS SANTOS","tipo":"1","id_cre":9,"cod_territ":"9.10","logradouro":"RUA DO GOIABAL","bairro":"INHOAÍBA","cep":"23063650","fonte_geo":"unidades_unificadas"},"geometry":{"type":"Point","coordinates":[-43.591003,-22.903285]}},{"type":"Feature","properties":{"codigo_unidade":"0918832","nome":"EDI PROFESSORA JACINTHA REIS FERREIRA","tipo":"1","id_cre":9,"cod_territ":"9.23","logradouro":"\" RUA PAÇUARÉ\"","bairro":"COSMOS","cep":"23058230","fonte_geo":"unidades_unificadas"},"geometry":{"type":"Point","coordinates":[-43.620744,-22.922708]}},{"type":"Feature","properties":{"codigo_unidade":"0918833","nome":"EDI PROFESSOR WILSON CHOERI","tipo":"1","id_cre":9,"cod_territ":"9.13","logradouro":"RUA DA CASTANHA (BAIRRO ARAUJO)","bairro":"COSMOS","cep":"23061230","fonte_geo":"unidades_unificadas"},"geometry":{"type":"Point","coordinates":[-43.618746,-22.906845]}},{"type":"Feature","properties":{"codigo_unidade":"0918834","nome":"EDI ENGENHEIRA ELAINE MONSORES PIRES","tipo":"1","id_cre":9,"cod_territ":"9.6","logradouro":"\"RUA ITAÚNAS    \"","bairro":"\"CAMPO GRANDE \"","cep":"23068155","fonte_geo":"unidades_unificadas"},"geometry":{"type":"Point","coordinates":[-43.597355,-22.887011]}},{"type":"Feature","properties":{"codigo_unidade":"0918835","nome":"EDI MEDALHISTA OLÍMPICO ARTHUR NORY OYAKAWA MARIANO","tipo":"1","id_cre":9,"cod_territ":"9.10","logradouro":"\"RUA DO GOIABAL \"","bairro":"INHOAÍBA","cep":"23063490","fonte_geo":"unidades_unificadas"},"geometry":{"type":"Point","coordinates":[-43.588702,-22.90624]}},{"type":"Feature","properties":{"codigo_unidade":"0918836","nome":"EDI MEDALHISTA OLÍMPICO RAFAEL CARLOS DA SILVA","tipo":"1","id_cre":9,"cod_territ":"9.7","logradouro":"RUA DR JUVENAL MURTINHO","bairro":"SANTÍSSIMO","cep":"23093030","fonte_geo":"unidades_unificadas"},"geometry":{"type":"Point","coordinates":[-43.533794,-22.875386]}},{"type":"Feature","properties":{"codigo_unidade":"0918837","nome":"EDI MEDALHISTA OLÍMPICO WALLACE LEANDRO DE SOUZA","tipo":"1","id_cre":9,"cod_territ":"9.2","logradouro":"RUA JOSÉ OTÁVIO CORREIA LIMA","bairro":"SANTÍSSIMO","cep":"23098220","fonte_geo":"unidades_unificadas"},"geometry":{"type":"Point","coordinates":[-43.51129,-22.870428]}},{"type":"Feature","properties":{"codigo_unidade":"0918838","nome":"EDI EUSTORGIO WANDERLEY","tipo":"1","id_cre":9,"cod_territ":"9.8","logradouro":"RUA TRONCO DO IPÊ","bairro":"CAMPO GRANDE","cep":"23085580","fonte_geo":"unidades_unificadas"},"geometry":{"type":"Point","coordinates":[-43.552539,-22.894484]}},{"type":"Feature","properties":{"codigo_unidade":"0918839","nome":"EDI DALILA TAVARES","tipo":"1","id_cre":9,"cod_territ":"9.8","logradouro":"RUA JORNALISTA SABINO DE LEMOS","bairro":"CAMPO GRANDE","cep":"23082080","fonte_geo":"unidades_unificadas"},"geometry":{"type":"Point","coordinates":[-43.57146,-22.89154]}},{"type":"Feature","properties":{"codigo_unidade":"0918840","nome":"EDI PROFESSOR JOSÉ MAURO DA SILVA","tipo":"1","id_cre":null,"cod_territ":null,"logradouro":"AVENIDA CESÁRIO DE MELO","bairro":"INHOAÍBA","cep":"23056000","fonte_geo":"ausente"},"geometry":null},{"type":"Feature","properties":{"codigo_unidade":"0918996","nome":"RUA GENTIL D'OURO","tipo":"3","id_cre":null,"cod_territ":null,"logradouro":null,"bairro":null,"cep":null,"fonte_geo":"ausente"},"geometry":null},{"type":"Feature","properties":{"codigo_unidade":"10001","nome":"CP ESCOLA COMUNITÁRIA JARDIM DE INFÂNCIA TIA ANASTÁCIA","tipo":"1","id_cre":null,"cod_territ":null,"logradouro":"\"RUA ALMANDINA \"","bairro":"SANTA CRUZ","cep":"23555060","fonte_geo":"ausente"},"geometry":null},{"type":"Feature","properties":{"codigo_unidade":"10002","nome":"CP MEUS PRIMEIROS PASSOS","tipo":"4","id_cre":null,"cod_territ":null,"logradouro":null,"bairro":null,"cep":null,"fonte_geo":"ausente"},"geometry":null},{"type":"Feature","properties":{"codigo_unidade":"10003","nome":"CP MEUS PRIMEIROS PASSOS II","tipo":"4","id_cre":null,"cod_territ":null,"logradouro":null,"bairro":null,"cep":null,"fonte_geo":"ausente"},"geometry":null},{"type":"Feature","properties":{"codigo_unidade":"10004","nome":"CP ESCOLA COMUNITÁRIA JARDIM BALÃO MÁGICO","tipo":"1","id_cre":null,"cod_territ":null,"logradouro":"\"RUA ALEXANDRE DA SILVA FAGUNDES \"","bairro":"SANTA CRUZ","cep":"23560430","fonte_geo":"ausente"},"geometry":null},{"type":"Feature","properties":{"codigo_unidade":"10005","nome":"CP CRECHE COMUNITÁRIA JARDIM PEDRA AZUL","tipo":"1","id_cre":null,"cod_territ":null,"logradouro":"RUA JOSÉ DOMINGOS","bairro":"PEDRA DE GUARATIBA","cep":"23026220","fonte_geo":"ausente"},"geometry":null},{"type":"Feature","properties":{"codigo_unidade":"10006","nome":"CP CRECHE ESCOLA COMUNITÁRIA ISMÊNIA RIBEIRO","tipo":"1","id_cre":null,"cod_territ":null,"logradouro":"TRAVESSA AURORA","bairro":"SANTA CRUZ","cep":"23550590","fonte_geo":"ausente"},"geometry":null},{"type":"Feature","properties":{"codigo_unidade":"10007","nome":"CP DONA ZULMIRA TELLES","tipo":"4","id_cre":null,"cod_territ":null,"logradouro":null,"bairro":null,"cep":null,"fonte_geo":"ausente"},"geometry":null},{"type":"Feature","properties":{"codigo_unidade":"10008","nome":"CP CRECHE COMUNITÁRIA JARDIM ESPERANÇA","tipo":"1","id_cre":null,"cod_territ":null,"logradouro":"\" ESTRADA BOA ESPERANÇA\"","bairro":"SANTA CRUZ","cep":"23575381","fonte_geo":"ausente"},"geometry":null},{"type":"Feature","properties":{"codigo_unidade":"10009","nome":"CP JARDIM ESCOLA ERNESTO FAGUNDES VARELA","tipo":"1","id_cre":null,"cod_territ":null,"logradouro":"\" ESTRADA DE SEPETIBA \"","bairro":"SEPETIBA","cep":"23520660","fonte_geo":"ausente"},"geometry":null},{"type":"Feature","properties":{"codigo_unidade":"10010","nome":"CP ESCOLA COMUNITÁRIA JARDIM ARCO-ÍRIS","tipo":"1","id_cre":null,"cod_territ":null,"logradouro":"\" RUA FERNANDA                                                                                    \"","bairro":"SANTA CRUZ","cep":"23520132","fonte_geo":"ausente"},"geometry":null},{"type":"Feature","properties":{"codigo_unidade":"10011","nome":"CP CRECHE PINGUINHO DE GENTE","tipo":"1","id_cre":null,"cod_territ":null,"logradouro":"RUA ARNALDO BASTOS","bairro":"SANTA CRUZ","cep":"23515080","fonte_geo":"ausente"},"geometry":null},{"type":"Feature","properties":{"codigo_unidade":"10012","nome":"CP SANTA CRUZ","tipo":"4","id_cre":null,"cod_territ":null,"logradouro":null,"bairro":null,"cep":null,"fonte_geo":"ausente"},"geometry":null},{"type":"Feature","properties":{"codigo_unidade":"10013","nome":"CP ESCOLA COMUNITÁRIA ENCANTO DE MARIA","tipo":"1","id_cre":null,"cod_territ":null,"logradouro":"RUA SAPUCAI","bairro":"SANTA CRUZ","cep":"23550363","fonte_geo":"ausente"},"geometry":null},{"type":"Feature","properties":{"codigo_unidade":"10014","nome":"CP CRECHE COMUNITÁRIA SÃO JOÃO BATISTA","tipo":"1","id_cre":null,"cod_territ":null,"logradouro":"ESTRADA DO CABUIS","bairro":"GUARATIBA","cep":"23028600","fonte_geo":"ausente"},"geometry":null},{"type":"Feature","properties":{"codigo_unidade":"10015","nome":"CP JARDIM SONHAR CONCEIÇÃO","tipo":"4","id_cre":null,"cod_territ":null,"logradouro":null,"bairro":null,"cep":null,"fonte_geo":"ausente"},"geometry":null},{"type":"Feature","properties":{"codigo_unidade":"10016","nome":"CP CASULO SÃO SEBASTIÃO","tipo":"4","id_cre":null,"cod_territ":null,"logradouro":null,"bairro":null,"cep":null,"fonte_geo":"ausente"},"geometry":null},{"type":"Feature","properties":{"codigo_unidade":"10017","nome":"CP TIO BETO","tipo":"4","id_cre":null,"cod_territ":null,"logradouro":null,"bairro":null,"cep":null,"fonte_geo":"ausente"},"geometry":null},{"type":"Feature","properties":{"codigo_unidade":"10018","nome":"CP CRECHE ESCOLA COMUNITÁRIA SÍTIO ALEGRE","tipo":"1","id_cre":null,"cod_territ":null,"logradouro":"\" ESTRADA DE SEPETIBA\"","bairro":"SEPETIBA","cep":"23545003","fonte_geo":"ausente"},"geometry":null},{"type":"Feature","properties":{"codigo_unidade":"10019","nome":"CP ESCOLA COMUNITÁRIA JARDIM ALEXANDRINO","tipo":"1","id_cre":null,"cod_territ":null,"logradouro":"RUA PROJETADA ISABEL","bairro":"SANTA CRUZ","cep":"23575340","fonte_geo":"ausente"},"geometry":null},{"type":"Feature","properties":{"codigo_unidade":"10020","nome":"CP CASA MATERNAL NOSSA SENHORA DE NAZARÉ","tipo":"1","id_cre":null,"cod_territ":null,"logradouro":"\" RUA SAO GOMARIO\"","bairro":"SANTA CRUZ","cep":"23595060","fonte_geo":"ausente"},"geometry":null},{"type":"Feature","properties":{"codigo_unidade":"10021","nome":"CP CHAVE DO TAMANHO","tipo":"4","id_cre":null,"cod_territ":null,"logradouro":null,"bairro":null,"cep":null,"fonte_geo":"ausente"},"geometry":null},{"type":"Feature","properties":{"codigo_unidade":"10022","nome":"CP ASSOCIAÇÃO DE MORADORES E AMIGOS DO PARQUE ESTORIL - AMAPE","tipo":"1","id_cre":null,"cod_territ":null,"logradouro":"PRAÇA CELINA","bairro":"PACIÊNCIA","cep":"23585650","fonte_geo":"ausente"},"geometry":null},{"type":"Feature","properties":{"codigo_unidade":"10023","nome":"CP CRECHE ESCOLA SOSSEGO DA MAMÃE","tipo":"1","id_cre":null,"cod_territ":null,"logradouro":"RUA PROJETADA SALES","bairro":"SANTA CRUZ","cep":"23575000","fonte_geo":"ausente"},"geometry":null},{"type":"Feature","properties":{"codigo_unidade":"10024","nome":"CP CRECHE COMUNITÁRIA MUNDO ENCANTADO DA CRIANÇA","tipo":"1","id_cre":null,"cod_territ":null,"logradouro":"\" AV JOAO XXIII  \"","bairro":"SANTA CRUZ","cep":"23560352","fonte_geo":"ausente"},"geometry":null},{"type":"Feature","properties":{"codigo_unidade":"10025","nome":"CP SEMENTES DO AMANHÃ","tipo":"4","id_cre":null,"cod_territ":null,"logradouro":null,"bairro":null,"cep":null,"fonte_geo":"ausente"},"geometry":null},{"type":"Feature","properties":{"codigo_unidade":"10026","nome":"CP CRECHE E ESCOLA COMUNITÁRIA GENTE BAIXINHA I","tipo":"1","id_cre":null,"cod_territ":null,"logradouro":"RUA AUROANA","bairro":"PACIENCIA","cep":"23580250","fonte_geo":"ausente"},"geometry":null},{"type":"Feature","properties":{"codigo_unidade":"10027","nome":"CP CRECHE CASULO AGOSTINHO - SANTA CRUZ","tipo":"1","id_cre":null,"cod_territ":null,"logradouro":"RUA BATISTA","bairro":"SANTA CRUZ","cep":"23570270","fonte_geo":"ausente"},"geometry":null},{"type":"Feature","properties":{"codigo_unidade":"10028","nome":"CP CRECHE CASULO AGOSTINHO - VERIDIANA","tipo":"1","id_cre":null,"cod_territ":null,"logradouro":"ESTRADA SANTA VERIDIANA","bairro":"SANTA CRUZ","cep":"23525254","fonte_geo":"ausente"},"geometry":null},{"type":"Feature","properties":{"codigo_unidade":"10029","nome":"CP ASSOCIAÇÃO DE MORADORES DAS MORADAS DO IMPÉRIO","tipo":"1","id_cre":null,"cod_territ":null,"logradouro":"\"RUA ADALBERTO BARRETO \"","bairro":"SANTA CRUZ","cep":"23555170","fonte_geo":"ausente"},"geometry":null},{"type":"Feature","properties":{"codigo_unidade":"10030","nome":"CP INSTITUTO AVELINO - GUARATIBA","tipo":"1","id_cre":null,"cod_territ":null,"logradouro":"RUA PROFESSOR CHARLES LACHIMOUND","bairro":"GUARATIBA","cep":"23032370","fonte_geo":"ausente"},"geometry":null},{"type":"Feature","properties":{"codigo_unidade":"10031","nome":"CP MARIA ISABEL DE NOVA SEPETIBA","tipo":"4","id_cre":null,"cod_territ":null,"logradouro":null,"bairro":null,"cep":null,"fonte_geo":"ausente"},"geometry":null},{"type":"Feature","properties":{"codigo_unidade":"10032","nome":"CP CRECHE COMUNITÁRIA MUNDO MÁGICO","tipo":"1","id_cre":null,"cod_territ":null,"logradouro":"RUA ELISEU GOUVEIA","bairro":"SANTA CRUZ","cep":"23525002","fonte_geo":"ausente"},"geometry":null},{"type":"Feature","properties":{"codigo_unidade":"10033","nome":"CP PROJETO QUEBRA CABEÇA","tipo":"1","id_cre":null,"cod_territ":null,"logradouro":"RUA RIO GRANDE DO SUL","bairro":"SEPETIBA","cep":"23530410","fonte_geo":"ausente"},"geometry":null},{"type":"Feature","properties":{"codigo_unidade":"10034","nome":"CP OS BENEDITINHOS","tipo":"1","id_cre":null,"cod_territ":null,"logradouro":"RUA DOS RODOVIARIOS","bairro":"SANTA CRUZ","cep":"23590070","fonte_geo":"ausente"},"geometry":null},{"type":"Feature","properties":{"codigo_unidade":"10035","nome":"CP ESCOLA COMUNITÁRIA JARDIM DE INFÂNCIA CHAVE DO TAMANHO","tipo":"1","id_cre":null,"cod_territ":null,"logradouro":"RUA JUSTO DE MORAES","bairro":"SEPETIBA","cep":"23540145","fonte_geo":"ausente"},"geometry":null},{"type":"Feature","properties":{"codigo_unidade":"10036","nome":"CP CAAD DONA ZULMIRA TELLES","tipo":"1","id_cre":null,"cod_territ":null,"logradouro":"RUA DO IMPÉRIO","bairro":"SANTA CRUZ","cep":"23555024","fonte_geo":"ausente"},"geometry":null},{"type":"Feature","properties":{"codigo_unidade":"10037","nome":"CP CAAD - COMITÊ DE ATENDIMENTO À CRIANÇA E AO ADOLESCENTE","tipo":"1","id_cre":null,"cod_territ":null,"logradouro":"RUA PROJETADA MATTOS","bairro":"SANTA CRUZ","cep":"23520100","fonte_geo":"ausente"},"geometry":null},{"type":"Feature","properties":{"codigo_unidade":"10038","nome":"CP ISABEL MARIA - CICIM","tipo":"4","id_cre":null,"cod_territ":null,"logradouro":null,"bairro":null,"cep":null,"fonte_geo":"ausente"},"geometry":null},{"type":"Feature","properties":{"codigo_unidade":"10038","nome":"CC JARDIM ESCOLA ERNESTO FAGUNDES VARELA","tipo":"3","id_cre":null,"cod_territ":null,"logradouro":null,"bairro":null,"cep":null,"fonte_geo":"ausente"},"geometry":null},{"type":"Feature","properties":{"codigo_unidade":"10039","nome":"CP FUNDAÇÃO KLINGNER PARA O DESENVOLVIMENTO SOCIAL","tipo":"1","id_cre":null,"cod_territ":null,"logradouro":"AVENIDA AREIA BRANCA","bairro":"SANTA CRUZ","cep":"23525002","fonte_geo":"ausente"},"geometry":null},{"type":"Feature","properties":{"codigo_unidade":"10040","nome":"CP CICIM I","tipo":"1","id_cre":null,"cod_territ":null,"logradouro":"RUA 39 NOVA SEPETIBA","bairro":"SEPETIBA","cep":"23545003","fonte_geo":"ausente"},"geometry":null},{"type":"Feature","properties":{"codigo_unidade":"10041","nome":"CP CRECHE BEZERRA DE MENEZES - SANTA CRUZ","tipo":"1","id_cre":null,"cod_territ":null,"logradouro":"AVENIDA ANTARES","bairro":"SANTA CRUZ","cep":"23590012","fonte_geo":"ausente"},"geometry":null},{"type":"Feature","properties":{"codigo_unidade":"10042","nome":"CP CICIM II","tipo":"1","id_cre":null,"cod_territ":null,"logradouro":"\" ESTRADA DE SEPETIBA \"","bairro":"SEPETIBA","cep":"23545003","fonte_geo":"ausente"},"geometry":null},{"type":"Feature","properties":{"codigo_unidade":"10043","nome":"CP CRECHE CANTINHO CASLU","tipo":"1","id_cre":null,"cod_territ":null,"logradouro":"\" RUA SERROLANDIA\"","bairro":"PACIÊNCIA","cep":"23585370","fonte_geo":"ausente"},"geometry":null},{"type":"Feature","properties":{"codigo_unidade":"10044","nome":"CP CRECHE COMUNITÁRIA MAGIA DA CRIANÇA","tipo":"1","id_cre":null,"cod_territ":null,"logradouro":"\"ESTRADA DO VITOR DUMAS \"","bairro":"\"SANTA CRUZ \"","cep":"23550570","fonte_geo":"ausente"},"geometry":null},{"type":"Feature","properties":{"codigo_unidade":"10045","nome":"CP ESPAÇO CRIATIVO ERA UMA VEZ","tipo":"1","id_cre":null,"cod_territ":null,"logradouro":"RUA CORREGO NOVO","bairro":"SANTA CRUZ","cep":"23575135","fonte_geo":"ausente"},"geometry":null},{"type":"Feature","properties":{"codigo_unidade":"10046","nome":"CP CRECHE COMUNITÁRIA DEUS É FIEL - CCDF","tipo":"1","id_cre":null,"cod_territ":null,"logradouro":"\" ESTRADA DE SEPETIBA \"","bairro":"SEPETIBA","cep":"23545003","fonte_geo":"ausente"},"geometry":null},{"type":"Feature","properties":{"codigo_unidade":"10046","nome":"DEUS E FIEL","tipo":"3","id_cre":null,"cod_territ":null,"logradouro":null,"bairro":null,"cep":null,"fonte_geo":"ausente"},"geometry":null},{"type":"Feature","properties":{"codigo_unidade":"10047","nome":"CP CENTRO CULTURAL MONTESSORI - SANTA CRUZ","tipo":"1","id_cre":null,"cod_territ":null,"logradouro":"AV. JOÃO XXIII","bairro":"SANTA CRUZ","cep":"23560352","fonte_geo":"ausente"},"geometry":null},{"type":"Feature","properties":{"codigo_unidade":"10048","nome":"CP CRECHE COMUNITÁRIA DEUS É FIEL - UNIDADE I","tipo":"4","id_cre":null,"cod_territ":null,"logradouro":null,"bairro":null,"cep":null,"fonte_geo":"ausente"},"geometry":null},{"type":"Feature","properties":{"codigo_unidade":"10049","nome":"CP CRECHE COMUNITÁRIA DEUS É FIEL - UNIDADE II","tipo":"4","id_cre":null,"cod_territ":null,"logradouro":null,"bairro":null,"cep":null,"fonte_geo":"ausente"},"geometry":null},{"type":"Feature","properties":{"codigo_unidade":"10050","nome":"CP CRECHE COMUNITÁRIA DEUS É FIEL - UNIDADE III","tipo":"4","id_cre":null,"cod_territ":null,"logradouro":null,"bairro":null,"cep":null,"fonte_geo":"ausente"},"geometry":null},{"type":"Feature","properties":{"codigo_unidade":"10051","nome":"CP CRECHE COMUNITÁRIA DEUS É FIEL - UNIDADE VI","tipo":"1","id_cre":null,"cod_territ":null,"logradouro":"RUA SOLDADO PRIM CANES","bairro":"GUARATIBA","cep":"23025420","fonte_geo":"ausente"},"geometry":null},{"type":"Feature","properties":{"codigo_unidade":"10052","nome":"CP CRECHE COMUNITÁRIA DEUS É FIEL - UNIDADE VII","tipo":"1","id_cre":null,"cod_territ":null,"logradouro":"RUA BURITI BRAVO","bairro":"GUARATIBA","cep":"23033040","fonte_geo":"ausente"},"geometry":null},{"type":"Feature","properties":{"codigo_unidade":"10053","nome":"CP CRECHE COMUNITÁRIA GÊNIO DO FUTURO","tipo":"1","id_cre":null,"cod_territ":null,"logradouro":"\" RUA PRIMEIRA\"","bairro":"SANTA CRUZ","cep":"23515180","fonte_geo":"ausente"},"geometry":null},{"type":"Feature","properties":{"codigo_unidade":"10054","nome":"CP CRECHE COMUNITÁRIA AQUARELA DO SABER","tipo":"1","id_cre":null,"cod_territ":null,"logradouro":"\" RUA PRIMEIRA\"","bairro":"SANTA CRUZ","cep":"23515180","fonte_geo":"ausente"},"geometry":null},{"type":"Feature","properties":{"codigo_unidade":"10055","nome":"CP ESPAÇO DE DESENVOLVIMENTO MÃE GAIA","tipo":"1","id_cre":null,"cod_territ":null,"logradouro":"RUA SANTA URSULINA","bairro":"SEPETIBA","cep":"23540390","fonte_geo":"ausente"},"geometry":null},{"type":"Feature","properties":{"codigo_unidade":"10056","nome":"CP CRECHE MUNDO DA BIBI","tipo":"1","id_cre":null,"cod_territ":null,"logradouro":"RUA DA CONCILIAÇÃO","bairro":"SANTA CRUZ","cep":"23520190","fonte_geo":"ausente"},"geometry":null},{"type":"Feature","properties":{"codigo_unidade":"10057","nome":"CP CENTRO CULTURAL MONTESSORI - PACIÊNCIA","tipo":"1","id_cre":null,"cod_territ":null,"logradouro":"AVENIDA CESARIO DE MELO","bairro":"PACIÊNCIA","cep":"23585126","fonte_geo":"ausente"},"geometry":null},{"type":"Feature","properties":{"codigo_unidade":"10058","nome":"CP CRECHE ESCOLA COMUNITÁRIA MALLETZINHO","tipo":"1","id_cre":null,"cod_territ":null,"logradouro":"PR PRAIA DE SEPETIBA","bairro":"SEPETIBA","cep":"23545010","fonte_geo":"ausente"},"geometry":null},{"type":"Feature","properties":{"codigo_unidade":"10059","nome":"CP CRECHE COMUNITÁRIA PLANETA BEBÊ","tipo":"1","id_cre":null,"cod_territ":null,"logradouro":"\" RUA CONCEIÇÃO DE IPANEMA \"","bairro":"SANTA CRUZ","cep":"23575080","fonte_geo":"ausente"},"geometry":null},{"type":"Feature","properties":{"codigo_unidade":"10060","nome":"CP CRECHE COMUNITÁRIA JARDIM DO CONHECIMENTO","tipo":"1","id_cre":null,"cod_territ":null,"logradouro":"RUA NESTOR","bairro":"SANTA CRUZ","cep":"23515680","fonte_geo":"ausente"},"geometry":null},{"type":"Feature","properties":{"codigo_unidade":"10061","nome":"CP CRECHE COMUNITÁRIA ESTRELA DO AMANHÃ","tipo":"1","id_cre":null,"cod_territ":null,"logradouro":"AVENIDA AVENIDA CESARIO DE MELO","bairro":"SANTA CRUZ","cep":"23595040","fonte_geo":"ausente"},"geometry":null},{"type":"Feature","properties":{"codigo_unidade":"10062","nome":"CP CENTRO CULTURAL DE DESENVOLVIMENTO INFANTIL JOÃO BATISTA","tipo":"1","id_cre":null,"cod_territ":null,"logradouro":"RUA MARICOABO","bairro":"GUARATIBA","cep":"23028290","fonte_geo":"ausente"},"geometry":null},{"type":"Feature","properties":{"codigo_unidade":"10062","nome":"CP CRECHE COMUNITÁRIA ESTRELA DO AMANHÃ","tipo":"3","id_cre":null,"cod_territ":null,"logradouro":null,"bairro":null,"cep":null,"fonte_geo":"ausente"},"geometry":null},{"type":"Feature","properties":{"codigo_unidade":"10063","nome":"CP CRECHE COMUNITÁRIA UNIVERSO INFANTIL","tipo":"1","id_cre":null,"cod_territ":null,"logradouro":"\"ESTR DA PEDRA \"","bairro":"GUARATIBA","cep":"23030380","fonte_geo":"ausente"},"geometry":null},{"type":"Feature","properties":{"codigo_unidade":"10064","nome":"CP CRECHE COMUNITÁRIA CORAÇÃO DE MÃE","tipo":"1","id_cre":null,"cod_territ":null,"logradouro":"RUA SOLDADO VALTER DE SOUSA","bairro":"PACIÊNCIA","cep":"23066150","fonte_geo":"ausente"},"geometry":null},{"type":"Feature","properties":{"codigo_unidade":"10065","nome":"CP CRECHE MAGIA DA CRIANÇA II","tipo":"1","id_cre":null,"cod_territ":null,"logradouro":"RUA SANTA BARBARA","bairro":"SEPETIBA","cep":"23535225","fonte_geo":"ausente"},"geometry":null},{"type":"Feature","properties":{"codigo_unidade":"10066","nome":"CP CRECHE COMUNITÁRIA ARTE & CULTURA","tipo":"1","id_cre":null,"cod_territ":null,"logradouro":"ESTRADA ATERRADO DO LEME","bairro":"\"SANTA CRUZ \"","cep":"23575330","fonte_geo":"ausente"},"geometry":null},{"type":"Feature","properties":{"codigo_unidade":"10067","nome":"CP CRECHE COMUNITÁRIA ARCA DE NOÉ","tipo":"1","id_cre":null,"cod_territ":null,"logradouro":"ESTR TASSO BLASSO","bairro":"SANTA CRUZ","cep":"23525200","fonte_geo":"ausente"},"geometry":null},{"type":"Feature","properties":{"codigo_unidade":"10068","nome":"CP CRECHE COMUNITÁRIA TIA NEIDE - GUARATIBA","tipo":"1","id_cre":null,"cod_territ":null,"logradouro":"RUA JOSÉ  MARTINS BRITO","bairro":"GUARATIBA","cep":"23032445","fonte_geo":"ausente"},"geometry":null},{"type":"Feature","properties":{"codigo_unidade":"10069","nome":"CP CRECHE E ESCOLA COMUNITÁRIA GENTE BAIXINHA II","tipo":"1","id_cre":null,"cod_territ":null,"logradouro":"RUA OUROANA","bairro":"PACIÊNCIA","cep":"23587076","fonte_geo":"ausente"},"geometry":null},{"type":"Feature","properties":{"codigo_unidade":"10070","nome":"CP PEDACINHO DO CÉU","tipo":"1","id_cre":null,"cod_territ":null,"logradouro":"RUA 22","bairro":"SANTA CRUZ","cep":"23595014","fonte_geo":"ausente"},"geometry":null},{"type":"Feature","properties":{"codigo_unidade":"10071","nome":"CP CRECHE COMUNITÁRIA ARTE & CULTURA - UNIDADE I","tipo":"1","id_cre":null,"cod_territ":null,"logradouro":"ESTRADA CATRUZ","bairro":"PEDRA DE GUARATIBA","cep":"23026280","fonte_geo":"ausente"},"geometry":null},{"type":"Feature","properties":{"codigo_unidade":"10072","nome":"CP CRECHE COMUNITÁRIA DEUS É FIEL - UNIDADE X","tipo":"1","id_cre":null,"cod_territ":null,"logradouro":"RUA SD ELISEU HIPOLITO","bairro":"GUARATIBA","cep":"23025110","fonte_geo":"ausente"},"geometry":null},{"type":"Feature","properties":{"codigo_unidade":"10073","nome":"CP NINHO CARIOCA","tipo":"1","id_cre":null,"cod_territ":null,"logradouro":"EST DO MAGARÇA","bairro":"GUARATIBA","cep":"23035380","fonte_geo":"ausente"},"geometry":null},{"type":"Feature","properties":{"codigo_unidade":"10074","nome":"CP CRECHE MUNDO MÁGICO II","tipo":"1","id_cre":null,"cod_territ":null,"logradouro":"RUA SOLDADO RAMIS MENDES","bairro":"PACIÊNCIA","cep":"23066000","fonte_geo":"ausente"},"geometry":null},{"type":"Feature","properties":{"codigo_unidade":"10075","nome":"CP CRECHE COMUNITÁRIA PEDACINHO DE CÉU","tipo":"1","id_cre":null,"cod_territ":null,"logradouro":"RUA JOSÉ FELIPE DE SOUZA","bairro":"SANTA CRUZ","cep":"23591550","fonte_geo":"ausente"},"geometry":null},{"type":"Feature","properties":{"codigo_unidade":"10076","nome":"CP ESPAÇO DE DESENVOLVIMENTO MÃE GAIA - UNIDADE I","tipo":"1","id_cre":null,"cod_territ":null,"logradouro":"BECO DO CAMARÃO","bairro":"SANTA CRUZ","cep":"23550570","fonte_geo":"ausente"},"geometry":null},{"type":"Feature","properties":{"codigo_unidade":"10077","nome":"CP CRECHE COMUNITÁRIA CANTINHO DO SABER","tipo":"1","id_cre":null,"cod_territ":null,"logradouro":"\"TRAVESSA AURORA \"","bairro":"SANTA CRUZ","cep":"23550590","fonte_geo":"ausente"},"geometry":null},{"type":"Feature","properties":{"codigo_unidade":"10078","nome":"CP CRECHE COMUNITÁRIA CRIANÇA FELIZ","tipo":"1","id_cre":null,"cod_territ":null,"logradouro":"RUA  CARVALHO SANTOS","bairro":"SANTA CRUZ","cep":"23520680","fonte_geo":"ausente"},"geometry":null},{"type":"Feature","properties":{"codigo_unidade":"10079","nome":"CP CRECHE COMUNITÁRIA DEUS É FIEL - UNIDADE VIII","tipo":"1","id_cre":null,"cod_territ":null,"logradouro":"RUA GOULART DE ALMEIDA","bairro":"SEPETIBA","cep":"23540056","fonte_geo":"ausente"},"geometry":null},{"type":"Feature","properties":{"codigo_unidade":"10080","nome":"CP ASSOCIAÇÃO CENTRO EDUCACIONAL REBRAL XII (GUARATIBA)","tipo":"1","id_cre":null,"cod_territ":null,"logradouro":"\"ESTRADA DA PEDRA \"","bairro":"PEDRA DE GUARATIBA","cep":"23030380","fonte_geo":"ausente"},"geometry":null},{"type":"Feature","properties":{"codigo_unidade":"10081","nome":"CP CENTRO EDUCACIONAL ESTRELA DO AMANHÃ","tipo":"1","id_cre":null,"cod_territ":null,"logradouro":"ESTRADA ESTRELA DA TARDE 1","bairro":"GUARATIBA","cep":"23035432","fonte_geo":"ausente"},"geometry":null},{"type":"Feature","properties":{"codigo_unidade":"10082","nome":"CP CRECHE ESCOLA BAIXINHOS SABIDOS","tipo":"1","id_cre":null,"cod_territ":null,"logradouro":"ESTRADA URUCANIA","bairro":"PACIÊNCIA","cep":"23580140","fonte_geo":"ausente"},"geometry":null},{"type":"Feature","properties":{"codigo_unidade":"10083","nome":"CP CRECHE COMUNITÁRIA CRISTÃ CORDEIRINHO DE CRISTO","tipo":"1","id_cre":null,"cod_territ":null,"logradouro":"ESTRADA DO MAGARCA","bairro":"GUARATIBA","cep":"23035372","fonte_geo":"ausente"},"geometry":null},{"type":"Feature","properties":{"codigo_unidade":"10084","nome":"CP CRECHE COMUNITÁRIA AQUARELA DO SABER (GUARATIBA)","tipo":"1","id_cre":null,"cod_territ":null,"logradouro":"\" RUA CAMPO FORMOSO \"","bairro":"GUARATIBA","cep":"23036140","fonte_geo":"ausente"},"geometry":null},{"type":"Feature","properties":{"codigo_unidade":"10085","nome":"CP CRECHE VIDA","tipo":"1","id_cre":null,"cod_territ":null,"logradouro":"ESTRADA DO MAGARCA","bairro":"GUARATIBA","cep":"23035372","fonte_geo":"ausente"},"geometry":null},{"type":"Feature","properties":{"codigo_unidade":"10086","nome":"CP CRECHE COMUNITÁRIA QUINTAL DAS INFÂNCIAS","tipo":"1","id_cre":null,"cod_territ":null,"logradouro":"ESTRADA DA ILHA","bairro":"GUARATIBA","cep":"23020230","fonte_geo":"ausente"},"geometry":null},{"type":"Feature","properties":{"codigo_unidade":"10087","nome":"CP CCRL - CRECHE COMUNITÁRIA RAIO DE LUZ","tipo":"1","id_cre":null,"cod_territ":null,"logradouro":"RUA JOÃO DE  SOUSA","bairro":"GUARATIBA","cep":"23032400","fonte_geo":"ausente"},"geometry":null},{"type":"Feature","properties":{"codigo_unidade":"10088","nome":"CP CRECHE COMUNITÁRIA REPÚBLICA DA CRIANÇA","tipo":"1","id_cre":null,"cod_territ":null,"logradouro":"ESTRADA DA PEDRA","bairro":"GUARATIBA","cep":"23030380","fonte_geo":"ausente"},"geometry":null},{"type":"Feature","properties":{"codigo_unidade":"10089","nome":"CP JARDIM ESCOLA ENTRE AMIGOS","tipo":"1","id_cre":null,"cod_territ":null,"logradouro":null,"bairro":null,"cep":null,"fonte_geo":"ausente"},"geometry":null},{"type":"Feature","properties":{"codigo_unidade":"10090","nome":"CP CRECHE COMUNITÁRIA HOTELZINHO PRIMEIROS PASSOS","tipo":"1","id_cre":null,"cod_territ":null,"logradouro":null,"bairro":null,"cep":null,"fonte_geo":"ausente"},"geometry":null},{"type":"Feature","properties":{"codigo_unidade":"10091","nome":"CP CRECHE COMUNITÁRIA MARIA TERESA - GUARATIBA","tipo":"1","id_cre":null,"cod_territ":null,"logradouro":null,"bairro":null,"cep":null,"fonte_geo":"ausente"},"geometry":null},{"type":"Feature","properties":{"codigo_unidade":"10092","nome":"CP INSTITUTO EMILIA CANEDO","tipo":"1","id_cre":null,"cod_territ":null,"logradouro":null,"bairro":null,"cep":null,"fonte_geo":"ausente"},"geometry":null},{"type":"Feature","properties":{"codigo_unidade":"10093","nome":"CP CRECHE SORRISO DE CRIANÇA","tipo":"1","id_cre":null,"cod_territ":null,"logradouro":null,"bairro":null,"cep":null,"fonte_geo":"ausente"},"geometry":null},{"type":"Feature","properties":{"codigo_unidade":"1019001","nome":"EM PROFESSOR COQUEIRO","tipo":"1","id_cre":10,"cod_territ":"10.11","logradouro":"\"RUA FELIPE CARDOSO \"","bairro":"SANTA CRUZ","cep":"23510001","fonte_geo":"unidades_unificadas"},"geometry":{"type":"Point","coordinates":[-43.680866,-22.922131]}},{"type":"Feature","properties":{"codigo_unidade":"1019002","nome":"EM GENERAL GOMES CARNEIRO","tipo":"1","id_cre":10,"cod_territ":"10.15","logradouro":"AVENIDA CESÁRIO DE MELO CESARÃO","bairro":"SANTA CRUZ","cep":"23595040","fonte_geo":"unidades_unificadas"},"geometry":{"type":"Point","coordinates":[-43.665042,-22.934717]}},{"type":"Feature","properties":{"codigo_unidade":"1019003","nome":"EM PROFESSOR ARTHUR THIRE","tipo":"1","id_cre":10,"cod_territ":"10.22","logradouro":"RUA ITATINGA","bairro":"SANTA CRUZ","cep":"23520521","fonte_geo":"unidades_unificadas"},"geometry":{"type":"Point","coordinates":[-43.645477,-22.948963]}},{"type":"Feature","properties":{"codigo_unidade":"1019004","nome":"EM PROFESSOR JOÃO GUALBERTO JORGE DO AMARAL","tipo":"1","id_cre":10,"cod_territ":"10.19","logradouro":"PRAÇA PAULO DE TARSO CELESTINO","bairro":"PACIÊNCIA","cep":"23587670","fonte_geo":"unidades_unificadas"},"geometry":{"type":"Point","coordinates":[-43.623665,-22.920358]}},{"type":"Feature","properties":{"codigo_unidade":"1019005","nome":"EM REPÚBLICA ÁRABE DA SÍRIA","tipo":"1","id_cre":10,"cod_territ":"10.4","logradouro":"RUA MÁRIO FONTENELI DE SOUZA","bairro":"PACIÊNCIA","cep":"23585055","fonte_geo":"unidades_unificadas"},"geometry":{"type":"Point","coordinates":[-43.639651,-22.921739]}},{"type":"Feature","properties":{"codigo_unidade":"1019006","nome":"EM VIVALDO RAMOS DE VASCONCELOS","tipo":"1","id_cre":10,"cod_territ":"10.4","logradouro":"RUA ANTÔNIO PATROCÍNIO FERNANDES","bairro":"PACIÊNCIA","cep":"23585030","fonte_geo":"unidades_unificadas"},"geometry":{"type":"Point","coordinates":[-43.640123,-22.921164]}},{"type":"Feature","properties":{"codigo_unidade":"1019007","nome":"EM ANDRÉ VIDAL DE NEGREIROS","tipo":"1","id_cre":10,"cod_territ":"10.11","logradouro":"RUA FELIPE CARDOSO","bairro":"SANTA CRUZ","cep":"23510001","fonte_geo":"unidades_unificadas"},"geometry":{"type":"Point","coordinates":[-43.68058,-22.92139]}},{"type":"Feature","properties":{"codigo_unidade":"1019008","nome":"EM EDUARDO RABELO","tipo":"1","id_cre":10,"cod_territ":"10.15","logradouro":"AVENIDA CESÁRIO DE MELO","bairro":"SANTA CRUZ","cep":"23595040","fonte_geo":"unidades_unificadas"},"geometry":{"type":"Point","coordinates":[-43.665347,-22.935094]}},{"type":"Feature","properties":{"codigo_unidade":"1019009","nome":"EM PREFEITO JOÃO CARLOS VITAL","tipo":"1","id_cre":10,"cod_territ":"10.11","logradouro":"RUA FERREIRA NOBRE","bairro":"SANTA CRUZ","cep":"23550030","fonte_geo":"unidades_unificadas"},"geometry":{"type":"Point","coordinates":[-43.691185,-22.923862]}},{"type":"Feature","properties":{"codigo_unidade":"1019010","nome":"EM JOSÉ DE MELLO","tipo":"1","id_cre":10,"cod_territ":"10.11","logradouro":"PRAÇA DA LEGALIDADE","bairro":"SANTA CRUZ","cep":"23550070","fonte_geo":"unidades_unificadas"},"geometry":{"type":"Point","coordinates":[-43.689201,-22.923105]}},{"type":"Feature","properties":{"codigo_unidade":"1019011","nome":"EM RONALD DE CARVALHO","tipo":"1","id_cre":10,"cod_territ":"10.11","logradouro":"ESTRADA VÍTOR DUMAS","bairro":"SANTA CRUZ","cep":"23550570","fonte_geo":"unidades_unificadas"},"geometry":{"type":"Point","coordinates":[-43.70021,-22.936559]}},{"type":"Feature","properties":{"codigo_unidade":"1019012","nome":"EM TENENTE RENATO CÉSAR","tipo":"1","id_cre":10,"cod_territ":"10.13","logradouro":"AVENIDA AREIA BRANCA","bairro":"SANTA CRUZ","cep":"23525002","fonte_geo":"unidades_unificadas"},"geometry":{"type":"Point","coordinates":[-43.686182,-22.939174]}},{"type":"Feature","properties":{"codigo_unidade":"1019013","nome":"EM BENTO DO AMARAL COUTINHO","tipo":"1","id_cre":10,"cod_territ":"10.13","logradouro":"ESTRADA VÍTOR DUMAS","bairro":"SANTA CRUZ","cep":"23550570","fonte_geo":"unidades_unificadas"},"geometry":{"type":"Point","coordinates":[-43.686645,-22.939361]}},{"type":"Feature","properties":{"codigo_unidade":"1019014","nome":"EM CORONEL BERTHIER","tipo":"1","id_cre":10,"cod_territ":"10.10","logradouro":"RUA TENENTE CÉSAR","bairro":"SANTA CRUZ","cep":"23555235","fonte_geo":"unidades_unificadas"},"geometry":{"type":"Point","coordinates":[-43.704725,-22.924233]}},{"type":"Feature","properties":{"codigo_unidade":"1019015","nome":"EM PRINCESA ISABEL","tipo":"1","id_cre":10,"cod_territ":"10.11","logradouro":"TRAVESSA BOA VISTA","bairro":"SANTA CRUZ","cep":"23550020","fonte_geo":"unidades_unificadas"},"geometry":{"type":"Point","coordinates":[-43.693033,-22.923654]}},{"type":"Feature","properties":{"codigo_unidade":"1019016","nome":"EM ALDEBARÃ","tipo":"1","id_cre":10,"cod_territ":"10.14","logradouro":"AVENIDA ANTARES","bairro":"SANTA CRUZ","cep":"23510360","fonte_geo":"unidades_unificadas"},"geometry":{"type":"Point","coordinates":[-43.655483,-22.922357]}},{"type":"Feature","properties":{"codigo_unidade":"1019017","nome":"EM OTELO DE SOUZA REIS","tipo":"1","id_cre":10,"cod_territ":"10.14","logradouro":"AVENIDA ANTARES","bairro":"SANTA CRUZ","cep":"23510360","fonte_geo":"unidades_unificadas"},"geometry":{"type":"Point","coordinates":[-43.661595,-22.921614]}},{"type":"Feature","properties":{"codigo_unidade":"1019018","nome":"EM HAYDEA VIANNA FIUZA DE CASTRO","tipo":"1","id_cre":10,"cod_territ":"10.17","logradouro":"RUA SÃO GOMARIO","bairro":"SANTA CRUZ","cep":"23595060","fonte_geo":"unidades_unificadas"},"geometry":{"type":"Point","coordinates":[-43.650779,-22.930026]}},{"type":"Feature","properties":{"codigo_unidade":"1019019","nome":"EM FERNANDO DE AZEVEDO","tipo":"1","id_cre":10,"cod_territ":"10.11","logradouro":"TRAVESSA BOA VISTA","bairro":"SANTA CRUZ","cep":"23550020","fonte_geo":"unidades_unificadas"},"geometry":{"type":"Point","coordinates":[-43.692332,-22.923065]}},{"type":"Feature","properties":{"codigo_unidade":"1019020","nome":"EM PROFESSORA MARIA SANTIAGO","tipo":"1","id_cre":10,"cod_territ":"10.13","logradouro":"RUA FELIPE CARDOSO","bairro":"SANTA CRUZ","cep":"23510006","fonte_geo":"unidades_unificadas"},"geometry":{"type":"Point","coordinates":[-43.672493,-22.931881]}},{"type":"Feature","properties":{"codigo_unidade":"1019021","nome":"EM PROFESSORA SILVIA DE ARAUJO TOLEDO","tipo":"1","id_cre":10,"cod_territ":"10.15","logradouro":"AVENIDA CANAL TRÊS","bairro":"SANTA CRUZ","cep":"23595011","fonte_geo":"unidades_unificadas"},"geometry":{"type":"Point","coordinates":[-43.652899,-22.930111]}},{"type":"Feature","properties":{"codigo_unidade":"1019022","nome":"EM LUÍS CAETANO DE OLIVEIRA","tipo":"1","id_cre":10,"cod_territ":"10.15","logradouro":"RUA 54","bairro":"SANTA CRUZ","cep":"23595420","fonte_geo":"unidades_unificadas"},"geometry":{"type":"Point","coordinates":[-43.663626,-22.935914]}},{"type":"Feature","properties":{"codigo_unidade":"1019023","nome":"EM PESTALOZZI","tipo":"1","id_cre":10,"cod_territ":"10.12","logradouro":"RUA SEVERIANO DAS CHAGAS","bairro":"SANTA CRUZ","cep":"23570250","fonte_geo":"unidades_unificadas"},"geometry":{"type":"Point","coordinates":[-43.679753,-22.915717]}},{"type":"Feature","properties":{"codigo_unidade":"1019024","nome":"EM JÚLIO CESÁRIO DE MELO","tipo":"1","id_cre":10,"cod_territ":"10.21","logradouro":"ESTRADA DE SEPETIBA","bairro":"SANTA CRUZ","cep":"23525173","fonte_geo":"unidades_unificadas"},"geometry":{"type":"Point","coordinates":[-43.683277,-22.954248]}},{"type":"Feature","properties":{"codigo_unidade":"1019025","nome":"EM NAIR DA FONSECA","tipo":"1","id_cre":10,"cod_territ":"10.9","logradouro":"ESTRADA DE SEPETIBA","bairro":"SANTA CRUZ","cep":"23525173","fonte_geo":"unidades_unificadas"},"geometry":{"type":"Point","coordinates":[-43.70794,-22.968997]}},{"type":"Feature","properties":{"codigo_unidade":"1019026","nome":"EM NELSON ROMERO","tipo":"1","id_cre":10,"cod_territ":"10.9","logradouro":"RUA JOSÉ BALDINO","bairro":"SEPETIBA","cep":"23540044","fonte_geo":"unidades_unificadas"},"geometry":{"type":"Point","coordinates":[-43.697354,-22.971739]}},{"type":"Feature","properties":{"codigo_unidade":"1019027","nome":"EM FELIPE CAMARÃO","tipo":"1","id_cre":10,"cod_territ":"10.23","logradouro":"RUA JOSÉ FERNANDES","bairro":"SEPETIBA","cep":"23535450","fonte_geo":"unidades_unificadas"},"geometry":{"type":"Point","coordinates":[-43.694836,-22.976203]}},{"type":"Feature","properties":{"codigo_unidade":"1019028","nome":"EM PROFESSOR DARCY ARAÚJO DE MIRANDA","tipo":"1","id_cre":10,"cod_territ":"10.12","logradouro":"RUA SEVERIANO DAS CHAGAS","bairro":"SANTA CRUZ","cep":"23570250","fonte_geo":"unidades_unificadas"},"geometry":{"type":"Point","coordinates":[-43.679721,-22.916153]}},{"type":"Feature","properties":{"codigo_unidade":"1019029","nome":"EEM DOUTOR HÉLIO PELLEGRINO","tipo":"1","id_cre":10,"cod_territ":"10.11","logradouro":"RUA FELIPE CARDOSO","bairro":"SANTA CRUZ","cep":"23510001","fonte_geo":"unidades_unificadas"},"geometry":{"type":"Point","coordinates":[-43.680203,-22.921812]}},{"type":"Feature","properties":{"codigo_unidade":"1019030","nome":"EM PROFESSORA MARIA HELENA ALVES PORTILHO","tipo":"1","id_cre":10,"cod_territ":"10.8","logradouro":"RUA OITO","bairro":"SANTA CRUZ","cep":"23565447","fonte_geo":"unidades_unificadas"},"geometry":{"type":"Point","coordinates":[-43.722633,-22.899544]}},{"type":"Feature","properties":{"codigo_unidade":"1019031","nome":"EM MARECHAL PEDRO CAVALCANTI","tipo":"1","id_cre":10,"cod_territ":"10.18","logradouro":"RUA PORTO FIRME","bairro":"PACIÊNCIA","cep":"23585630","fonte_geo":"unidades_unificadas"},"geometry":{"type":"Point","coordinates":[-43.632891,-22.924853]}},{"type":"Feature","properties":{"codigo_unidade":"1019032","nome":"EM MIGUEL CALMON","tipo":"1","id_cre":10,"cod_territ":"10.18","logradouro":"ESTRADA SANTA EUGÊNIA","bairro":"PACIÊNCIA","cep":"23585430","fonte_geo":"unidades_unificadas"},"geometry":{"type":"Point","coordinates":[-43.634708,-22.922514]}},{"type":"Feature","properties":{"codigo_unidade":"1019033","nome":"EM ESPANHA","tipo":"1","id_cre":10,"cod_territ":"10.4","logradouro":"PRAÇA TARUMIRIM","bairro":"PACIÊNCIA","cep":"23580125","fonte_geo":"unidades_unificadas"},"geometry":{"type":"Point","coordinates":[-43.637119,-22.915106]}},{"type":"Feature","properties":{"codigo_unidade":"1019034","nome":"EM RIBEIRO COUTO","tipo":"1","id_cre":10,"cod_territ":"10.4","logradouro":"ESTRADA URUCÂNIA","bairro":"PACIÊNCIA","cep":"23580140","fonte_geo":"unidades_unificadas"},"geometry":{"type":"Point","coordinates":[-43.642174,-22.917662]}},{"type":"Feature","properties":{"codigo_unidade":"1019035","nome":"EM IPEG","tipo":"1","id_cre":10,"cod_territ":"10.3","logradouro":"RUA CABO SAULO DE VASCONCELOS","bairro":"PACIÊNCIA","cep":"23066070","fonte_geo":"unidades_unificadas"},"geometry":{"type":"Point","coordinates":[-43.638657,-22.886552]}},{"type":"Feature","properties":{"codigo_unidade":"1019036","nome":"EM DOUTOR JOSÉ ANTÔNIO CIRAUDO","tipo":"1","id_cre":10,"cod_territ":"10.4","logradouro":"ESTRADA DA PACIÊNCIA","bairro":"PACIÊNCIA","cep":"23580250","fonte_geo":"unidades_unificadas"},"geometry":{"type":"Point","coordinates":[-43.629766,-22.913933]}},{"type":"Feature","properties":{"codigo_unidade":"1019037","nome":"EM FRANCISCO CALDEIRA DE ALVARENGA","tipo":"1","id_cre":10,"cod_territ":"10.5","logradouro":"RUA WILSON DE SOUZA PINHEIRO","bairro":"PACIÊNCIA","cep":"23573120","fonte_geo":"unidades_unificadas"},"geometry":{"type":"Point","coordinates":[-43.651361,-22.913084]}},{"type":"Feature","properties":{"codigo_unidade":"1019038","nome":"EM PEDRO MOTA LIMA","tipo":"1","id_cre":10,"cod_territ":"10.4","logradouro":"\"  ESTRADA DE PACIENCIA \"","bairro":"COSMOS","cep":"23580250","fonte_geo":"unidades_unificadas"},"geometry":{"type":"Point","coordinates":[-43.61865,-22.905481]}},{"type":"Feature","properties":{"codigo_unidade":"1019039","nome":"EM PROFESSORA LEILA MEHL MENEZES DE MATTOS","tipo":"1","id_cre":10,"cod_territ":"10.1","logradouro":"AVENIDA MÁRIO PEREIRA (ANTIGA AVENIDA DO CANAL)","bairro":"PACIÊNCIA","cep":"23065470","fonte_geo":"unidades_unificadas"},"geometry":{"type":"Point","coordinates":[-43.627731,-22.873187]}},{"type":"Feature","properties":{"codigo_unidade":"1019040","nome":"EM GANDHI","tipo":"1","id_cre":10,"cod_territ":"10.1","logradouro":"RUA MARIA DAS GRAÇAS DA SILVA","bairro":"PACIÊNCIA","cep":"23065150","fonte_geo":"unidades_unificadas"},"geometry":{"type":"Point","coordinates":[-43.631244,-22.874872]}},{"type":"Feature","properties":{"codigo_unidade":"1019041","nome":"EM LOURDES DE LIMA ROCHA","tipo":"1","id_cre":10,"cod_territ":"10.5","logradouro":"ESTRADA ATERRADO DO LEME","bairro":"SANTA CRUZ","cep":"23575330","fonte_geo":"unidades_unificadas"},"geometry":{"type":"Point","coordinates":[-43.655043,-22.902129]}},{"type":"Feature","properties":{"codigo_unidade":"1019042","nome":"EM FRANKLIN TÁVORA","tipo":"1","id_cre":10,"cod_territ":"10.1","logradouro":"ESTRADA DOS PALMARES","bairro":"PACIÊNCIA","cep":"23065490","fonte_geo":"unidades_unificadas"},"geometry":{"type":"Point","coordinates":[-43.643683,-22.877873]}},{"type":"Feature","properties":{"codigo_unidade":"1019043","nome":"EM PROFESSORA FLÁVIA DOS SANTOS SOARES","tipo":"1","id_cre":10,"cod_territ":"10.5","logradouro":"RUA EUDALDO GOMES DA SILVA","bairro":"PACIÊNCIA","cep":"23573406","fonte_geo":"unidades_unificadas"},"geometry":{"type":"Point","coordinates":[-43.653436,-22.914027]}},{"type":"Feature","properties":{"codigo_unidade":"1019044","nome":"EM SÓCRATES GALVÊAS","tipo":"1","id_cre":10,"cod_territ":"10.10","logradouro":"RUA DO IMPÉRIO","bairro":"SANTA CRUZ","cep":"23555024","fonte_geo":"unidades_unificadas"},"geometry":{"type":"Point","coordinates":[-43.693579,-22.91836]}},{"type":"Feature","properties":{"codigo_unidade":"1019045","nome":"EM PONTE DOS JESUÍTAS","tipo":"1","id_cre":10,"cod_territ":"10.2","logradouro":"PRAÇA DOS JESUÍTAS","bairro":"SANTA CRUZ","cep":"23560135","fonte_geo":"unidades_unificadas"},"geometry":{"type":"Point","coordinates":[-43.676613,-22.873519]}},{"type":"Feature","properties":{"codigo_unidade":"1019046","nome":"EM PROFESSORA ZULMIRA TELLES DA COSTA","tipo":"1","id_cre":10,"cod_territ":"10.7","logradouro":"RUA CÍCERO CAVALCANTI PIRES","bairro":"SANTA CRUZ","cep":"23560450","fonte_geo":"unidades_unificadas"},"geometry":{"type":"Point","coordinates":[-43.71226,-22.901626]}},{"type":"Feature","properties":{"codigo_unidade":"1019047","nome":"EM JOAQUIM DA SILVA GOMES","tipo":"1","id_cre":10,"cod_territ":"10.6","logradouro":"RUA CAPITÃO LÓPES DORNELES","bairro":"SANTA CRUZ","cep":"23570120","fonte_geo":"unidades_unificadas"},"geometry":{"type":"Point","coordinates":[-43.688133,-22.910176]}},{"type":"Feature","properties":{"codigo_unidade":"1019048","nome":"EM JAPÃO","tipo":"1","id_cre":10,"cod_territ":"10.8","logradouro":"ESTRADA RETA DO RIO GRANDE","bairro":"SANTA CRUZ","cep":"23560390","fonte_geo":"unidades_unificadas"},"geometry":{"type":"Point","coordinates":[-43.718204,-22.902598]}},{"type":"Feature","properties":{"codigo_unidade":"1019049","nome":"EM MERALINA DE CASTRO","tipo":"1","id_cre":10,"cod_territ":"10.6","logradouro":"RUA CRAVOLANDIA","bairro":"SANTA CRUZ","cep":"23575061","fonte_geo":"unidades_unificadas"},"geometry":{"type":"Point","coordinates":[-43.681744,-22.90738]}},{"type":"Feature","properties":{"codigo_unidade":"1019050","nome":"EM ROBERTO COELHO","tipo":"1","id_cre":10,"cod_territ":"10.8","logradouro":"RUA BIOTITA","bairro":"SANTA CRUZ","cep":"23560780","fonte_geo":"unidades_unificadas"},"geometry":{"type":"Point","coordinates":[-43.713948,-22.895544]}},{"type":"Feature","properties":{"codigo_unidade":"1019051","nome":"EM MARINHEIRO JOÃO CÂNDIDO","tipo":"1","id_cre":10,"cod_territ":"10.7","logradouro":"\"  RUA 1 S/N°\"","bairro":"SANTA CRUZ","cep":"23560419","fonte_geo":"unidades_unificadas"},"geometry":{"type":"Point","coordinates":[-43.70352,-22.899961]}},{"type":"Feature","properties":{"codigo_unidade":"1019052","nome":"EM LIBERDADE","tipo":"1","id_cre":10,"cod_territ":"10.7","logradouro":"AVENIDA JOÃO XXIII, RUA 13","bairro":"SANTA CRUZ","cep":"23560375","fonte_geo":"unidades_unificadas"},"geometry":{"type":"Point","coordinates":[-43.708611,-22.903583]}},{"type":"Feature","properties":{"codigo_unidade":"1019053","nome":"EM EMILIANO GALDINO","tipo":"1","id_cre":10,"cod_territ":"10.6","logradouro":"RUA CONCEIÇAO DE IPANEMA","bairro":"SANTA CRUZ","cep":"23575080","fonte_geo":"unidades_unificadas"},"geometry":{"type":"Point","coordinates":[-43.672563,-22.904179]}},{"type":"Feature","properties":{"codigo_unidade":"1019054","nome":"EM ADALGISA NERY","tipo":"1","id_cre":10,"cod_territ":"10.8","logradouro":"RUA EDUARDO DE AGUIAR FILHO","bairro":"SANTA CRUZ","cep":"23565290","fonte_geo":"unidades_unificadas"},"geometry":{"type":"Point","coordinates":[-43.716315,-22.88881]}},{"type":"Feature","properties":{"codigo_unidade":"1019055","nome":"EM SINDICALISTA CHICO MENDES","tipo":"1","id_cre":10,"cod_territ":"10.7","logradouro":"AVENIDA JOÃO XXIII","bairro":"SANTA CRUZ","cep":"23560352","fonte_geo":"unidades_unificadas"},"geometry":{"type":"Point","coordinates":[-43.702841,-22.907198]}},{"type":"Feature","properties":{"codigo_unidade":"1019056","nome":"EM PROFESSORA SONIA MOTA MOLISANI","tipo":"1","id_cre":10,"cod_territ":"10.18","logradouro":"ESTRADA SANTA EUGÊNIA","bairro":"PACIÊNCIA","cep":"23585430","fonte_geo":"unidades_unificadas"},"geometry":{"type":"Point","coordinates":[-43.635098,-22.928067]}},{"type":"Feature","properties":{"codigo_unidade":"1019057","nome":"EM PROFESSORA DIONE FREITAS FELISBERTO DE CARVALHO","tipo":"1","id_cre":10,"cod_territ":"10.6","logradouro":"AVENIDA PADRE GUILHERME DECAMINADA","bairro":"SANTA CRUZ","cep":"23575000","fonte_geo":"unidades_unificadas"},"geometry":{"type":"Point","coordinates":[-43.687676,-22.910503]}},{"type":"Feature","properties":{"codigo_unidade":"1019058","nome":"EM JORNALISTA CARLOS CASTELO BRANCO","tipo":"1","id_cre":10,"cod_territ":"10.4","logradouro":"RUA M","bairro":"PACIÊNCIA","cep":"23580312","fonte_geo":"unidades_unificadas"},"geometry":{"type":"Point","coordinates":[-43.62358,-22.91217]}},{"type":"Feature","properties":{"codigo_unidade":"1019059","nome":"EM PROFESSOR JORGE GONÇALVES FARINHA","tipo":"1","id_cre":10,"cod_territ":"10.16","logradouro":"\"AV. CESARIO DE MELO \"","bairro":"\"SANTA CRUZ \"","cep":"23595040","fonte_geo":"unidades_unificadas"},"geometry":{"type":"Point","coordinates":[-43.65817,-22.932485]}},{"type":"Feature","properties":{"codigo_unidade":"1019060","nome":"EM MANOEL PORTO FILHO","tipo":"1","id_cre":10,"cod_territ":"10.19","logradouro":"RUA PIRAPETINGA","bairro":"PACIÊNCIA","cep":"23585670","fonte_geo":"unidades_unificadas"},"geometry":{"type":"Point","coordinates":[-43.630611,-22.920959]}},{"type":"Feature","properties":{"codigo_unidade":"1019062","nome":"EM PROFESSORA ZÉLIA CAROLINA DA SILVA PINHO","tipo":"1","id_cre":10,"cod_territ":"10.13","logradouro":"RUA FELIPE CARDOSO","bairro":"SANTA CRUZ","cep":"23520572","fonte_geo":"unidades_unificadas"},"geometry":{"type":"Point","coordinates":[-43.677161,-22.928048]}},{"type":"Feature","properties":{"codigo_unidade":"1019064","nome":"EM ÁLVARO VALLE","tipo":"1","id_cre":10,"cod_territ":"10.12","logradouro":"RUA LINHA DE AUSTIN","bairro":"SANTA CRUZ","cep":"23570360","fonte_geo":"unidades_unificadas"},"geometry":{"type":"Point","coordinates":[-43.670867,-22.914899]}},{"type":"Feature","properties":{"codigo_unidade":"1019065","nome":"EM MARIO LAGO","tipo":"1","id_cre":10,"cod_territ":"10.1","logradouro":"RUA NILTON DE SOUZA FILHO","bairro":"PACIÊNCIA","cep":"23065020","fonte_geo":"unidades_unificadas"},"geometry":{"type":"Point","coordinates":[-43.631001,-22.872463]}},{"type":"Feature","properties":{"codigo_unidade":"1019072","nome":"EM MARIA DE JESUS OLIVEIRA","tipo":"1","id_cre":10,"cod_territ":"10.6","logradouro":"RUA CONCEIÇÃO DE IPANEMA","bairro":"SANTA CRUZ","cep":"23575080","fonte_geo":"unidades_unificadas"},"geometry":{"type":"Point","coordinates":[-43.671995,-22.904563]}},{"type":"Feature","properties":{"codigo_unidade":"1019073","nome":"EM PROFESSOR FRANCISCO JOSÉ ANTÔNIO","tipo":"1","id_cre":10,"cod_territ":"10.16","logradouro":"VIA A 4","bairro":"SANTA CRUZ","cep":"23525250","fonte_geo":"unidades_unificadas"},"geometry":{"type":"Point","coordinates":[-43.666541,-22.941175]}},{"type":"Feature","properties":{"codigo_unidade":"1019074","nome":"EM RICARDO BRENTANI","tipo":"1","id_cre":10,"cod_territ":"10.2","logradouro":"RUA JORGE GOULART (CANTOR)","bairro":"SANTA CRUZ","cep":"23575278","fonte_geo":"unidades_unificadas"},"geometry":{"type":"Point","coordinates":[-43.69004,-22.891649]}},{"type":"Feature","properties":{"codigo_unidade":"1019075","nome":"EM ROBERTO CIVITA","tipo":"1","id_cre":10,"cod_territ":"10.2","logradouro":"ESTRADA DOS PALMARES","bairro":"SANTA CRUZ","cep":"23575275","fonte_geo":"unidades_unificadas"},"geometry":{"type":"Point","coordinates":[-43.666848,-22.884911]}},{"type":"Feature","properties":{"codigo_unidade":"1019076","nome":"EM EULALIA RODRIGUES DE OLIVEIRA VIEIRA","tipo":"1","id_cre":10,"cod_territ":"10.10","logradouro":"RUA PRADO JUNIOR","bairro":"SANTA CRUZ","cep":"23550101","fonte_geo":"unidades_unificadas"},"geometry":{"type":"Point","coordinates":[-43.700954,-22.921046]}},{"type":"Feature","properties":{"codigo_unidade":"1019077","nome":"EM PROFESSOR CARMO REIS NETO CARMO","tipo":"4","id_cre":null,"cod_territ":null,"logradouro":null,"bairro":null,"cep":null,"fonte_geo":"ausente"},"geometry":null},{"type":"Feature","properties":{"codigo_unidade":"1019078","nome":"EM PARALIMPÍADAS RIO 2016","tipo":"1","id_cre":10,"cod_territ":"10.21","logradouro":"ESTRADA DE SEPETIBA","bairro":"SANTA CRUZ","cep":"23525173","fonte_geo":"unidades_unificadas"},"geometry":{"type":"Point","coordinates":[-43.688852,-22.957041]}},{"type":"Feature","properties":{"codigo_unidade":"1019079","nome":"EM EMILINHA BORBA","tipo":"1","id_cre":10,"cod_territ":"10.21","logradouro":"ESTRADA DE SEPETIBA","bairro":"SANTA CRUZ","cep":"23525173","fonte_geo":"unidades_unificadas"},"geometry":{"type":"Point","coordinates":[-43.683572,-22.954631]}},{"type":"Feature","properties":{"codigo_unidade":"1019080","nome":"EM PROFESSOR NEEMIAS RODRIGUES DE MELLO","tipo":"1","id_cre":10,"cod_territ":"10.21","logradouro":"ESTRADA DE SEPETIBA","bairro":"SANTA CRUZ","cep":"23525173","fonte_geo":"unidades_unificadas"},"geometry":{"type":"Point","coordinates":[-43.684136,-22.954343]}},{"type":"Feature","properties":{"codigo_unidade":"1019081","nome":"EM WALQUIR PEREIRA","tipo":"1","id_cre":10,"cod_territ":"10.21","logradouro":"ESTRADA DE SEPETIBA","bairro":"SANTA CRUZ","cep":"23525173","fonte_geo":"unidades_unificadas"},"geometry":{"type":"Point","coordinates":[-43.686746,-22.956014]}},{"type":"Feature","properties":{"codigo_unidade":"1019082","nome":"EM PROFESSORA CLARA LUCIA DE SOUSA","tipo":"1","id_cre":10,"cod_territ":"10.21","logradouro":"\"ESTRADA DE SEPETIBA \"","bairro":"SANTA CRUZ","cep":"23525173","fonte_geo":"unidades_unificadas"},"geometry":{"type":"Point","coordinates":[-43.686189,-22.955531]}},{"type":"Feature","properties":{"codigo_unidade":"1019084","nome":"EM MEDALHISTA OLÍMPICO ROBSON DONATO CONCEIÇÃO","tipo":"1","id_cre":10,"cod_territ":"10.15","logradouro":"AVENIDA CESÁRIO DE MELO","bairro":"SANTA CRUZ","cep":"23595040","fonte_geo":"unidades_unificadas"},"geometry":{"type":"Point","coordinates":[-43.659356,-22.93314]}},{"type":"Feature","properties":{"codigo_unidade":"1019085","nome":"EM MEDALHISTA OLÍMPICO THIAGO BRAZ DA SILVA","tipo":"1","id_cre":10,"cod_territ":"10.15","logradouro":"AV. CESÁRIO DE MELO","bairro":"SANTA CRUZ","cep":"23595040","fonte_geo":"unidades_unificadas"},"geometry":{"type":"Point","coordinates":[-43.659387,-22.933611]}},{"type":"Feature","properties":{"codigo_unidade":"1019086","nome":"EM ARMANDO KLABIN","tipo":"1","id_cre":10,"cod_territ":"10.10","logradouro":"RUA CANTOR JORGE GOULART","bairro":"SANTA CRUZ","cep":"23575278","fonte_geo":"unidades_unificadas"},"geometry":{"type":"Point","coordinates":[-43.66096,-22.88302]}},{"type":"Feature","properties":{"codigo_unidade":"1019089","nome":"EM IVO PITANGUY","tipo":"1","id_cre":10,"cod_territ":"10.18","logradouro":"RUA 07","bairro":"PACIÊNCIA","cep":"23066180","fonte_geo":"unidades_unificadas"},"geometry":{"type":"Point","coordinates":[-43.635543,-22.887578]}},{"type":"Feature","properties":{"codigo_unidade":"1019091","nome":"EM DA RUA WILSON DE SOUZA PINHEIRO","tipo":"4","id_cre":null,"cod_territ":null,"logradouro":null,"bairro":null,"cep":null,"fonte_geo":"ausente"},"geometry":null},{"type":"Feature","properties":{"codigo_unidade":"1019092","nome":"EM VERA LUCIA CHAVES DA COSTA","tipo":"1","id_cre":10,"cod_territ":"10.5","logradouro":"RUA WILSON  SOUZA PINHEIRO","bairro":"PACIÊNCIA","cep":"23573120","fonte_geo":"unidades_unificadas"},"geometry":{"type":"Point","coordinates":[-43.652929,-22.917174]}},{"type":"Feature","properties":{"codigo_unidade":"1019201","nome":"CIEP MINISTRO MARCOS FREIRE","tipo":"1","id_cre":10,"cod_territ":"10.23","logradouro":"RUA JOSÉ FERNANDES","bairro":"SEPETIBA","cep":"23535450","fonte_geo":"unidades_unificadas"},"geometry":{"type":"Point","coordinates":[-43.694281,-22.975299]}},{"type":"Feature","properties":{"codigo_unidade":"1019202","nome":"CIEP ISMAEL NERY","tipo":"1","id_cre":10,"cod_territ":"10.15","logradouro":"AVENIDA CESÁRIO DE MELO","bairro":"SANTA CRUZ","cep":"23595040","fonte_geo":"unidades_unificadas"},"geometry":{"type":"Point","coordinates":[-43.66213,-22.934157]}},{"type":"Feature","properties":{"codigo_unidade":"1019205","nome":"CIEP ROBERTO MORENA","tipo":"1","id_cre":10,"cod_territ":"10.17","logradouro":"\" AV. CESÁRIO DE MELO \"","bairro":"PACIÊNCIA","cep":"23585125","fonte_geo":"unidades_unificadas"},"geometry":{"type":"Point","coordinates":[-43.645025,-22.921995]}},{"type":"Feature","properties":{"codigo_unidade":"1019206","nome":"CIEP BARÃO DE ITARARÉ","tipo":"1","id_cre":10,"cod_territ":"10.11","logradouro":"RUA VÍTOR DUMAS","bairro":"SANTA CRUZ","cep":"23550540","fonte_geo":"unidades_unificadas"},"geometry":{"type":"Point","coordinates":[-43.694061,-22.927288]}},{"type":"Feature","properties":{"codigo_unidade":"1019207","nome":"CIEP DEPUTADO ULYSSES GUIMARÃES","tipo":"1","id_cre":10,"cod_territ":"10.23","logradouro":"RUA JOSÉ FERNANDES","bairro":"SEPETIBA","cep":"23535450","fonte_geo":"unidades_unificadas"},"geometry":{"type":"Point","coordinates":[-43.693063,-22.975171]}},{"type":"Feature","properties":{"codigo_unidade":"1019209","nome":"CIEP PAPA JOÃO XXIII","tipo":"1","id_cre":10,"cod_territ":"10.7","logradouro":"\" AVENIDA JOÃO XXII\"","bairro":"SANTA CRUZ","cep":"23560352","fonte_geo":"unidades_unificadas"},"geometry":{"type":"Point","coordinates":[-43.703701,-22.906702]}},{"type":"Feature","properties":{"codigo_unidade":"1019210","nome":"CIEP ALBERTO PASQUALINE","tipo":"1","id_cre":10,"cod_territ":"10.5","logradouro":"RUA NELSON PIAUHY DOURADO","bairro":"PACIÊNCIA","cep":"23570420","fonte_geo":"unidades_unificadas"},"geometry":{"type":"Point","coordinates":[-43.65646,-22.913189]}},{"type":"Feature","properties":{"codigo_unidade":"1019211","nome":"CIEP MAJOR MANUEL GOMES ARCHER","tipo":"1","id_cre":10,"cod_territ":"10.3","logradouro":"RUA CABO SAULO DE VASCONCELOS","bairro":"PACIÊNCIA","cep":"23066070","fonte_geo":"unidades_unificadas"},"geometry":{"type":"Point","coordinates":[-43.638052,-22.888549]}},{"type":"Feature","properties":{"codigo_unidade":"1019501","nome":"CIEP 1º DE MAIO","tipo":"1","id_cre":10,"cod_territ":"10.12","logradouro":"AVENIDA ANTARES","bairro":"SANTA CRUZ","cep":"23510360","fonte_geo":"unidades_unificadas"},"geometry":{"type":"Point","coordinates":[-43.669415,-22.922033]}},{"type":"Feature","properties":{"codigo_unidade":"1019502","nome":"CIEP MAESTRO HEITOR VILLA LOBOS","tipo":"1","id_cre":10,"cod_territ":"10.14","logradouro":"\"AV. ANTARES - \"","bairro":"SANTA CRUZ","cep":"23590012","fonte_geo":"unidades_unificadas"},"geometry":{"type":"Point","coordinates":[-43.653253,-22.921571]}},{"type":"Feature","properties":{"codigo_unidade":"1019503","nome":"CIEP DR. NELSON HUNGRIA","tipo":"1","id_cre":10,"cod_territ":"10.19","logradouro":"RUA ANTONIO J. MACHADO","bairro":"PACIÊNCIA","cep":"23587610","fonte_geo":"unidades_unificadas"},"geometry":{"type":"Point","coordinates":[-43.625586,-22.92208]}},{"type":"Feature","properties":{"codigo_unidade":"1019601","nome":"CM SEMPRE VIDA VALE DO SOL","tipo":"1","id_cre":10,"cod_territ":"10.7","logradouro":"\"ESTRADA DO GUANDU \"","bairro":"SANTA CRUZ","cep":"23560150","fonte_geo":"unidades_unificadas"},"geometry":{"type":"Point","coordinates":[-43.705841,-22.903021]}},{"type":"Feature","properties":{"codigo_unidade":"1019602","nome":"CM SEMPRE VIDA ANTARES","tipo":"1","id_cre":10,"cod_territ":"10.14","logradouro":"AVENIDA ANTARES","bairro":"SANTA CRUZ","cep":"23510360","fonte_geo":"unidades_unificadas"},"geometry":{"type":"Point","coordinates":[-43.662102,-22.92138]}},{"type":"Feature","properties":{"codigo_unidade":"1019603","nome":"CM JARDIM DOS VIEIRAS","tipo":"1","id_cre":10,"cod_territ":"10.19","logradouro":"ESTRADA DOS VIEIRAS","bairro":"PACIÊNCIA","cep":"23587610","fonte_geo":"unidades_unificadas"},"geometry":{"type":"Point","coordinates":[-43.628443,-22.924192]}},{"type":"Feature","properties":{"codigo_unidade":"1019604","nome":"CM AYRTON SENNA","tipo":"1","id_cre":10,"cod_territ":"10.7","logradouro":"RUA DEZOITO","bairro":"SANTA CRUZ","cep":"23560150","fonte_geo":"unidades_unificadas"},"geometry":{"type":"Point","coordinates":[-43.705531,-22.902828]}},{"type":"Feature","properties":{"codigo_unidade":"1019605","nome":"CM MARLENE DA SILVA CARDOSO","tipo":"1","id_cre":10,"cod_territ":"10.16","logradouro":"RUA SETE","bairro":"SANTA CRUZ","cep":"23595001","fonte_geo":"unidades_unificadas"},"geometry":{"type":"Point","coordinates":[-43.658363,-22.932954]}},{"type":"Feature","properties":{"codigo_unidade":"1019606","nome":"CM TRINTA E UM DE OUTUBRO","tipo":"1","id_cre":10,"cod_territ":"10.4","logradouro":"AVENIDA CONTORNO","bairro":"PACIÊNCIA","cep":"23585808","fonte_geo":"unidades_unificadas"},"geometry":{"type":"Point","coordinates":[-43.637215,-22.917668]}},{"type":"Feature","properties":{"codigo_unidade":"1019607","nome":"CM ADALTO BASTOS","tipo":"1","id_cre":10,"cod_territ":"10.18","logradouro":"ESTRADA SANTA EUGÊNIA","bairro":"PACIÊNCIA","cep":"23585430","fonte_geo":"unidades_unificadas"},"geometry":{"type":"Point","coordinates":[-43.634912,-22.927505]}},{"type":"Feature","properties":{"codigo_unidade":"1019608","nome":"CM AMANHECER DE LUZ","tipo":"1","id_cre":10,"cod_territ":"10.7","logradouro":"RUA DOURIVAL MONTEIRO DA SILVA","bairro":"SANTA CRUZ","cep":"23560460","fonte_geo":"unidades_unificadas"},"geometry":{"type":"Point","coordinates":[-43.708833,-22.903894]}},{"type":"Feature","properties":{"codigo_unidade":"1019609","nome":"CM CANTINHO DA TIA DOLORES","tipo":"1","id_cre":10,"cod_territ":"10.8","logradouro":"RUA EDUARDO DE AGUIAR FILHO","bairro":"SANTA CRUZ","cep":"23565290","fonte_geo":"unidades_unificadas"},"geometry":{"type":"Point","coordinates":[-43.715865,-22.888959]}},{"type":"Feature","properties":{"codigo_unidade":"1019610","nome":"CM CHAVE DO TAMANHO","tipo":"1","id_cre":10,"cod_territ":"10.23","logradouro":"ESTRADA SÃO TARCISIO","bairro":"SEPETIBA","cep":"23530827","fonte_geo":"unidades_unificadas"},"geometry":{"type":"Point","coordinates":[-43.681585,-22.979983]}},{"type":"Feature","properties":{"codigo_unidade":"1019611","nome":"CM CRIANÇA FELIZ","tipo":"1","id_cre":10,"cod_territ":"10.12","logradouro":"TRAVESSA CAMPOS","bairro":"SANTA CRUZ","cep":"23510290","fonte_geo":"unidades_unificadas"},"geometry":{"type":"Point","coordinates":[-43.672089,-22.918625]}},{"type":"Feature","properties":{"codigo_unidade":"1019612","nome":"CM DANIELA PEREZ","tipo":"1","id_cre":10,"cod_territ":"10.17","logradouro":"RUA TRÊS PONTES","bairro":"PACIÊNCIA","cep":"23595590","fonte_geo":"unidades_unificadas"},"geometry":{"type":"Point","coordinates":[-43.644761,-22.924633]}},{"type":"Feature","properties":{"codigo_unidade":"1019613","nome":"CM DJANIRA MARIA RAMOS","tipo":"1","id_cre":10,"cod_territ":"10.17","logradouro":"RUA CANTINHO DA BAHIA","bairro":"PACIÊNCIA","cep":"23585806","fonte_geo":"unidades_unificadas"},"geometry":{"type":"Point","coordinates":[-43.641091,-22.926768]}},{"type":"Feature","properties":{"codigo_unidade":"1019614","nome":"CM INSPETOR HERALDO CARVALHO DE SOUSA","tipo":"1","id_cre":10,"cod_territ":"10.1","logradouro":"RUA ANDRE SPINELI","bairro":"PACIÊNCIA","cep":"23065280","fonte_geo":"unidades_unificadas"},"geometry":{"type":"Point","coordinates":[-43.631461,-22.874263]}},{"type":"Feature","properties":{"codigo_unidade":"1019615","nome":"CM MARCOLINA","tipo":"1","id_cre":10,"cod_territ":"10.15","logradouro":"TRAVESSA MARCOLINO","bairro":"SANTA CRUZ","cep":"23591250","fonte_geo":"unidades_unificadas"},"geometry":{"type":"Point","coordinates":[-43.662555,-22.929635]}},{"type":"Feature","properties":{"codigo_unidade":"1019616","nome":"CM MARIA HELENA PAPERA MONTEIRO","tipo":"1","id_cre":10,"cod_territ":"10.17","logradouro":"RUA MASSAPÊ","bairro":"SANTA CRUZ","cep":"23595070","fonte_geo":"unidades_unificadas"},"geometry":{"type":"Point","coordinates":[-43.650062,-22.93332]}},{"type":"Feature","properties":{"codigo_unidade":"1019617","nome":"CM NAIR DA FONSECA","tipo":"4","id_cre":null,"cod_territ":null,"logradouro":null,"bairro":null,"cep":null,"fonte_geo":"ausente"},"geometry":null},{"type":"Feature","properties":{"codigo_unidade":"1019618","nome":"CM LEUZA MARINS NOVAES S. SANTOS","tipo":"1","id_cre":10,"cod_territ":"10.7","logradouro":"\"RUA MANOEL LOURENÇO DOS SANTOS \"","bairro":"SANTA CRUZ","cep":"23560320","fonte_geo":"unidades_unificadas"},"geometry":{"type":"Point","coordinates":[-43.701708,-22.904981]}},{"type":"Feature","properties":{"codigo_unidade":"1019619","nome":"CM SANTA TEREZINHA","tipo":"1","id_cre":10,"cod_territ":"10.8","logradouro":"AVENIDA JOÃO XXIII","bairro":"SANTA CRUZ","cep":"23565235","fonte_geo":"unidades_unificadas"},"geometry":{"type":"Point","coordinates":[-43.723326,-22.900768]}},{"type":"Feature","properties":{"codigo_unidade":"1019620","nome":"CM SEMENTINHA DO AMOR","tipo":"1","id_cre":10,"cod_territ":"10.12","logradouro":"TRAVESSA ROCHA LIMA","bairro":"SANTA CRUZ","cep":"23510300","fonte_geo":"unidades_unificadas"},"geometry":{"type":"Point","coordinates":[-43.672904,-22.920081]}},{"type":"Feature","properties":{"codigo_unidade":"1019621","nome":"CM SEMPRE VIDA ESTRELA DO ALAGADO","tipo":"1","id_cre":10,"cod_territ":"10.23","logradouro":"RUA RAFAEL PEREIRA","bairro":"SEPETIBA","cep":"23535808","fonte_geo":"unidades_unificadas"},"geometry":{"type":"Point","coordinates":[-43.693244,-22.974872]}},{"type":"Feature","properties":{"codigo_unidade":"1019622","nome":"CM SEMPRE VIDA PARQUE DE SANTA CRUZ","tipo":"1","id_cre":10,"cod_territ":"10.13","logradouro":"RUA PEDRO PEREIRA DA SILVA","bairro":"SANTA CRUZ","cep":"23520317","fonte_geo":"unidades_unificadas"},"geometry":{"type":"Point","coordinates":[-43.676308,-22.934611]}},{"type":"Feature","properties":{"codigo_unidade":"1019623","nome":"CM SEMPRE VIDA TERRA DA PAZ","tipo":"1","id_cre":10,"cod_territ":"10.19","logradouro":"RUA PARA SEMPRE - LOTEAMENTO MADEAN","bairro":"PACIÊNCIA","cep":"23585780","fonte_geo":"unidades_unificadas"},"geometry":{"type":"Point","coordinates":[-43.630065,-22.921142]}},{"type":"Feature","properties":{"codigo_unidade":"1019624","nome":"CM ZACARIAS - O TRAPALHÃO","tipo":"1","id_cre":10,"cod_territ":"10.7","logradouro":"AV. JOÃO XXIII","bairro":"SANTA CRUZ","cep":"23570000","fonte_geo":"unidades_unificadas"},"geometry":{"type":"Point","coordinates":[-43.714566,-22.903753]}},{"type":"Feature","properties":{"codigo_unidade":"1019625","nome":"CM NARIZINHO","tipo":"1","id_cre":10,"cod_territ":"10.20","logradouro":"RUA VINTE E OITO","bairro":"SEPETIBA","cep":"23547280","fonte_geo":"unidades_unificadas"},"geometry":{"type":"Point","coordinates":[-43.689819,-22.961619]}},{"type":"Feature","properties":{"codigo_unidade":"1019626","nome":"CM PEDRINHO","tipo":"1","id_cre":10,"cod_territ":"10.21","logradouro":"\" ESTRADA DA ESTIVA\"","bairro":"SEPETIBA","cep":"23530075","fonte_geo":"unidades_unificadas"},"geometry":{"type":"Point","coordinates":[-43.68282,-22.958718]}},{"type":"Feature","properties":{"codigo_unidade":"1019627","nome":"CM VOVÓ BENTA","tipo":"1","id_cre":10,"cod_territ":"10.20","logradouro":"RUA SETE","bairro":"SEPETIBA","cep":"23547070","fonte_geo":"unidades_unificadas"},"geometry":{"type":"Point","coordinates":[-43.691301,-22.956258]}},{"type":"Feature","properties":{"codigo_unidade":"1019628","nome":"CM IRINÉA DOS SANTOS PAIVA","tipo":"1","id_cre":10,"cod_territ":"10.12","logradouro":"RUA DOUTOR CONTINENTINO","bairro":"SANTA CRUZ","cep":"23510190","fonte_geo":"unidades_unificadas"},"geometry":{"type":"Point","coordinates":[-43.673065,-22.926998]}},{"type":"Feature","properties":{"codigo_unidade":"1019630","nome":"CM ESTRELA DALVA","tipo":"1","id_cre":10,"cod_territ":"10.6","logradouro":"ESTRADA BOA ESPERANÇA","bairro":"SANTA CRUZ","cep":"23575381","fonte_geo":"unidades_unificadas"},"geometry":{"type":"Point","coordinates":[-43.667708,-22.911519]}},{"type":"Feature","properties":{"codigo_unidade":"1019631","nome":"CM TIA HILDA MACEDO","tipo":"1","id_cre":10,"cod_territ":"10.5","logradouro":"RUA NELSON PIAUHY DOURADO","bairro":"PACIÊNCIA","cep":"23570420","fonte_geo":"unidades_unificadas"},"geometry":{"type":"Point","coordinates":[-43.654573,-22.911349]}},{"type":"Feature","properties":{"codigo_unidade":"1019632","nome":"CM MIRIAM PIRES","tipo":"1","id_cre":10,"cod_territ":"10.3","logradouro":"RUA NOVE","bairro":"PACIÊNCIA","cep":"23066180","fonte_geo":"unidades_unificadas"},"geometry":{"type":"Point","coordinates":[-43.635612,-22.888021]}},{"type":"Feature","properties":{"codigo_unidade":"1019633","nome":"CM MERILUCE DE OLIVEIRA MÜLLER","tipo":"1","id_cre":10,"cod_territ":"10.21","logradouro":"RUA CINCINATO DE FREITAS","bairro":"SANTA CRUZ","cep":"23525150","fonte_geo":"unidades_unificadas"},"geometry":{"type":"Point","coordinates":[-43.681028,-22.946388]}},{"type":"Feature","properties":{"codigo_unidade":"1019801","nome":"EDI SARGENTO IZO GOMES PATRÍCIO","tipo":"1","id_cre":10,"cod_territ":"10.5","logradouro":"RUA NELSON PIAUHY DOURADO","bairro":"PACIÊNCIA","cep":"23570420","fonte_geo":"unidades_unificadas"},"geometry":{"type":"Point","coordinates":[-43.656075,-22.913409]}},{"type":"Feature","properties":{"codigo_unidade":"1019802","nome":"EDI LARISSA DOS SANTOS ATANAZIO","tipo":"1","id_cre":10,"cod_territ":"10.17","logradouro":"\" AV. CESÁRIO DE MELO \"","bairro":"PACIÊNCIA","cep":"23585125","fonte_geo":"unidades_unificadas"},"geometry":{"type":"Point","coordinates":[-43.645341,-22.921659]}},{"type":"Feature","properties":{"codigo_unidade":"1019803","nome":"EDI LARYSSA SILVA MARTINS","tipo":"1","id_cre":10,"cod_territ":"10.7","logradouro":"RUA JOSÉ VIDAL DA COSTA","bairro":"SANTA CRUZ","cep":"23560330","fonte_geo":"unidades_unificadas"},"geometry":{"type":"Point","coordinates":[-43.701722,-22.907539]}},{"type":"Feature","properties":{"codigo_unidade":"1019804","nome":"EDI PROFESSORA MARIA LUIZA JOBIM DE QUEIROZ","tipo":"1","id_cre":10,"cod_territ":"10.23","logradouro":"RUA FREDERICO TROTA","bairro":"SEPETIBA","cep":"23535790","fonte_geo":"unidades_unificadas"},"geometry":{"type":"Point","coordinates":[-43.694065,-22.97679]}},{"type":"Feature","properties":{"codigo_unidade":"1019805","nome":"EDI PROFESSOR CELSO DE ALMEIDA CHAVES","tipo":"1","id_cre":10,"cod_territ":"10.11","logradouro":"RUA BARÃO DE LORETO","bairro":"SANTA CRUZ","cep":"23550080","fonte_geo":"unidades_unificadas"},"geometry":{"type":"Point","coordinates":[-43.690049,-22.925165]}},{"type":"Feature","properties":{"codigo_unidade":"1019806","nome":"EDI PROFESSOR RUBEM GONÇALVES","tipo":"1","id_cre":10,"cod_territ":"10.2","logradouro":"\" ESTRADA ATERRADO DO LEME\"","bairro":"SANTA CRUZ","cep":"23575330","fonte_geo":"unidades_unificadas"},"geometry":{"type":"Point","coordinates":[-43.66621,-22.886309]}},{"type":"Feature","properties":{"codigo_unidade":"1019807","nome":"EDI PROFESSOR ANTONIO ALFREDO MERCADANTE","tipo":"1","id_cre":10,"cod_territ":"10.2","logradouro":"\"ESTRADA ATERRADO DO LEME \"","bairro":"SANTA CRUZ","cep":"23575275","fonte_geo":"unidades_unificadas"},"geometry":{"type":"Point","coordinates":[-43.661004,-22.883481]}},{"type":"Feature","properties":{"codigo_unidade":"1019808","nome":"EDI GEÓGRAFO AZIZ AB' SABER","tipo":"1","id_cre":10,"cod_territ":"10.3","logradouro":"\" ESTRADA  DO FURADO \"","bairro":"PACIÊNCIA","cep":"23066260","fonte_geo":"unidades_unificadas"},"geometry":{"type":"Point","coordinates":[-43.6386,-22.894294]}},{"type":"Feature","properties":{"codigo_unidade":"1019809","nome":"EDI PROFESSORA CARMEN FRAGA DE ARAÚJO","tipo":"1","id_cre":10,"cod_territ":"10.13","logradouro":"RUA CARVALHO SANTOS","bairro":"SANTA CRUZ","cep":"23520680","fonte_geo":"unidades_unificadas"},"geometry":{"type":"Point","coordinates":[-43.68028,-22.940353]}},{"type":"Feature","properties":{"codigo_unidade":"1019810","nome":"EDI PROFESSORA ROSELE NICOLAU JORGE COUTINHO","tipo":"1","id_cre":10,"cod_territ":"10.12","logradouro":"RUA MAURÍCIO CALDEIRA DE ALVARENGA - URUCÂNIA","bairro":"SANTA CRUZ","cep":"23570341","fonte_geo":"unidades_unificadas"},"geometry":{"type":"Point","coordinates":[-43.671305,-22.914425]}},{"type":"Feature","properties":{"codigo_unidade":"1019811","nome":"EDI PROFESSORA RAQUEL KELLY LANERA","tipo":"1","id_cre":10,"cod_territ":"10.1","logradouro":"ESTRADA MANGUARIBA","bairro":"PACIÊNCIA","cep":"23065000","fonte_geo":"unidades_unificadas"},"geometry":{"type":"Point","coordinates":[-43.634503,-22.87566]}},{"type":"Feature","properties":{"codigo_unidade":"1019812","nome":"EDI ELIZABETH PAPERA","tipo":"1","id_cre":10,"cod_territ":"10.4","logradouro":"RUA ENGENHEIRO CANTARINO MOTA","bairro":"PACIÊNCIA","cep":"23587000","fonte_geo":"unidades_unificadas"},"geometry":{"type":"Point","coordinates":[-43.63299,-22.917908]}},{"type":"Feature","properties":{"codigo_unidade":"1019813","nome":"EDI GOUVEIAS","tipo":"1","id_cre":10,"cod_territ":"10.19","logradouro":"RUA ARMANDO FRUTUOSO","bairro":"PACIÊNCIA","cep":"23587200","fonte_geo":"unidades_unificadas"},"geometry":{"type":"Point","coordinates":[-43.623642,-22.920621]}},{"type":"Feature","properties":{"codigo_unidade":"1019814","nome":"EDI CESARINHO","tipo":"1","id_cre":10,"cod_territ":"10.4","logradouro":"\"RUA MARIO FONTENELI DE SOUZA \"","bairro":"PACIÊNCIA","cep":"23585055","fonte_geo":"unidades_unificadas"},"geometry":{"type":"Point","coordinates":[-43.639967,-22.921754]}},{"type":"Feature","properties":{"codigo_unidade":"1019815","nome":"EDI JOÃO CORRÊA","tipo":"1","id_cre":10,"cod_territ":"10.5","logradouro":"\"RUA CILON CUNHA BRUM \"","bairro":"PACIÊNCIA","cep":"23573400","fonte_geo":"unidades_unificadas"},"geometry":{"type":"Point","coordinates":[-43.651918,-22.916108]}},{"type":"Feature","properties":{"codigo_unidade":"1019816","nome":"EDI GUANDU","tipo":"1","id_cre":10,"cod_territ":"10.7","logradouro":"ESTRADA DO GUANDU, RUA UM","bairro":"SANTA CRUZ","cep":"23560150","fonte_geo":"unidades_unificadas"},"geometry":{"type":"Point","coordinates":[-43.703263,-22.900213]}},{"type":"Feature","properties":{"codigo_unidade":"1019817","nome":"EDI PROFESSORA ROSA MARIA ALVES DE OLIVEIRA","tipo":"1","id_cre":10,"cod_territ":"10.7","logradouro":"PRAÇA ALVARO ARAUJO SALAZAR","bairro":"SANTA CRUZ","cep":"23560320","fonte_geo":"unidades_unificadas"},"geometry":{"type":"Point","coordinates":[-43.702404,-22.906386]}},{"type":"Feature","properties":{"codigo_unidade":"1019818","nome":"EDI RENÉE BISCAIA RAPOSO","tipo":"1","id_cre":10,"cod_territ":"10.19","logradouro":"RUA RUY CARLOS BERBERT ( PRAÇA ALEX DE PAULA XAVIER )  GOUVEIAS","bairro":"PACIÊNCIA","cep":"23587680","fonte_geo":"unidades_unificadas"},"geometry":{"type":"Point","coordinates":[-43.624282,-22.919608]}},{"type":"Feature","properties":{"codigo_unidade":"1019819","nome":"EDI SÃO FERNANDO","tipo":"1","id_cre":10,"cod_territ":"10.8","logradouro":"RUA ÁLVARO FAUSTO DE SOUZA","bairro":"SANTA CRUZ","cep":"23565250","fonte_geo":"unidades_unificadas"},"geometry":{"type":"Point","coordinates":[-43.717337,-22.889346]}},{"type":"Feature","properties":{"codigo_unidade":"1019820","nome":"EDI INAIÁ WANDERLEY CARMO","tipo":"1","id_cre":10,"cod_territ":"10.9","logradouro":"RUA PIRAÍ DO SUL","bairro":"SEPETIBA","cep":"23545090","fonte_geo":"unidades_unificadas"},"geometry":{"type":"Point","coordinates":[-43.70679,-22.962886]}},{"type":"Feature","properties":{"codigo_unidade":"1019821","nome":"EDI PROFESSORA SOLANGE INÁCIA DE SÁ DE LACERDA","tipo":"1","id_cre":10,"cod_territ":"10.7","logradouro":"RUA 13","bairro":"SANTA CRUZ","cep":"23560375","fonte_geo":"unidades_unificadas"},"geometry":{"type":"Point","coordinates":[-43.707845,-22.903523]}},{"type":"Feature","properties":{"codigo_unidade":"1019822","nome":"EDI PROFESSORA KATIA MIRANDA SANTOS","tipo":"1","id_cre":10,"cod_territ":"10.21","logradouro":"ESTRADA DE SEPETIBA","bairro":"SANTA CRUZ","cep":"23525173","fonte_geo":"unidades_unificadas"},"geometry":{"type":"Point","coordinates":[-43.687368,-22.956389]}},{"type":"Feature","properties":{"codigo_unidade":"1019823","nome":"EDI MARIA ROSANGELA OLIVEIRA (TIA NEGUINHA)","tipo":"1","id_cre":10,"cod_territ":"10.21","logradouro":"ESTRADA DE SEPETIBA","bairro":"SANTA CRUZ","cep":"23525173","fonte_geo":"unidades_unificadas"},"geometry":{"type":"Point","coordinates":[-43.687747,-22.956512]}},{"type":"Feature","properties":{"codigo_unidade":"1019824","nome":"EDI PROFESSORA LILIA CHAVES DA COSTA","tipo":"1","id_cre":10,"cod_territ":"10.21","logradouro":"\"ESTRADA DE SEPETIBA \"","bairro":"SANTA CRUZ","cep":"23525173","fonte_geo":"unidades_unificadas"},"geometry":{"type":"Point","coordinates":[-43.68821,-22.956647]}},{"type":"Feature","properties":{"codigo_unidade":"1019826","nome":"EDI THAMIRIS DE ANDRADE DA SILVA SANTOS","tipo":"1","id_cre":10,"cod_territ":"10.23","logradouro":"RUA JOSE FERNANDES","bairro":"SEPETIBA","cep":"23535450","fonte_geo":"unidades_unificadas"},"geometry":{"type":"Point","coordinates":[-43.694707,-22.976463]}},{"type":"Feature","properties":{"codigo_unidade":"1019827","nome":"EDI MEDALHISTA OLÍMPICA POLIANA OKIMOTO","tipo":"1","id_cre":10,"cod_territ":"10.15","logradouro":"AVENIDA CESARIO DE MELO","bairro":"SANTA CRUZ","cep":"23595040","fonte_geo":"unidades_unificadas"},"geometry":{"type":"Point","coordinates":[-43.65972,-22.933612]}},{"type":"Feature","properties":{"codigo_unidade":"1019828","nome":"EDI MEDALHISTA OLÍMPICO ERLON DE SOUZA SILVA","tipo":"1","id_cre":10,"cod_territ":"10.15","logradouro":"AVENIDA AVENIDA CESARIO DE MELO","bairro":"SANTA CRUZ","cep":"23595040","fonte_geo":"unidades_unificadas"},"geometry":{"type":"Point","coordinates":[-43.659561,-22.934045]}},{"type":"Feature","properties":{"codigo_unidade":"1019829","nome":"EDI ERASMO CARLOS","tipo":"1","id_cre":10,"cod_territ":"10.10","logradouro":"RUA N","bairro":"SANTA CRUZ","cep":"23590400","fonte_geo":"unidades_unificadas"},"geometry":{"type":"Point","coordinates":[-43.67329553,-22.92303]}},{"type":"Feature","properties":{"codigo_unidade":"1019830","nome":"EDI GAL COSTA","tipo":"1","id_cre":10,"cod_territ":"10.10","logradouro":"RUA N","bairro":"SANTA CRUZ","cep":"23590400","fonte_geo":"unidades_unificadas"},"geometry":{"type":"Point","coordinates":[-43.67329553,-22.92303]}},{"type":"Feature","properties":{"codigo_unidade":"1019831","nome":"EDI PROFESSORA MARIA MESQUITA DE SIQUEIRA","tipo":"1","id_cre":10,"cod_territ":"10.2","logradouro":"ESTRADA DOS PALMARES","bairro":"SANTA CRUZ","cep":"23575275","fonte_geo":"unidades_unificadas"},"geometry":{"type":"Point","coordinates":[-43.660717,-22.882892]}},{"type":"Feature","properties":{"codigo_unidade":"1026001","nome":"EM JONATAS SERRANO","tipo":"1","id_cre":10,"cod_territ":"10.28","logradouro":"ESTRADA DO MATO ALTO","bairro":"GUARATIBA","cep":"23036150","fonte_geo":"unidades_unificadas"},"geometry":{"type":"Point","coordinates":[-43.577409,-22.953163]}},{"type":"Feature","properties":{"codigo_unidade":"1026002","nome":"EM MONTEIRO LOBATO","tipo":"1","id_cre":10,"cod_territ":"10.28","logradouro":"RUA IBEMA","bairro":"GUARATIBA","cep":"23030180","fonte_geo":"unidades_unificadas"},"geometry":{"type":"Point","coordinates":[-43.585635,-22.972946]}},{"type":"Feature","properties":{"codigo_unidade":"1026003","nome":"EM PROFESSOR CASTILHO","tipo":"1","id_cre":10,"cod_territ":"10.29","logradouro":"\" ESTRADA DA MATRIZ \"","bairro":"GUARATIBA","cep":"23020715","fonte_geo":"unidades_unificadas"},"geometry":{"type":"Point","coordinates":[-43.593683,-22.994124]}},{"type":"Feature","properties":{"codigo_unidade":"1026004","nome":"EM LEÔNCIO CORREIA","tipo":"1","id_cre":10,"cod_territ":"10.29","logradouro":"AV. GASPAR DE LEMOS","bairro":"GUARATIBA","cep":"23020110","fonte_geo":"unidades_unificadas"},"geometry":{"type":"Point","coordinates":[-43.546294,-22.973923]}},{"type":"Feature","properties":{"codigo_unidade":"1026005","nome":"EM NARCISA AMÁLIA","tipo":"1","id_cre":10,"cod_territ":"10.29","logradouro":"ESTRADA TEODORETO DE CAMARGO","bairro":"GUARATIBA","cep":"23020440","fonte_geo":"unidades_unificadas"},"geometry":{"type":"Point","coordinates":[-43.537582,-23.009084]}},{"type":"Feature","properties":{"codigo_unidade":"1026006","nome":"EM EUCLIDES DA CUNHA","tipo":"1","id_cre":10,"cod_territ":"10.25","logradouro":"ESTRADA DO MAGARÇA","bairro":"GUARATIBA","cep":"23035375","fonte_geo":"unidades_unificadas"},"geometry":{"type":"Point","coordinates":[-43.602535,-22.948706]}},{"type":"Feature","properties":{"codigo_unidade":"1026007","nome":"EM PROFESSORA LEOCÁDIA TORRES","tipo":"1","id_cre":10,"cod_territ":"10.24","logradouro":"EST DO MAGARÇA","bairro":"GUARATIBA","cep":"23031204","fonte_geo":"unidades_unificadas"},"geometry":{"type":"Point","coordinates":[-43.637972,-22.977196]}},{"type":"Feature","properties":{"codigo_unidade":"1026008","nome":"EM ENGENHEIRO GASTÃO RANGEL","tipo":"1","id_cre":10,"cod_territ":"10.24","logradouro":"ESTRADA DO MAGARÇA","bairro":"GUARATIBA","cep":"23031201","fonte_geo":"unidades_unificadas"},"geometry":{"type":"Point","coordinates":[-43.643545,-22.98046]}},{"type":"Feature","properties":{"codigo_unidade":"1026009","nome":"EM PADRE JOSÉ MAURÍCIO","tipo":"1","id_cre":10,"cod_territ":"10.25","logradouro":"RUA DA ORQUESTRA","bairro":"GUARATIBA","cep":"23035385","fonte_geo":"unidades_unificadas"},"geometry":{"type":"Point","coordinates":[-43.59778,-22.944307]}},{"type":"Feature","properties":{"codigo_unidade":"1026010","nome":"EM BERTHA LUTZ","tipo":"1","id_cre":10,"cod_territ":"10.24","logradouro":"RUA GABRIEL MILITÃO MACHADO","bairro":"GUARATIBA","cep":"23028550","fonte_geo":"unidades_unificadas"},"geometry":{"type":"Point","coordinates":[-43.67058,-22.979064]}},{"type":"Feature","properties":{"codigo_unidade":"1026011","nome":"EM FLORIPES ANGLADAS LUCAS","tipo":"1","id_cre":10,"cod_territ":"10.29","logradouro":"ESTRADA ROBERTO BURLE MARX","bairro":"BARRA DE GUARATIBA","cep":"23020265","fonte_geo":"unidades_unificadas"},"geometry":{"type":"Point","coordinates":[-43.554884,-23.053064]}},{"type":"Feature","properties":{"codigo_unidade":"1026012","nome":"EM PROFESSOR VIEIRA FAZENDA","tipo":"1","id_cre":10,"cod_territ":"10.29","logradouro":"ESTRADA ROBERTO BURLE MARX","bairro":"BARRA DE GUARATIBA","cep":"23020265","fonte_geo":"unidades_unificadas"},"geometry":{"type":"Point","coordinates":[-43.568169,-23.061045]}},{"type":"Feature","properties":{"codigo_unidade":"1026013","nome":"EM ANA NERI","tipo":"1","id_cre":10,"cod_territ":"10.29","logradouro":"ESTRADA ROBERTO BURLE MARX","bairro":"BARRA DE GUARATIBA","cep":"23020265","fonte_geo":"unidades_unificadas"},"geometry":{"type":"Point","coordinates":[-43.567237,-23.068073]}},{"type":"Feature","properties":{"codigo_unidade":"1026014","nome":"EM EUCLIDES ROXO","tipo":"1","id_cre":10,"cod_territ":"10.29","logradouro":"ESTRADA ROBERTO BURLE MARX","bairro":"BARRA DE GUARATIBA","cep":"23020240","fonte_geo":"unidades_unificadas"},"geometry":{"type":"Point","coordinates":[-43.544854,-23.019938]}},{"type":"Feature","properties":{"codigo_unidade":"1026015","nome":"EM NESTOR VICTOR","tipo":"1","id_cre":10,"cod_territ":"10.27","logradouro":"\"ESTRADA DA PEDRA \"","bairro":"PEDRA DE GUARATIBA","cep":"23030380","fonte_geo":"unidades_unificadas"},"geometry":{"type":"Point","coordinates":[-43.649416,-22.995969]}},{"type":"Feature","properties":{"codigo_unidade":"1026016","nome":"EM DEBORAH MENDES DE MORAES","tipo":"1","id_cre":10,"cod_territ":"10.27","logradouro":"RUA BELCHIOR DA FONSECA","bairro":"PEDRA DE GUARATIBA","cep":"23027260","fonte_geo":"unidades_unificadas"},"geometry":{"type":"Point","coordinates":[-43.638757,-23.001416]}},{"type":"Feature","properties":{"codigo_unidade":"1026017","nome":"EM GIUSEPPE MELCHIORI - PADRE JOSÉ","tipo":"1","id_cre":10,"cod_territ":"10.25","logradouro":"ESTRADA DO MAGARÇA","bairro":"GUARATIBA","cep":"23035375","fonte_geo":"unidades_unificadas"},"geometry":{"type":"Point","coordinates":[-43.603053,-22.94812]}},{"type":"Feature","properties":{"codigo_unidade":"1026018","nome":"EM EMMA D'AVILA DE CAMILLIS","tipo":"1","id_cre":10,"cod_territ":"10.27","logradouro":"RUA VÁRZEA DA PALMA","bairro":"GUARATIBA","cep":"23026210","fonte_geo":"unidades_unificadas"},"geometry":{"type":"Point","coordinates":[-43.636018,-22.986327]}},{"type":"Feature","properties":{"codigo_unidade":"1026019","nome":"EM PROFESSORA MARIA HELENA SAMPAIO MARQUES","tipo":"1","id_cre":10,"cod_territ":"10.24","logradouro":"\"ESTRADA DO MAGARÇA \"","bairro":"GUARATIBA","cep":"23031204","fonte_geo":"unidades_unificadas"},"geometry":{"type":"Point","coordinates":[-43.642739,-22.98022]}},{"type":"Feature","properties":{"codigo_unidade":"1026020","nome":"EM PROFESSORA ELISA JOAQUINA DALTRO PEIXOTO","tipo":"1","id_cre":10,"cod_territ":"10.27","logradouro":"RUA SOLDADO CONSTANTINO MAROQUI","bairro":"PEDRA DE GUARATIBA","cep":"23025170","fonte_geo":"unidades_unificadas"},"geometry":{"type":"Point","coordinates":[-43.62797,-23.001636]}},{"type":"Feature","properties":{"codigo_unidade":"1026021","nome":"EM PROFESSORA MYRTHES WENZEL","tipo":"1","id_cre":10,"cod_territ":"10.27","logradouro":"RUA SOLDADO ANTÔNIO DE PAULA","bairro":"GUARATIBA","cep":"23025220","fonte_geo":"unidades_unificadas"},"geometry":{"type":"Point","coordinates":[-43.628962,-23.004018]}},{"type":"Feature","properties":{"codigo_unidade":"1026024","nome":"EM TATIANA CHAGAS MEMÓRIA","tipo":"1","id_cre":10,"cod_territ":"10.26","logradouro":"\" RUA PEDRO OSÓRIO\"","bairro":"GUARATIBA","cep":"23031280","fonte_geo":"unidades_unificadas"},"geometry":{"type":"Point","coordinates":[-43.608066,-22.958388]}},{"type":"Feature","properties":{"codigo_unidade":"1026025","nome":"EM RIVADÁVIA MANOEL PINTO","tipo":"1","id_cre":10,"cod_territ":"10.27","logradouro":"\"AVENIDA LITORÂNEA \"","bairro":"GUARATIBA","cep":"23025080","fonte_geo":"unidades_unificadas"},"geometry":{"type":"Point","coordinates":[-43.631466,-22.998712]}},{"type":"Feature","properties":{"codigo_unidade":"1026026","nome":"EM DOUTOR SÓCRATES","tipo":"1","id_cre":10,"cod_territ":"10.27","logradouro":"RUA BIDÚ SAYÃO","bairro":"PEDRA DE GUARATIBA","cep":"23025043","fonte_geo":"unidades_unificadas"},"geometry":{"type":"Point","coordinates":[-43.607154,-22.993691]}},{"type":"Feature","properties":{"codigo_unidade":"1026027","nome":"EM PAULO VANZOLINI","tipo":"4","id_cre":10,"cod_territ":null,"logradouro":null,"bairro":null,"cep":null,"fonte_geo":"unidades_unificadas"},"geometry":{"type":"Point","coordinates":[-43.670208,-22.979218]}},{"type":"Feature","properties":{"codigo_unidade":"1026028","nome":"EM PROFESSOR JORGE LUIZ ITABORAI DE ALMEIDA","tipo":"1","id_cre":10,"cod_territ":"10.24","logradouro":"RUA ALEXIS CARREL","bairro":"GUARATIBA","cep":"23028130","fonte_geo":"unidades_unificadas"},"geometry":{"type":"Point","coordinates":[-43.670658,-22.976553]}},{"type":"Feature","properties":{"codigo_unidade":"1026029","nome":"EM PROFESSOR ARI MARQUES PONTES","tipo":"1","id_cre":10,"cod_territ":"10.25","logradouro":"RUA GIORDANO VICENZO","bairro":"GUARATIBA","cep":"23036050","fonte_geo":"unidades_unificadas"},"geometry":{"type":"Point","coordinates":[-43.58247,-22.940691]}},{"type":"Feature","properties":{"codigo_unidade":"1026030","nome":"EM MEDALHISTA OLÍMPICA BÁRBARA SEIXAS DE FREITAS","tipo":"1","id_cre":10,"cod_territ":"10.27","logradouro":"AVENIDA ALTO MARANHÃO","bairro":"GUARATIBA","cep":"23026010","fonte_geo":"unidades_unificadas"},"geometry":{"type":"Point","coordinates":[-43.626869,-22.98548]}},{"type":"Feature","properties":{"codigo_unidade":"1026031","nome":"EM OLAVO MONTEIRO DE CARVALHO","tipo":"1","id_cre":10,"cod_territ":"10.27","logradouro":"ESTRADA DO MAGARÇA","bairro":"GUARATIBA","cep":"23031205","fonte_geo":"unidades_unificadas"},"geometry":{"type":"Point","coordinates":[-43.644681,-22.98041]}},{"type":"Feature","properties":{"codigo_unidade":"1026201","nome":"CIEP POSSEIRO MÁRIO VAZ","tipo":"1","id_cre":10,"cod_territ":"10.26","logradouro":"\" RUA CANOANÃ \"","bairro":"GUARATIBA","cep":"23031005","fonte_geo":"unidades_unificadas"},"geometry":{"type":"Point","coordinates":[-43.609678,-22.963753]}},{"type":"Feature","properties":{"codigo_unidade":"1026202","nome":"CIEP HILDEBRANDO DE ARAUJO GOES","tipo":"1","id_cre":10,"cod_territ":"10.22","logradouro":"\"ESTRADA DA PEDRA \"","bairro":"PEDRA DE GUARATIBA","cep":"23030380","fonte_geo":"unidades_unificadas"},"geometry":{"type":"Point","coordinates":[-43.648171,-22.974506]}},{"type":"Feature","properties":{"codigo_unidade":"1026601","nome":"CM SONHO DE CRIANÇA","tipo":"1","id_cre":10,"cod_territ":"10.28","logradouro":"\" CAMINHO DA PEDREIRA \"","bairro":"GUARATIBA","cep":"23030370","fonte_geo":"unidades_unificadas"},"geometry":{"type":"Point","coordinates":[-43.590149,-22.972751]}},{"type":"Feature","properties":{"codigo_unidade":"1026602","nome":"CM NOSSA SENHORA DA GLÓRIA","tipo":"1","id_cre":10,"cod_territ":"10.27","logradouro":"\"RUA DA CAPELINHA \"","bairro":"GUARATIBA","cep":"23025070","fonte_geo":"unidades_unificadas"},"geometry":{"type":"Point","coordinates":[-43.612145,-22.999508]}},{"type":"Feature","properties":{"codigo_unidade":"1026603","nome":"CM SEMPRE VIDA COLÔNIA DOS PESCADORES","tipo":"1","id_cre":10,"cod_territ":"10.27","logradouro":"RUA BARREIRO GRANDE","bairro":"PEDRA DE GUARATIBA","cep":"23027140","fonte_geo":"unidades_unificadas"},"geometry":{"type":"Point","coordinates":[-43.637411,-23.00073]}},{"type":"Feature","properties":{"codigo_unidade":"1026604","nome":"CM JOSEPHA FERREIRA DA COSTA","tipo":"1","id_cre":10,"cod_territ":"10.28","logradouro":"CAMINHO AREAL","bairro":"GUARATIBA","cep":"23030570","fonte_geo":"unidades_unificadas"},"geometry":{"type":"Point","coordinates":[-43.582599,-22.954726]}},{"type":"Feature","properties":{"codigo_unidade":"1026801","nome":"EDI SAMIRA PIRES RIBEIRO","tipo":"1","id_cre":10,"cod_territ":"10.24","logradouro":"RUA FORTALEZA DE MINAS","bairro":"GUARATIBA","cep":"23028513","fonte_geo":"unidades_unificadas"},"geometry":{"type":"Point","coordinates":[-43.659773,-22.984621]}},{"type":"Feature","properties":{"codigo_unidade":"1026802","nome":"EDI PROFESSOR MARCOS FLAMÍNIO PORTUGAL PINTO","tipo":"1","id_cre":10,"cod_territ":"10.24","logradouro":"ESTRADA DO MAGARÇA","bairro":"GUARATIBA","cep":"23031204","fonte_geo":"unidades_unificadas"},"geometry":{"type":"Point","coordinates":[-43.644506,-22.981152]}},{"type":"Feature","properties":{"codigo_unidade":"1026803","nome":"EDI PADRE CARLOS HENRIQUE DE SOUZA","tipo":"1","id_cre":10,"cod_territ":"10.26","logradouro":"RUA SILVANIA","bairro":"GUARATIBA","cep":"23031350","fonte_geo":"unidades_unificadas"},"geometry":{"type":"Point","coordinates":[-43.610407,-22.963643]}},{"type":"Feature","properties":{"codigo_unidade":"1026804","nome":"EDI PROFESSORA LUZIA MARIA MOREIRA DO NASCIMENTO","tipo":"1","id_cre":10,"cod_territ":"10.28","logradouro":"ESTRADA DO MATO ALTO","bairro":"GUARATIBA","cep":"23030320","fonte_geo":"unidades_unificadas"},"geometry":{"type":"Point","coordinates":[-43.58917,-22.96767]}},{"type":"Feature","properties":{"codigo_unidade":"1026805","nome":"EDI MEDALHISTA OLÍMPICO IZAQUIAS QUEIROZ DOS SANTOS","tipo":"1","id_cre":10,"cod_territ":"10.25","logradouro":"ESTRADA CABUÇU DE BAIXO","bairro":"GUARATIBA","cep":"23036060","fonte_geo":"unidades_unificadas"},"geometry":{"type":"Point","coordinates":[-43.582757,-22.942744]}},{"type":"Feature","properties":{"codigo_unidade":"1026806","nome":"EDI MEDALHISTA OLÍMPICO FELIPE ALMEIDA WU","tipo":"1","id_cre":10,"cod_territ":"10.24","logradouro":"RUA ANTÔNIO PIRES","bairro":"GUARATIBA","cep":"23028690","fonte_geo":"unidades_unificadas"},"geometry":{"type":"Point","coordinates":[-43.645917,-22.983841]}},{"type":"Feature","properties":{"codigo_unidade":"1026807","nome":"EDI ALFREDO FERNANDO VAZ GUIMARÃES JÚNIOR","tipo":"1","id_cre":10,"cod_territ":"10.26","logradouro":"\" R PEDRO OSORIO\"","bairro":"GUARATIBA","cep":"23031280","fonte_geo":"unidades_unificadas"},"geometry":{"type":"Point","coordinates":[-43.608041,-22.958121]}},{"type":"Feature","properties":{"codigo_unidade":"1026809","nome":"EDI MEDALHISTA PARALÍMPICO RICARDO COSTA DE OLIVEIRA","tipo":"1","id_cre":10,"cod_territ":"10.26","logradouro":"RUA QUARENTA E TRÊS","bairro":"GUARATIBA","cep":"23031510","fonte_geo":"unidades_unificadas"},"geometry":{"type":"Point","coordinates":[-43.610268,-22.964108]}},{"type":"Feature","properties":{"codigo_unidade":"1026810","nome":"EDI ALCEBÍADES FRANCISCO ROSA","tipo":"1","id_cre":10,"cod_territ":"10.22","logradouro":"\"RUA ANTONIO RAIOL \"","bairro":"GUARATIBA","cep":"23032090","fonte_geo":"unidades_unificadas"},"geometry":{"type":"Point","coordinates":[-43.648574,-22.974412]}},{"type":"Feature","properties":{"codigo_unidade":"1026811","nome":"EDI GERMANO THOMÉ DE OLIVEIRA","tipo":"1","id_cre":10,"cod_territ":"10.27","logradouro":"AVENIDA ALTO MARANHÃO","bairro":"GUARATIBA","cep":"23026010","fonte_geo":"unidades_unificadas"},"geometry":{"type":"Point","coordinates":[-43.628916,-22.986274]}},{"type":"Feature","properties":{"codigo_unidade":"11001","nome":"CP CRECHE COMUNITÁRIA ALEGRIA DA CRIANÇA","tipo":"1","id_cre":null,"cod_territ":null,"logradouro":"RUA JORN ALAIDE PIRES","bairro":"PORTUGUESA","cep":"21931615","fonte_geo":"ausente"},"geometry":null},{"type":"Feature","properties":{"codigo_unidade":"11002","nome":"CP PETER PAN","tipo":"4","id_cre":null,"cod_territ":null,"logradouro":null,"bairro":null,"cep":null,"fonte_geo":"ausente"},"geometry":null},{"type":"Feature","properties":{"codigo_unidade":"11003","nome":"CP AMIG - ASSOCIAÇÃO DOS MORADORES DA ILHA DO GOVERNADOR","tipo":"1","id_cre":null,"cod_territ":null,"logradouro":"PRAIA DAS PITANGUEIRAS","bairro":"PITANGUEIRAS","cep":"21930360","fonte_geo":"ausente"},"geometry":null},{"type":"Feature","properties":{"codigo_unidade":"11004","nome":"CP CENTRO DE ATIVIDADES EDUCACIONAIS E CULTURAIS ARCA DE NOÉ - CAECAN","tipo":"1","id_cre":null,"cod_territ":null,"logradouro":"RUA MITÁ","bairro":"JARDIM CARIOCA","cep":"21921730","fonte_geo":"ausente"},"geometry":null},{"type":"Feature","properties":{"codigo_unidade":"11005","nome":"CP VENCER","tipo":"4","id_cre":null,"cod_territ":null,"logradouro":null,"bairro":null,"cep":null,"fonte_geo":"ausente"},"geometry":null},{"type":"Feature","properties":{"codigo_unidade":"11006","nome":"CP CRECHE CASULO DO DENDÊ","tipo":"1","id_cre":null,"cod_territ":null,"logradouro":"ESTRADA DO DENDÊ","bairro":"TAUÁ","cep":"21920000","fonte_geo":"ausente"},"geometry":null},{"type":"Feature","properties":{"codigo_unidade":"11007","nome":"CP CRECHE ESFERA KIDS","tipo":"1","id_cre":null,"cod_territ":null,"logradouro":"RUA DOUTOR BERNARDINO GOMES","bairro":"BANCÁRIOS","cep":"21910130","fonte_geo":"ausente"},"geometry":null},{"type":"Feature","properties":{"codigo_unidade":"11008","nome":"CP FILIAL BANCÁRIOS - RJ","tipo":"1","id_cre":null,"cod_territ":null,"logradouro":"RUA DOUTOR MANUEL MARREIROS","bairro":"BANCÁRIOS","cep":"21910087","fonte_geo":"ausente"},"geometry":null},{"type":"Feature","properties":{"codigo_unidade":"11009","nome":"CP CRECHE COMUNITÁRIA IRMÃ MOROCHA (CCIM)","tipo":"1","id_cre":null,"cod_territ":null,"logradouro":"RUA DO ROMANCISTA","bairro":"FREGUESIA (ILHA DO GOV.)","cep":"21911170","fonte_geo":"ausente"},"geometry":null},{"type":"Feature","properties":{"codigo_unidade":"11010","nome":"CP CHALÉ SEMENTINHA (ILHA DO GOVERNADOR)","tipo":"4","id_cre":null,"cod_territ":null,"logradouro":null,"bairro":null,"cep":null,"fonte_geo":"ausente"},"geometry":null},{"type":"Feature","properties":{"codigo_unidade":"11011","nome":"\"CP COLÉGIO CENECISTA CAPITÃO LEMOS CUNHA \"","tipo":"1","id_cre":null,"cod_territ":null,"logradouro":"ESTRADA DO GALEÃO","bairro":"GALEÃO","cep":"21931185","fonte_geo":"ausente"},"geometry":null},{"type":"Feature","properties":{"codigo_unidade":"1120001","nome":"EM CUBA","tipo":"1","id_cre":11,"cod_territ":"11.6","logradouro":"PRAIA DO ZUMBI","bairro":"ZUMBI","cep":"21930155","fonte_geo":"unidades_unificadas"},"geometry":{"type":"Point","coordinates":[-43.173899,-22.8212]}},{"type":"Feature","properties":{"codigo_unidade":"1120002","nome":"EM CÂNDIDO PORTINARI","tipo":"1","id_cre":11,"cod_territ":"11.6","logradouro":"RUA PRACINHA JOSÉ VARELA","bairro":"PITANGUEIRAS","cep":"21930005","fonte_geo":"unidades_unificadas"},"geometry":{"type":"Point","coordinates":[-43.179587,-22.818702]}},{"type":"Feature","properties":{"codigo_unidade":"1120003","nome":"EM ABEILARD FEIJÓ","tipo":"1","id_cre":11,"cod_territ":"11.6","logradouro":"ESTRADA DA CACUIA","bairro":"COCOTÁ","cep":"21921001","fonte_geo":"unidades_unificadas"},"geometry":{"type":"Point","coordinates":[-43.181558,-22.807692]}},{"type":"Feature","properties":{"codigo_unidade":"1120004","nome":"EM JORNALISTA ORLANDO DANTAS","tipo":"1","id_cre":11,"cod_territ":"11.5","logradouro":"RUA BENEDITO PATRÍCIO","bairro":"BANCÁRIOS","cep":"21910220","fonte_geo":"unidades_unificadas"},"geometry":{"type":"Point","coordinates":[-43.182416,-22.791119]}},{"type":"Feature","properties":{"codigo_unidade":"1120005","nome":"EM DUNSHEE DE ABRANCHES","tipo":"1","id_cre":11,"cod_territ":"11.5","logradouro":"RUA GIPOIA","bairro":"BANCÁRIOS","cep":"21910102","fonte_geo":"unidades_unificadas"},"geometry":{"type":"Point","coordinates":[-43.182771,-22.790375]}},{"type":"Feature","properties":{"codigo_unidade":"1120006","nome":"EM AMADEU ROCHA","tipo":"1","id_cre":11,"cod_territ":"11.5","logradouro":"RUA DOUTOR MANOEL MARREIROS","bairro":"FREGUESIA (ILHA DO GOV.)","cep":"21910080","fonte_geo":"unidades_unificadas"},"geometry":{"type":"Point","coordinates":[-43.176235,-22.795217]}},{"type":"Feature","properties":{"codigo_unidade":"1120007","nome":"EM ROTARY","tipo":"1","id_cre":11,"cod_territ":"11.5","logradouro":"AVENIDA PARANAPUÃ","bairro":"FREGUESIA (ILHA DO GOV.)","cep":"21910003","fonte_geo":"unidades_unificadas"},"geometry":{"type":"Point","coordinates":[-43.173169,-22.794401]}},{"type":"Feature","properties":{"codigo_unidade":"1120008","nome":"EM ÁLVARO MOREIRA","tipo":"1","id_cre":11,"cod_territ":"11.3","logradouro":"RUA ABÉLIA","bairro":"JARDIM GUANABARA","cep":"21940010","fonte_geo":"unidades_unificadas"},"geometry":{"type":"Point","coordinates":[-43.196551,-22.810048]}},{"type":"Feature","properties":{"codigo_unidade":"1120009","nome":"EM PADRE JOSÉ DE ANCHIETA","tipo":"1","id_cre":11,"cod_territ":"11.3","logradouro":"RUA PINTO ALPOIM","bairro":"JARDIM GUANABARA","cep":"21940230","fonte_geo":"unidades_unificadas"},"geometry":{"type":"Point","coordinates":[-43.200636,-22.814729]}},{"type":"Feature","properties":{"codigo_unidade":"1120010","nome":"EM COSTA RICA","tipo":"1","id_cre":11,"cod_territ":"11.3","logradouro":"RUA HENRIQUE LACOMBE","bairro":"JARDIM GUANABARA","cep":"21940240","fonte_geo":"unidades_unificadas"},"geometry":{"type":"Point","coordinates":[-43.197187,-22.816508]}},{"type":"Feature","properties":{"codigo_unidade":"1120012","nome":"EM BRIGADEIRO EDUARDO GOMES","tipo":"1","id_cre":11,"cod_territ":"11.3","logradouro":"RUA GASPAR MAGALHÃES","bairro":"JARDIM GUANABARA","cep":"21940120","fonte_geo":"unidades_unificadas"},"geometry":{"type":"Point","coordinates":[-43.207056,-22.809937]}},{"type":"Feature","properties":{"codigo_unidade":"1120013","nome":"EM ALICE TIBIRIÇÁ","tipo":"1","id_cre":11,"cod_territ":"11.4","logradouro":"RUA IPUA","bairro":"JARDIM CARIOCA","cep":"21921415","fonte_geo":"unidades_unificadas"},"geometry":{"type":"Point","coordinates":[-43.189405,-22.802207]}},{"type":"Feature","properties":{"codigo_unidade":"1120014","nome":"EM HOLANDA","tipo":"1","id_cre":11,"cod_territ":"11.3","logradouro":"RUA INHOVERA","bairro":"JARDIM CARIOCA","cep":"21921720","fonte_geo":"unidades_unificadas"},"geometry":{"type":"Point","coordinates":[-43.192732,-22.80549]}},{"type":"Feature","properties":{"codigo_unidade":"1120015","nome":"EM LEONEL AZEVEDO","tipo":"1","id_cre":11,"cod_territ":"11.2","logradouro":"RUA LUÍS SÁ","bairro":"PORTUGUESA","cep":"21920400","fonte_geo":"unidades_unificadas"},"geometry":{"type":"Point","coordinates":[-43.201999,-22.798666]}},{"type":"Feature","properties":{"codigo_unidade":"1120016","nome":"EM SUN-YAT-SEN","tipo":"1","id_cre":11,"cod_territ":"11.5","logradouro":"RUA DEMÉTRIO DE TOLEDO","bairro":"TAUÁ","cep":"21920080","fonte_geo":"unidades_unificadas"},"geometry":{"type":"Point","coordinates":[-43.182908,-22.792241]}},{"type":"Feature","properties":{"codigo_unidade":"1120017","nome":"EM CAPITÃO DE FRAGATA DIDIER BARBOSA VIANNA","tipo":"1","id_cre":11,"cod_territ":"11.5","logradouro":"RUA NOÊMIO DA SILVEIRA","bairro":"TAUÁ","cep":"21910265","fonte_geo":"unidades_unificadas"},"geometry":{"type":"Point","coordinates":[-43.182129,-22.797355]}},{"type":"Feature","properties":{"codigo_unidade":"1120018","nome":"EM MAGDALENA TAGLIAFERRO","tipo":"1","id_cre":11,"cod_territ":"11.5","logradouro":"RUA MENINO JESUS DE PRAGA","bairro":"TAUÁ","cep":"21910470","fonte_geo":"unidades_unificadas"},"geometry":{"type":"Point","coordinates":[-43.179882,-22.797397]}},{"type":"Feature","properties":{"codigo_unidade":"1120019","nome":"EM RODRIGO OTÁVIO","tipo":"1","id_cre":11,"cod_territ":"11.2","logradouro":"RUA ANTÔNIO DE ALMEIDA","bairro":"MONERÓ","cep":"21920340","fonte_geo":"unidades_unificadas"},"geometry":{"type":"Point","coordinates":[-43.198946,-22.798511]}},{"type":"Feature","properties":{"codigo_unidade":"1120020","nome":"EM BELMIRO MEDEIROS","tipo":"1","id_cre":11,"cod_territ":"11.2","logradouro":"RUA PIZARRO DE ARAÚJO","bairro":"MONERÓ","cep":"21920347","fonte_geo":"unidades_unificadas"},"geometry":{"type":"Point","coordinates":[-43.19944,-22.798529]}},{"type":"Feature","properties":{"codigo_unidade":"1120021","nome":"EM GURGEL DO AMARAL","tipo":"1","id_cre":11,"cod_territ":"11.2","logradouro":"RUA GUSTAVO AUGUSTO DE RESENDE","bairro":"PORTUGUESA","cep":"21931576","fonte_geo":"unidades_unificadas"},"geometry":{"type":"Point","coordinates":[-43.207155,-22.799352]}},{"type":"Feature","properties":{"codigo_unidade":"1120022","nome":"EM MAESTRO FRANCISCO BRAGA","tipo":"1","id_cre":11,"cod_territ":"11.2","logradouro":"RUA HAROLDO LOBO","bairro":"PORTUGUESA","cep":"21931580","fonte_geo":"unidades_unificadas"},"geometry":{"type":"Point","coordinates":[-43.209647,-22.799746]}},{"type":"Feature","properties":{"codigo_unidade":"1120023","nome":"EEM ROTARY CLUB","tipo":"1","id_cre":11,"cod_territ":"11.3","logradouro":"RUA CAMBAÚBA","bairro":"JARDIM GUANABARA","cep":"21940005","fonte_geo":"unidades_unificadas"},"geometry":{"type":"Point","coordinates":[-43.207847,-22.80589]}},{"type":"Feature","properties":{"codigo_unidade":"1120024","nome":"EM ANITA GARIBALDI","tipo":"1","id_cre":11,"cod_territ":"11.1","logradouro":"ESTRADA MARACAJAS","bairro":"GALEÃO","cep":"21941395","fonte_geo":"unidades_unificadas"},"geometry":{"type":"Point","coordinates":[-43.225967,-22.815859]}},{"type":"Feature","properties":{"codigo_unidade":"1120025","nome":"EM ALBERTO DE OLIVEIRA","tipo":"1","id_cre":11,"cod_territ":"11.1","logradouro":"AVENIDA SETE","bairro":"GALEÃO","cep":"21941535","fonte_geo":"unidades_unificadas"},"geometry":{"type":"Point","coordinates":[-43.237759,-22.812208]}},{"type":"Feature","properties":{"codigo_unidade":"1120028","nome":"EM COMANDANTE GUILHERME FISCHER PRESSER","tipo":"1","id_cre":11,"cod_territ":"11.2","logradouro":"RUA NOVENTA E SEIS","bairro":"GALEÃO","cep":"21932795","fonte_geo":"unidades_unificadas"},"geometry":{"type":"Point","coordinates":[-43.225831,-22.785986]}},{"type":"Feature","properties":{"codigo_unidade":"1120029","nome":"EM PROFESSORA LAVÍNIA DE OLIVEIRA ESCRAGNOLLE DÓRIA","tipo":"1","id_cre":11,"cod_territ":"11.1","logradouro":"RUA 53","bairro":"GALEÃO","cep":"21941400","fonte_geo":"unidades_unificadas"},"geometry":{"type":"Point","coordinates":[-43.226197,-22.816801]}},{"type":"Feature","properties":{"codigo_unidade":"1120030","nome":"EM TENENTE ANTÔNIO JOÃO","tipo":"1","id_cre":11,"cod_territ":"4.6","logradouro":"RUA PASCOAL LEMME","bairro":"CIDADE UNIVERSITÁRIA","cep":"21941616","fonte_geo":"unidades_unificadas"},"geometry":{"type":"Point","coordinates":[-43.21873,-22.859893]}},{"type":"Feature","properties":{"codigo_unidade":"1120031","nome":"EM CONJUNTO PRAIA DA BANDEIRA","tipo":"1","id_cre":11,"cod_territ":"11.6","logradouro":"RUA FREI INOCÊNCIO","bairro":"PRAIA DA BANDEIRA","cep":"21921546","fonte_geo":"unidades_unificadas"},"geometry":{"type":"Point","coordinates":[-43.180222,-22.809468]}},{"type":"Feature","properties":{"codigo_unidade":"1120032","nome":"EM NELSON PRUDÊNCIO","tipo":"1","id_cre":11,"cod_territ":"11.6","logradouro":"ESTRADA DO RIO JEQUIA","bairro":"PITANGUEIRAS","cep":"21930365","fonte_geo":"unidades_unificadas"},"geometry":{"type":"Point","coordinates":[-43.186302,-22.816756]}},{"type":"Feature","properties":{"codigo_unidade":"1120201","nome":"CIEP OLGA BENÁRIO PRESTES","tipo":"1","id_cre":11,"cod_territ":"11.6","logradouro":"RUA DESEMBARGADOR ANICETO CORREA","bairro":"COCOTÁ","cep":"21930400","fonte_geo":"unidades_unificadas"},"geometry":{"type":"Point","coordinates":[-43.182585,-22.814275]}},{"type":"Feature","properties":{"codigo_unidade":"1120501","nome":"EM ANÍSIO TEIXEIRA","tipo":"1","id_cre":11,"cod_territ":"11.3","logradouro":"RUA SERENATA","bairro":"JARDIM GUANABARA","cep":"21940181","fonte_geo":"unidades_unificadas"},"geometry":{"type":"Point","coordinates":[-43.209658,-22.812441]}},{"type":"Feature","properties":{"codigo_unidade":"1120502","nome":"CIEP JOÃO MANGABEIRA","tipo":"1","id_cre":11,"cod_territ":"11.5","logradouro":"AV. ILHA DAS ENXADAS","bairro":"BANCÁRIOS","cep":"21910097","fonte_geo":"unidades_unificadas"},"geometry":{"type":"Point","coordinates":[-43.184212,-22.788105]}},{"type":"Feature","properties":{"codigo_unidade":"1120503","nome":"CIEP DOUTOR JOÃO RAMOS DE SOUZA","tipo":"1","id_cre":11,"cod_territ":"11.2","logradouro":"ESTRADA GOVERNADOR CHAGAS FREITAS","bairro":"PORTUGUESA","cep":"21920330","fonte_geo":"unidades_unificadas"},"geometry":{"type":"Point","coordinates":[-43.203452,-22.796122]}},{"type":"Feature","properties":{"codigo_unidade":"1120601","nome":"CM STELLA MARIS","tipo":"1","id_cre":11,"cod_territ":"11.1","logradouro":"ESTRADA DOS MARACAJAS","bairro":"GALEÃO","cep":"21491395","fonte_geo":"unidades_unificadas"},"geometry":{"type":"Point","coordinates":[-43.239865,-22.80497]}},{"type":"Feature","properties":{"codigo_unidade":"1120602","nome":"CM CORA CORALINA","tipo":"1","id_cre":11,"cod_territ":"11.4","logradouro":"AVENIDA DO MAGISTÉRIO","bairro":"PORTUGUESA","cep":"21920455","fonte_geo":"unidades_unificadas"},"geometry":{"type":"Point","coordinates":[-43.190965,-22.796641]}},{"type":"Feature","properties":{"codigo_unidade":"1120603","nome":"CM DOUTOR ANTÔNIO MONTEIRO","tipo":"1","id_cre":11,"cod_territ":"11.2","logradouro":"ESTRADA GOVERNADOR CHAGAS FREITAS","bairro":"PORTUGUESA","cep":"21932820","fonte_geo":"unidades_unificadas"},"geometry":{"type":"Point","coordinates":[-43.209615,-22.795669]}},{"type":"Feature","properties":{"codigo_unidade":"1120604","nome":"CM MARIA ARMINDA F. SOUZA AGUIAR","tipo":"1","id_cre":11,"cod_territ":"11.5","logradouro":"\" AVENIDA ILHA DO FUNDÃO \"","bairro":"BANCÁRIOS","cep":"21910240","fonte_geo":"unidades_unificadas"},"geometry":{"type":"Point","coordinates":[-43.186716,-22.786565]}},{"type":"Feature","properties":{"codigo_unidade":"1120605","nome":"CM SEMPRE VIDA LORETO","tipo":"1","id_cre":11,"cod_territ":"11.1","logradouro":"ESTRADA DO CARICÓ","bairro":"GALEÃO","cep":"21941450","fonte_geo":"unidades_unificadas"},"geometry":{"type":"Point","coordinates":[-43.225622,-22.814814]}},{"type":"Feature","properties":{"codigo_unidade":"1120606","nome":"CM TAUÁ","tipo":"1","id_cre":11,"cod_territ":"11.5","logradouro":"RUA MEN JESUS DE PRAGA","bairro":"TAUÁ","cep":"21910470","fonte_geo":"unidades_unificadas"},"geometry":{"type":"Point","coordinates":[-43.1796,-22.796875]}},{"type":"Feature","properties":{"codigo_unidade":"1120801","nome":"EDI JOSÉ DE SOUZA RAMOS","tipo":"1","id_cre":11,"cod_territ":"11.3","logradouro":"RUA OSCAR DE MELO","bairro":"JARDIM CARIOCA","cep":"21922610","fonte_geo":"unidades_unificadas"},"geometry":{"type":"Point","coordinates":[-43.1932,-22.805503]}},{"type":"Feature","properties":{"codigo_unidade":"1120802","nome":"EDI NEUSA MARIA GOULART BRIZOLA","tipo":"1","id_cre":11,"cod_territ":"11.5","logradouro":"AVENIDA ILHA DAS ENXADAS","bairro":"BANCÁRIOS","cep":"21910097","fonte_geo":"unidades_unificadas"},"geometry":{"type":"Point","coordinates":[-43.185002,-22.788537]}},{"type":"Feature","properties":{"codigo_unidade":"1120803","nome":"EDI TENENTE PEDRO DE LIMA MENDES","tipo":"1","id_cre":11,"cod_territ":"11.1","logradouro":"ESTRADA DAS CANÁRIAS","bairro":"GALEÃO","cep":"21941480","fonte_geo":"unidades_unificadas"},"geometry":{"type":"Point","coordinates":[-43.227872,-22.818001]}},{"type":"Feature","properties":{"codigo_unidade":"1120804","nome":"EDI PROFESSORA ANNA MARIA JESUS CONCEICAO","tipo":"1","id_cre":11,"cod_territ":"11.5","logradouro":"AVENIDA AGENOR DE ALMEIDA LOYOLA","bairro":"BANCÁRIOS","cep":"21911310","fonte_geo":"unidades_unificadas"},"geometry":{"type":"Point","coordinates":[-43.175142,-22.787578]}},{"type":"Feature","properties":{"codigo_unidade":"1202701","nome":"CREJA - CENTRO MUNICIPAL DE REFERÊNCIA DE EDUCAÇÃO DE JOVENS E ADULTOS","tipo":"1","id_cre":null,"cod_territ":null,"logradouro":"RUA DA CONCEIÇÃO","bairro":"CENTRO","cep":"20051012","fonte_geo":"ausente"},"geometry":null},{"type":"Feature","properties":{"codigo_unidade":"123456","nome":"CC TESTE","tipo":"3","id_cre":null,"cod_territ":null,"logradouro":null,"bairro":null,"cep":null,"fonte_geo":"ausente"},"geometry":null},{"type":"Feature","properties":{"codigo_unidade":"205007","nome":"ESCOLA MUNICIPAL PENEDO","tipo":"3","id_cre":null,"cod_territ":null,"logradouro":null,"bairro":null,"cep":null,"fonte_geo":"ausente"},"geometry":null},{"type":"Feature","properties":{"codigo_unidade":"2064","nome":"CP COLÉGIO RESSURREIÇÃO","tipo":"3","id_cre":null,"cod_territ":null,"logradouro":null,"bairro":null,"cep":null,"fonte_geo":"ausente"},"geometry":null},{"type":"Feature","properties":{"codigo_unidade":"4054","nome":"CP IJL FILIAL PINHEIRO","tipo":"3","id_cre":null,"cod_territ":null,"logradouro":null,"bairro":null,"cep":null,"fonte_geo":"ausente"},"geometry":null},{"type":"Feature","properties":{"codigo_unidade":"4055","nome":"CP ACERP","tipo":"3","id_cre":null,"cod_territ":null,"logradouro":null,"bairro":null,"cep":null,"fonte_geo":"ausente"},"geometry":null},{"type":"Feature","properties":{"codigo_unidade":"410202","nome":"CIEP\tYURI GAGARIN","tipo":"3","id_cre":null,"cod_territ":null,"logradouro":null,"bairro":null,"cep":null,"fonte_geo":"ausente"},"geometry":null},{"type":"Feature","properties":{"codigo_unidade":"411001","nome":"EM\tMONSENHOR ROCHA","tipo":"3","id_cre":null,"cod_territ":null,"logradouro":null,"bairro":null,"cep":null,"fonte_geo":"ausente"},"geometry":null},{"type":"Feature","properties":{"codigo_unidade":"411003","nome":"EM\tSAO VICENTE","tipo":"3","id_cre":null,"cod_territ":null,"logradouro":null,"bairro":null,"cep":null,"fonte_geo":"ausente"},"geometry":null},{"type":"Feature","properties":{"codigo_unidade":"411006","nome":"EM\tCONDE DE AGROLONGO","tipo":"3","id_cre":null,"cod_territ":null,"logradouro":null,"bairro":null,"cep":null,"fonte_geo":"ausente"},"geometry":null},{"type":"Feature","properties":{"codigo_unidade":"411007","nome":"EM\tARIOSTO ESPINHEIRA","tipo":"3","id_cre":null,"cod_territ":null,"logradouro":null,"bairro":null,"cep":null,"fonte_geo":"ausente"},"geometry":null},{"type":"Feature","properties":{"codigo_unidade":"411009","nome":"EM\tCIENTISTA MARIO KROEFF","tipo":"3","id_cre":null,"cod_territ":null,"logradouro":null,"bairro":null,"cep":null,"fonte_geo":"ausente"},"geometry":null},{"type":"Feature","properties":{"codigo_unidade":"411010","nome":"EM\tBRANT HORTA","tipo":"3","id_cre":null,"cod_territ":null,"logradouro":null,"bairro":null,"cep":null,"fonte_geo":"ausente"},"geometry":null},{"type":"Feature","properties":{"codigo_unidade":"411011","nome":"EM\tPROFESSOR AUGUSTO MOTTA","tipo":"3","id_cre":null,"cod_territ":null,"logradouro":null,"bairro":null,"cep":null,"fonte_geo":"ausente"},"geometry":null},{"type":"Feature","properties":{"codigo_unidade":"411012","nome":"EM\tJOAO MARQUES DOS REIS","tipo":"3","id_cre":null,"cod_territ":null,"logradouro":null,"bairro":null,"cep":null,"fonte_geo":"ausente"},"geometry":null},{"type":"Feature","properties":{"codigo_unidade":"411013","nome":"EM\tFERNANDO TUDE DE SOUZA","tipo":"3","id_cre":null,"cod_territ":null,"logradouro":null,"bairro":null,"cep":null,"fonte_geo":"ausente"},"geometry":null},{"type":"Feature","properties":{"codigo_unidade":"411014","nome":"EM\tJOAO DE DEUS","tipo":"3","id_cre":null,"cod_territ":null,"logradouro":null,"bairro":null,"cep":null,"fonte_geo":"ausente"},"geometry":null},{"type":"Feature","properties":{"codigo_unidade":"411015","nome":"EM\tSUICA","tipo":"3","id_cre":null,"cod_territ":null,"logradouro":null,"bairro":null,"cep":null,"fonte_geo":"ausente"},"geometry":null},{"type":"Feature","properties":{"codigo_unidade":"411016","nome":"EM\tEDMUNDO DA LUZ PINTO","tipo":"3","id_cre":null,"cod_territ":null,"logradouro":null,"bairro":null,"cep":null,"fonte_geo":"ausente"},"geometry":null},{"type":"Feature","properties":{"codigo_unidade":"411018","nome":"EM\tPROFESSOR ARY QUINTELLA","tipo":"3","id_cre":null,"cod_territ":null,"logradouro":null,"bairro":null,"cep":null,"fonte_geo":"ausente"},"geometry":null},{"type":"Feature","properties":{"codigo_unidade":"411019","nome":"EM\tPIONEIRAS SOCIAIS Nº 12","tipo":"3","id_cre":null,"cod_territ":null,"logradouro":null,"bairro":null,"cep":null,"fonte_geo":"ausente"},"geometry":null},{"type":"Feature","properties":{"codigo_unidade":"411020","nome":"EM\tGRECIA","tipo":"3","id_cre":null,"cod_territ":null,"logradouro":null,"bairro":null,"cep":null,"fonte_geo":"ausente"},"geometry":null},{"type":"Feature","properties":{"codigo_unidade":"411021","nome":"EM\tMIGUEL ANGELO","tipo":"3","id_cre":null,"cod_territ":null,"logradouro":null,"bairro":null,"cep":null,"fonte_geo":"ausente"},"geometry":null},{"type":"Feature","properties":{"codigo_unidade":"411022","nome":"EM\tMARCILIO DIAS","tipo":"3","id_cre":null,"cod_territ":null,"logradouro":null,"bairro":null,"cep":null,"fonte_geo":"ausente"},"geometry":null},{"type":"Feature","properties":{"codigo_unidade":"431001","nome":"EM ARY BARROSO","tipo":"3","id_cre":null,"cod_territ":null,"logradouro":null,"bairro":null,"cep":null,"fonte_geo":"ausente"},"geometry":null},{"type":"Feature","properties":{"codigo_unidade":"8034","nome":"CP CRECHE COMUNITÁRIA MARIA TERESA - SENADOR CAMARÁ","tipo":"3","id_cre":null,"cod_territ":null,"logradouro":null,"bairro":null,"cep":null,"fonte_geo":"ausente"},"geometry":null},{"type":"Feature","properties":{"codigo_unidade":"9052","nome":"CP INSTITUTO CRESCER & APRENDER - SANTÍSSIMO","tipo":"3","id_cre":null,"cod_territ":null,"logradouro":null,"bairro":null,"cep":null,"fonte_geo":"ausente"},"geometry":null},{"type":"Feature","properties":{"codigo_unidade":"9053","nome":"CP COLÉGIO E CURSO PROGRESSÃO","tipo":"3","id_cre":null,"cod_territ":null,"logradouro":null,"bairro":null,"cep":null,"fonte_geo":"ausente"},"geometry":null},{"type":"Feature","properties":{"codigo_unidade":"9054","nome":"CP CRECHE CRIANÇA CONTENTE","tipo":"3","id_cre":null,"cod_territ":null,"logradouro":null,"bairro":null,"cep":null,"fonte_geo":"ausente"},"geometry":null},{"type":"Feature","properties":{"codigo_unidade":"99","nome":"ESC. ESP. MARLY FROES PEIXOTO","tipo":"3","id_cre":null,"cod_territ":null,"logradouro":null,"bairro":null,"cep":null,"fonte_geo":"ausente"},"geometry":null}]}